fixed_var,fixed_value,var1,var2,median_3d
delta_c_mm,0.0,0.93,0.0,370.5196533203125
delta_c_mm,0.0,0.93,5.0,362.05560302734375
delta_c_mm,0.0,0.93,10.0,353.5930480957031
delta_c_mm,0.0,0.93,15.0,345.13372802734375
delta_c_mm,0.0,0.93,20.0,336.66790771484375
delta_c_mm,0.0,0.93,25.0,327.6351623535156
delta_c_mm,0.0,0.93,30.0,318.7574462890625
delta_c_mm,0.0,0.93,35.0,310.028564453125
delta_c_mm,0.0,0.93,40.0,301.44293212890625
delta_c_mm,0.0,0.93,45.0,292.9951171875
delta_c_mm,0.0,0.93,50.0,284.6799011230469
delta_c_mm,0.0,0.93,55.0,276.42138671875
delta_c_mm,0.0,0.93,60.0,267.63983154296875
delta_c_mm,0.0,0.93,65.0,259.4311828613281
delta_c_mm,0.0,0.93,70.0,251.34417724609375
delta_c_mm,0.0,0.93,75.0,243.32989501953125
delta_c_mm,0.0,0.93,80.0,235.38775634765625
delta_c_mm,0.0,0.93,85.0,227.51727294921875
delta_c_mm,0.0,0.93,90.0,219.71783447265625
delta_c_mm,0.0,0.93,95.0,211.9888916015625
delta_c_mm,0.0,0.93,100.0,204.33004760742188
delta_c_mm,0.0,0.93,105.0,196.7410888671875
delta_c_mm,0.0,0.93,110.0,189.2215576171875
delta_c_mm,0.0,0.93,115.0,180.95767211914062
delta_c_mm,0.0,0.93,120.0,172.25082397460938
delta_c_mm,0.0,0.93,125.0,163.58522033691406
delta_c_mm,0.0,0.93,130.0,154.96432495117188
delta_c_mm,0.0,0.93,135.0,146.39283752441406
delta_c_mm,0.0,0.93,140.0,137.8748779296875
delta_c_mm,0.0,0.935,0.0,357.17730712890625
delta_c_mm,0.0,0.935,5.0,348.62469482421875
delta_c_mm,0.0,0.935,10.0,339.3843994140625
delta_c_mm,0.0,0.935,15.0,330.30731201171875
delta_c_mm,0.0,0.935,20.0,321.3870849609375
delta_c_mm,0.0,0.935,25.0,312.6175537109375
delta_c_mm,0.0,0.935,30.0,303.9927978515625
delta_c_mm,0.0,0.935,35.0,295.50750732421875
delta_c_mm,0.0,0.935,40.0,287.15618896484375
delta_c_mm,0.0,0.935,45.0,278.9345703125
delta_c_mm,0.0,0.935,50.0,270.8380126953125
delta_c_mm,0.0,0.935,55.0,262.4045104980469
delta_c_mm,0.0,0.935,60.0,253.7728271484375
delta_c_mm,0.0,0.935,65.0,245.74072265625
delta_c_mm,0.0,0.935,70.0,237.78097534179688
delta_c_mm,0.0,0.935,75.0,229.8929901123047
delta_c_mm,0.0,0.935,80.0,222.07656860351562
delta_c_mm,0.0,0.935,85.0,214.33079528808594
delta_c_mm,0.0,0.935,90.0,206.6552734375
delta_c_mm,0.0,0.935,95.0,199.04986572265625
delta_c_mm,0.0,0.935,100.0,191.51419067382812
delta_c_mm,0.0,0.935,105.0,183.7847900390625
delta_c_mm,0.0,0.935,110.0,175.05519104003906
delta_c_mm,0.0,0.935,115.0,166.36634826660156
delta_c_mm,0.0,0.935,120.0,157.72210693359375
delta_c_mm,0.0,0.935,125.0,149.1266326904297
delta_c_mm,0.0,0.935,130.0,140.5842742919922
delta_c_mm,0.0,0.935,135.0,132.0999755859375
delta_c_mm,0.0,0.935,140.0,123.67936706542969
delta_c_mm,0.0,0.94,0.0,342.09124755859375
delta_c_mm,0.0,0.94,5.0,332.97003173828125
delta_c_mm,0.0,0.94,10.0,324.0077819824219
delta_c_mm,0.0,0.94,15.0,315.1976318359375
delta_c_mm,0.0,0.94,20.0,306.5343017578125
delta_c_mm,0.0,0.94,25.0,298.01153564453125
delta_c_mm,0.0,0.94,30.0,289.62445068359375
delta_c_mm,0.0,0.94,35.0,281.36846923828125
delta_c_mm,0.0,0.94,40.0,273.23883056640625
delta_c_mm,0.0,0.94,45.0,265.23175048828125
delta_c_mm,0.0,0.94,50.0,257.11346435546875
delta_c_mm,0.0,0.94,55.0,248.319580078125
delta_c_mm,0.0,0.94,60.0,240.162353515625
delta_c_mm,0.0,0.94,65.0,232.25732421875
delta_c_mm,0.0,0.94,70.0,224.42379760742188
delta_c_mm,0.0,0.94,75.0,216.66134643554688
delta_c_mm,0.0,0.94,80.0,208.96937561035156
delta_c_mm,0.0,0.94,85.0,201.34771728515625
delta_c_mm,0.0,0.94,90.0,193.79600524902344
delta_c_mm,0.0,0.94,95.0,186.31382751464844
delta_c_mm,0.0,0.94,100.0,177.84837341308594
delta_c_mm,0.0,0.94,105.0,169.13677978515625
delta_c_mm,0.0,0.94,110.0,160.46951293945312
delta_c_mm,0.0,0.94,115.0,151.8505859375
delta_c_mm,0.0,0.94,120.0,143.28445434570312
delta_c_mm,0.0,0.94,125.0,134.77557373046875
delta_c_mm,0.0,0.94,130.0,126.32933807373047
delta_c_mm,0.0,0.94,135.0,117.95154571533203
delta_c_mm,0.0,0.94,140.0,109.64910888671875
delta_c_mm,0.0,0.945,0.0,326.6190185546875
delta_c_mm,0.0,0.945,5.0,317.7688903808594
delta_c_mm,0.0,0.945,10.0,309.06671142578125
delta_c_mm,0.0,0.945,15.0,300.507080078125
delta_c_mm,0.0,0.945,20.0,292.08447265625
delta_c_mm,0.0,0.945,25.0,283.79412841796875
delta_c_mm,0.0,0.945,30.0,275.63165283203125
delta_c_mm,0.0,0.945,35.0,267.59271240234375
delta_c_mm,0.0,0.945,40.0,259.674072265625
delta_c_mm,0.0,0.945,45.0,251.76954650878906
delta_c_mm,0.0,0.945,50.0,242.968017578125
delta_c_mm,0.0,0.945,55.0,234.61000061035156
delta_c_mm,0.0,0.945,60.0,226.75962829589844
delta_c_mm,0.0,0.945,65.0,218.98065185546875
delta_c_mm,0.0,0.945,70.0,211.27249145507812
delta_c_mm,0.0,0.945,75.0,203.63467407226562
delta_c_mm,0.0,0.945,80.0,196.06698608398438
delta_c_mm,0.0,0.945,85.0,188.56912231445312
delta_c_mm,0.0,0.945,90.0,180.63043212890625
delta_c_mm,0.0,0.945,95.0,171.8963623046875
delta_c_mm,0.0,0.945,100.0,163.20632934570312
delta_c_mm,0.0,0.945,105.0,154.56442260742188
delta_c_mm,0.0,0.945,110.0,145.97462463378906
delta_c_mm,0.0,0.945,115.0,137.44180297851562
delta_c_mm,0.0,0.945,120.0,128.97085571289062
delta_c_mm,0.0,0.945,125.0,120.56748962402344
delta_c_mm,0.0,0.945,130.0,112.23797607421875
delta_c_mm,0.0,0.945,135.0,103.99012756347656
delta_c_mm,0.0,0.945,140.0,95.8323745727539
delta_c_mm,0.0,0.95,0.0,311.5902099609375
delta_c_mm,0.0,0.95,5.0,302.99383544921875
delta_c_mm,0.0,0.95,10.0,294.535888671875
delta_c_mm,0.0,0.95,15.0,286.2115173339844
delta_c_mm,0.0,0.95,20.0,278.01629638671875
delta_c_mm,0.0,0.95,25.0,269.94586181640625
delta_c_mm,0.0,0.95,30.0,261.9966735839844
delta_c_mm,0.0,0.95,35.0,254.1654052734375
delta_c_mm,0.0,0.95,40.0,246.375732421875
delta_c_mm,0.0,0.95,45.0,237.56959533691406
delta_c_mm,0.0,0.95,50.0,229.08395385742188
delta_c_mm,0.0,0.95,55.0,221.28863525390625
delta_c_mm,0.0,0.95,60.0,213.56431579589844
delta_c_mm,0.0,0.95,65.0,205.91070556640625
delta_c_mm,0.0,0.95,70.0,198.32723999023438
delta_c_mm,0.0,0.95,75.0,190.8138427734375
delta_c_mm,0.0,0.95,80.0,183.37020874023438
delta_c_mm,0.0,0.95,85.0,174.64483642578125
delta_c_mm,0.0,0.95,90.0,165.932373046875
delta_c_mm,0.0,0.95,95.0,157.267578125
delta_c_mm,0.0,0.95,100.0,148.65487670898438
delta_c_mm,0.0,0.95,105.0,140.098388671875
delta_c_mm,0.0,0.95,110.0,131.60330200195312
delta_c_mm,0.0,0.95,115.0,123.17475128173828
delta_c_mm,0.0,0.95,120.0,114.81919860839844
delta_c_mm,0.0,0.95,125.0,106.54375457763672
delta_c_mm,0.0,0.95,130.0,98.35659790039062
delta_c_mm,0.0,0.95,135.0,90.26813507080078
delta_c_mm,0.0,0.95,140.0,83.05323791503906
delta_c_mm,0.0,0.955,0.0,296.978515625
delta_c_mm,0.0,0.955,5.0,288.6204528808594
delta_c_mm,0.0,0.955,10.0,280.39263916015625
delta_c_mm,0.0,0.955,15.0,272.2908935546875
delta_c_mm,0.0,0.955,20.0,264.3114013671875
delta_c_mm,0.0,0.955,25.0,256.4508361816406
delta_c_mm,0.0,0.955,30.0,248.70602416992188
delta_c_mm,0.0,0.955,35.0,240.93560791015625
delta_c_mm,0.0,0.955,40.0,232.12774658203125
delta_c_mm,0.0,0.955,45.0,223.58505249023438
delta_c_mm,0.0,0.955,50.0,215.84490966796875
delta_c_mm,0.0,0.955,55.0,208.17556762695312
delta_c_mm,0.0,0.955,60.0,200.57656860351562
delta_c_mm,0.0,0.955,65.0,193.0477752685547
delta_c_mm,0.0,0.955,70.0,185.58895874023438
delta_c_mm,0.0,0.955,75.0,177.38198852539062
delta_c_mm,0.0,0.955,80.0,168.64761352539062
delta_c_mm,0.0,0.955,85.0,159.96046447753906
delta_c_mm,0.0,0.955,90.0,151.32501220703125
delta_c_mm,0.0,0.955,95.0,142.74537658691406
delta_c_mm,0.0,0.955,100.0,134.22653198242188
delta_c_mm,0.0,0.955,105.0,125.77357482910156
delta_c_mm,0.0,0.955,110.0,117.39253234863281
delta_c_mm,0.0,0.955,115.0,109.09014892578125
delta_c_mm,0.0,0.955,120.0,100.87461853027344
delta_c_mm,0.0,0.955,125.0,92.75538635253906
delta_c_mm,0.0,0.955,130.0,85.22251892089844
delta_c_mm,0.0,0.955,135.0,78.3586654663086
delta_c_mm,0.0,0.955,140.0,73.87652587890625
delta_c_mm,0.0,0.96,0.0,282.76043701171875
delta_c_mm,0.0,0.96,5.0,274.6275939941406
delta_c_mm,0.0,0.96,10.0,266.6178894042969
delta_c_mm,0.0,0.96,15.0,258.72821044921875
delta_c_mm,0.0,0.96,20.0,250.95526123046875
delta_c_mm,0.0,0.96,25.0,243.2963104248047
delta_c_mm,0.0,0.96,30.0,235.24807739257812
delta_c_mm,0.0,0.96,35.0,226.38446044921875
delta_c_mm,0.0,0.96,40.0,217.81101989746094
delta_c_mm,0.0,0.96,45.0,210.0999298095703
delta_c_mm,0.0,0.96,50.0,202.4759521484375
delta_c_mm,0.0,0.96,55.0,194.939697265625
delta_c_mm,0.0,0.96,60.0,187.4916229248047
delta_c_mm,0.0,0.96,65.0,180.10791015625
delta_c_mm,0.0,0.96,70.0,171.35159301757812
delta_c_mm,0.0,0.96,75.0,162.64251708984375
delta_c_mm,0.0,0.96,80.0,153.984619140625
delta_c_mm,0.0,0.96,85.0,145.38238525390625
delta_c_mm,0.0,0.96,90.0,136.8401641845703
delta_c_mm,0.0,0.96,95.0,128.36328125
delta_c_mm,0.0,0.96,100.0,119.9573974609375
delta_c_mm,0.0,0.96,105.0,111.62908935546875
delta_c_mm,0.0,0.96,110.0,103.38581085205078
delta_c_mm,0.0,0.96,115.0,95.23699188232422
delta_c_mm,0.0,0.96,120.0,87.40013885498047
delta_c_mm,0.0,0.96,125.0,80.4619140625
delta_c_mm,0.0,0.96,130.0,74.67369842529297
delta_c_mm,0.0,0.96,135.0,72.06997680664062
delta_c_mm,0.0,0.96,140.0,72.08834838867188
delta_c_mm,0.0,0.965,0.0,268.9161376953125
delta_c_mm,0.0,0.965,5.0,260.99749755859375
delta_c_mm,0.0,0.965,10.0,253.19650268554688
delta_c_mm,0.0,0.965,15.0,245.51040649414062
delta_c_mm,0.0,0.965,20.0,237.9368896484375
delta_c_mm,0.0,0.965,25.0,229.1407470703125
delta_c_mm,0.0,0.965,30.0,220.29913330078125
delta_c_mm,0.0,0.965,35.0,211.81997680664062
delta_c_mm,0.0,0.965,40.0,204.18292236328125
delta_c_mm,0.0,0.965,45.0,196.6336212158203
delta_c_mm,0.0,0.965,50.0,189.172607421875
delta_c_mm,0.0,0.965,55.0,181.80050659179688
delta_c_mm,0.0,0.965,60.0,174.04470825195312
delta_c_mm,0.0,0.965,65.0,165.3137969970703
delta_c_mm,0.0,0.965,70.0,156.63400268554688
delta_c_mm,0.0,0.965,75.0,148.00930786132812
delta_c_mm,0.0,0.965,80.0,139.44424438476562
delta_c_mm,0.0,0.965,85.0,130.94390869140625
delta_c_mm,0.0,0.965,90.0,122.51366424560547
delta_c_mm,0.0,0.965,95.0,114.16009521484375
delta_c_mm,0.0,0.965,100.0,105.89024353027344
delta_c_mm,0.0,0.965,105.0,97.71255493164062
delta_c_mm,0.0,0.965,110.0,89.63795471191406
delta_c_mm,0.0,0.965,115.0,82.57654571533203
delta_c_mm,0.0,0.965,120.0,75.8284912109375
delta_c_mm,0.0,0.965,125.0,72.95407104492188
delta_c_mm,0.0,0.965,130.0,71.8453598022461
delta_c_mm,0.0,0.965,135.0,73.69767761230469
delta_c_mm,0.0,0.965,140.0,75.090087890625
delta_c_mm,0.0,0.97,0.0,255.42953491210938
delta_c_mm,0.0,0.97,5.0,247.7164306640625
delta_c_mm,0.0,0.97,10.0,240.11660766601562
delta_c_mm,0.0,0.97,15.0,231.8848419189453
delta_c_mm,0.0,0.97,20.0,223.0189971923828
delta_c_mm,0.0,0.97,25.0,214.20303344726562
delta_c_mm,0.0,0.97,30.0,205.8809814453125
delta_c_mm,0.0,0.97,35.0,198.31884765625
delta_c_mm,0.0,0.97,40.0,190.8451385498047
delta_c_mm,0.0,0.97,45.0,183.4604034423828
delta_c_mm,0.0,0.97,50.0,176.1655731201172
delta_c_mm,0.0,0.97,55.0,167.97401428222656
delta_c_mm,0.0,0.97,60.0,159.27252197265625
delta_c_mm,0.0,0.97,65.0,150.62564086914062
delta_c_mm,0.0,0.97,70.0,142.038330078125
delta_c_mm,0.0,0.97,75.0,133.51492309570312
delta_c_mm,0.0,0.97,80.0,125.06099700927734
delta_c_mm,0.0,0.97,85.0,116.68269348144531
delta_c_mm,0.0,0.97,90.0,108.3867416381836
delta_c_mm,0.0,0.97,95.0,100.18146514892578
delta_c_mm,0.0,0.97,100.0,92.07684326171875
delta_c_mm,0.0,0.97,105.0,84.70052337646484
delta_c_mm,0.0,0.97,110.0,77.87454223632812
delta_c_mm,0.0,0.97,115.0,73.91194152832031
delta_c_mm,0.0,0.97,120.0,71.99425506591797
delta_c_mm,0.0,0.97,125.0,73.45523071289062
delta_c_mm,0.0,0.97,130.0,75.1398696899414
delta_c_mm,0.0,0.97,135.0,73.46588134765625
delta_c_mm,0.0,0.97,140.0,71.92803955078125
delta_c_mm,0.0,0.975,0.0,242.28846740722656
delta_c_mm,0.0,0.975,5.0,234.61676025390625
delta_c_mm,0.0,0.975,10.0,225.72705078125
delta_c_mm,0.0,0.975,15.0,216.88687133789062
delta_c_mm,0.0,0.975,20.0,208.10076904296875
delta_c_mm,0.0,0.975,25.0,199.99591064453125
delta_c_mm,0.0,0.975,30.0,192.50958251953125
delta_c_mm,0.0,0.975,35.0,185.11227416992188
delta_c_mm,0.0,0.975,40.0,177.80499267578125
delta_c_mm,0.0,0.975,45.0,170.58853149414062
delta_c_mm,0.0,0.975,50.0,161.90048217773438
delta_c_mm,0.0,0.975,55.0,153.23211669921875
delta_c_mm,0.0,0.975,60.0,144.62258911132812
delta_c_mm,0.0,0.975,65.0,136.0765380859375
delta_c_mm,0.0,0.975,70.0,127.5994644165039
delta_c_mm,0.0,0.975,75.0,119.19685363769531
delta_c_mm,0.0,0.975,80.0,110.87564086914062
delta_c_mm,0.0,0.975,85.0,102.64354705810547
delta_c_mm,0.0,0.975,90.0,94.51010131835938
delta_c_mm,0.0,0.975,95.0,86.8322982788086
delta_c_mm,0.0,0.975,100.0,79.93321228027344
delta_c_mm,0.0,0.975,105.0,74.88697814941406
delta_c_mm,0.0,0.975,110.0,72.89703369140625
delta_c_mm,0.0,0.975,115.0,73.2148208618164
delta_c_mm,0.0,0.975,120.0,74.84500122070312
delta_c_mm,0.0,0.975,125.0,75.03781127929688
delta_c_mm,0.0,0.975,130.0,72.25715637207031
delta_c_mm,0.0,0.975,135.0,72.71571350097656
delta_c_mm,0.0,0.975,140.0,74.4600830078125
delta_c_mm,0.0,0.98,0.0,228.42303466796875
delta_c_mm,0.0,0.98,5.0,219.55902099609375
delta_c_mm,0.0,0.98,10.0,210.75155639648438
delta_c_mm,0.0,0.98,15.0,202.02792358398438
delta_c_mm,0.0,0.98,20.0,194.1656951904297
delta_c_mm,0.0,0.98,25.0,186.75607299804688
delta_c_mm,0.0,0.98,30.0,179.43643188476562
delta_c_mm,0.0,0.98,35.0,172.20758056640625
delta_c_mm,0.0,0.98,40.0,164.51779174804688
delta_c_mm,0.0,0.98,45.0,155.8278350830078
delta_c_mm,0.0,0.98,50.0,147.1966552734375
delta_c_mm,0.0,0.98,55.0,138.62844848632812
delta_c_mm,0.0,0.98,60.0,130.12850952148438
delta_c_mm,0.0,0.98,65.0,121.70233154296875
delta_c_mm,0.0,0.98,70.0,113.35653686523438
delta_c_mm,0.0,0.98,75.0,105.09834289550781
delta_c_mm,0.0,0.98,80.0,96.9367904663086
delta_c_mm,0.0,0.98,85.0,88.97023010253906
delta_c_mm,0.0,0.98,90.0,82.00236511230469
delta_c_mm,0.0,0.98,95.0,75.87715148925781
delta_c_mm,0.0,0.98,100.0,73.82011413574219
delta_c_mm,0.0,0.98,105.0,72.97674560546875
delta_c_mm,0.0,0.98,110.0,74.77525329589844
delta_c_mm,0.0,0.98,115.0,75.23094177246094
delta_c_mm,0.0,0.98,120.0,72.60556030273438
delta_c_mm,0.0,0.98,125.0,72.446044921875
delta_c_mm,0.0,0.98,130.0,74.1900634765625
delta_c_mm,0.0,0.98,135.0,73.94377136230469
delta_c_mm,0.0,0.98,140.0,74.47856140136719
delta_c_mm,0.0,0.985,0.0,213.52667236328125
delta_c_mm,0.0,0.985,5.0,204.7818603515625
delta_c_mm,0.0,0.985,10.0,196.08206176757812
delta_c_mm,0.0,0.985,15.0,188.3916015625
delta_c_mm,0.0,0.985,20.0,181.0597686767578
delta_c_mm,0.0,0.985,25.0,173.81874084472656
delta_c_mm,0.0,0.985,30.0,166.669677734375
delta_c_mm,0.0,0.985,35.0,158.41319274902344
delta_c_mm,0.0,0.985,40.0,149.76058959960938
delta_c_mm,0.0,0.985,45.0,141.17047119140625
delta_c_mm,0.0,0.985,50.0,132.6480712890625
delta_c_mm,0.0,0.985,55.0,124.19877624511719
delta_c_mm,0.0,0.985,60.0,115.82890319824219
delta_c_mm,0.0,0.985,65.0,107.54534912109375
delta_c_mm,0.0,0.985,70.0,99.35665893554688
delta_c_mm,0.0,0.985,75.0,91.28012084960938
delta_c_mm,0.0,0.985,80.0,84.08030700683594
delta_c_mm,0.0,0.985,85.0,77.3010482788086
delta_c_mm,0.0,0.985,90.0,74.76138305664062
delta_c_mm,0.0,0.985,95.0,72.8250961303711
delta_c_mm,0.0,0.985,100.0,74.53793334960938
delta_c_mm,0.0,0.985,105.0,74.89131164550781
delta_c_mm,0.0,0.985,110.0,72.97245788574219
delta_c_mm,0.0,0.985,115.0,72.17881774902344
delta_c_mm,0.0,0.985,120.0,73.92234802246094
delta_c_mm,0.0,0.985,125.0,74.81504821777344
delta_c_mm,0.0,0.985,130.0,74.17767333984375
delta_c_mm,0.0,0.985,135.0,75.39640808105469
delta_c_mm,0.0,0.985,140.0,77.497802734375
delta_c_mm,0.0,0.99,0.0,198.80474853515625
delta_c_mm,0.0,0.99,5.0,190.13204956054688
delta_c_mm,0.0,0.99,10.0,182.67520141601562
delta_c_mm,0.0,0.99,15.0,175.42214965820312
delta_c_mm,0.0,0.99,20.0,168.2610321044922
delta_c_mm,0.0,0.99,25.0,160.98776245117188
delta_c_mm,0.0,0.99,30.0,152.31393432617188
delta_c_mm,0.0,0.99,35.0,143.7025604248047
delta_c_mm,0.0,0.99,40.0,135.15809631347656
delta_c_mm,0.0,0.99,45.0,126.68618774414062
delta_c_mm,0.0,0.99,50.0,118.29267883300781
delta_c_mm,0.0,0.99,55.0,109.98445129394531
delta_c_mm,0.0,0.99,60.0,101.76947021484375
delta_c_mm,0.0,0.99,65.0,93.93838500976562
delta_c_mm,0.0,0.99,70.0,86.36630249023438
delta_c_mm,0.0,0.99,75.0,79.3138427734375
delta_c_mm,0.0,0.99,80.0,75.7181625366211
delta_c_mm,0.0,0.99,85.0,73.71229553222656
delta_c_mm,0.0,0.99,90.0,74.30288696289062
delta_c_mm,0.0,0.99,95.0,74.57612609863281
delta_c_mm,0.0,0.99,100.0,74.49259948730469
delta_c_mm,0.0,0.99,105.0,72.44691467285156
delta_c_mm,0.0,0.99,110.0,73.6565933227539
delta_c_mm,0.0,0.99,115.0,75.34253692626953
delta_c_mm,0.0,0.99,120.0,74.01334381103516
delta_c_mm,0.0,0.99,125.0,74.28168487548828
delta_c_mm,0.0,0.99,130.0,77.19004821777344
delta_c_mm,0.0,0.99,135.0,78.82061767578125
delta_c_mm,0.0,0.99,140.0,80.43363952636719
delta_c_mm,0.0,0.995,0.0,184.28289794921875
delta_c_mm,0.0,0.995,5.0,177.01791381835938
delta_c_mm,0.0,0.995,10.0,169.8448486328125
delta_c_mm,0.0,0.995,15.0,162.76483154296875
delta_c_mm,0.0,0.995,20.0,154.8569793701172
delta_c_mm,0.0,0.995,25.0,146.22442626953125
delta_c_mm,0.0,0.995,30.0,137.65850830078125
delta_c_mm,0.0,0.995,35.0,129.16427612304688
delta_c_mm,0.0,0.995,40.0,120.74781036376953
delta_c_mm,0.0,0.995,45.0,112.4154052734375
delta_c_mm,0.0,0.995,50.0,104.35848999023438
delta_c_mm,0.0,0.995,55.0,96.59490203857422
delta_c_mm,0.0,0.995,60.0,88.97380828857422
delta_c_mm,0.0,0.995,65.0,81.51390075683594
delta_c_mm,0.0,0.995,70.0,76.68881225585938
delta_c_mm,0.0,0.995,75.0,74.6182632446289
delta_c_mm,0.0,0.995,80.0,74.06974792480469
delta_c_mm,0.0,0.995,85.0,75.04232025146484
delta_c_mm,0.0,0.995,90.0,75.03488159179688
delta_c_mm,0.0,0.995,95.0,72.76676940917969
delta_c_mm,0.0,0.995,100.0,73.3929443359375
delta_c_mm,0.0,0.995,105.0,75.08946990966797
delta_c_mm,0.0,0.995,110.0,74.86003112792969
delta_c_mm,0.0,0.995,115.0,74.4854736328125
delta_c_mm,0.0,0.995,120.0,76.88543701171875
delta_c_mm,0.0,0.995,125.0,78.511474609375
delta_c_mm,0.0,0.995,130.0,80.1202163696289
delta_c_mm,0.0,0.995,135.0,81.71148681640625
delta_c_mm,0.0,0.995,140.0,83.2847900390625
delta_c_mm,0.0,1.0,0.0,171.42111206054688
delta_c_mm,0.0,1.0,5.0,164.32920837402344
delta_c_mm,0.0,1.0,10.0,157.33139038085938
delta_c_mm,0.0,1.0,15.0,148.7361602783203
delta_c_mm,0.0,1.0,20.0,140.14886474609375
delta_c_mm,0.0,1.0,25.0,131.63291931152344
delta_c_mm,0.0,1.0,30.0,123.19387817382812
delta_c_mm,0.0,1.0,35.0,114.98348999023438
delta_c_mm,0.0,1.0,40.0,107.05375671386719
delta_c_mm,0.0,1.0,45.0,99.24803161621094
delta_c_mm,0.0,1.0,50.0,91.58064270019531
delta_c_mm,0.0,1.0,55.0,84.06837463378906
delta_c_mm,0.0,1.0,60.0,77.6715087890625
delta_c_mm,0.0,1.0,65.0,75.54072570800781
delta_c_mm,0.0,1.0,70.0,73.839111328125
delta_c_mm,0.0,1.0,75.0,75.52605438232422
delta_c_mm,0.0,1.0,80.0,74.67471313476562
delta_c_mm,0.0,1.0,85.0,73.10502624511719
delta_c_mm,0.0,1.0,90.0,73.13154602050781
delta_c_mm,0.0,1.0,95.0,74.8277587890625
delta_c_mm,0.0,1.0,100.0,75.72874450683594
delta_c_mm,0.0,1.0,105.0,74.80061340332031
delta_c_mm,0.0,1.0,110.0,75.92637634277344
delta_c_mm,0.0,1.0,115.0,78.20598602294922
delta_c_mm,0.0,1.0,120.0,79.81031799316406
delta_c_mm,0.0,1.0,125.0,81.39749908447266
delta_c_mm,0.0,1.0,130.0,82.96684265136719
delta_c_mm,0.0,1.0,135.0,83.38853454589844
delta_c_mm,0.0,1.0,140.0,84.33332061767578
delta_c_mm,0.0,1.005,0.0,158.87669372558594
delta_c_mm,0.0,1.005,5.0,151.23751831054688
delta_c_mm,0.0,1.005,10.0,142.62939453125
delta_c_mm,0.0,1.005,15.0,134.09201049804688
delta_c_mm,0.0,1.005,20.0,125.78682708740234
delta_c_mm,0.0,1.005,25.0,117.71028900146484
delta_c_mm,0.0,1.005,30.0,109.74357604980469
delta_c_mm,0.0,1.005,35.0,101.8977279663086
delta_c_mm,0.0,1.005,40.0,94.18576049804688
delta_c_mm,0.0,1.005,45.0,86.62394714355469
delta_c_mm,0.0,1.005,50.0,79.2315673828125
delta_c_mm,0.0,1.005,55.0,76.47781372070312
delta_c_mm,0.0,1.005,60.0,74.46290588378906
delta_c_mm,0.0,1.005,65.0,75.3543930053711
delta_c_mm,0.0,1.005,70.0,74.6032485961914
delta_c_mm,0.0,1.005,75.0,73.91936492919922
delta_c_mm,0.0,1.005,80.0,72.87222290039062
delta_c_mm,0.0,1.005,85.0,74.56782531738281
delta_c_mm,0.0,1.005,90.0,75.92222595214844
delta_c_mm,0.0,1.005,95.0,74.87959289550781
delta_c_mm,0.0,1.005,100.0,74.82810974121094
delta_c_mm,0.0,1.005,105.0,77.90363311767578
delta_c_mm,0.0,1.005,110.0,79.50372314453125
delta_c_mm,0.0,1.005,115.0,81.08659362792969
delta_c_mm,0.0,1.005,120.0,82.65213012695312
delta_c_mm,0.0,1.005,125.0,84.19973754882812
delta_c_mm,0.0,1.005,130.0,83.85181427001953
delta_c_mm,0.0,1.005,135.0,84.60101318359375
delta_c_mm,0.0,1.005,140.0,83.42633819580078
delta_c_mm,0.0,1.01,0.0,145.4530029296875
delta_c_mm,0.0,1.01,5.0,136.963134765625
delta_c_mm,0.0,1.01,10.0,128.53939819335938
delta_c_mm,0.0,1.01,15.0,120.42959594726562
delta_c_mm,0.0,1.01,20.0,112.4271240234375
delta_c_mm,0.0,1.01,25.0,104.54265594482422
delta_c_mm,0.0,1.01,30.0,96.78831481933594
delta_c_mm,0.0,1.01,35.0,89.17912292480469
delta_c_mm,0.0,1.01,40.0,81.73335266113281
delta_c_mm,0.0,1.01,45.0,77.42753601074219
delta_c_mm,0.0,1.01,50.0,75.34993743896484
delta_c_mm,0.0,1.01,55.0,75.12654113769531
delta_c_mm,0.0,1.01,60.0,75.04729461669922
delta_c_mm,0.0,1.01,65.0,74.87400817871094
delta_c_mm,0.0,1.01,70.0,72.92369079589844
delta_c_mm,0.0,1.01,75.0,74.31013488769531
delta_c_mm,0.0,1.01,80.0,75.87614440917969
delta_c_mm,0.0,1.01,85.0,75.72410583496094
delta_c_mm,0.0,1.01,90.0,74.48881530761719
delta_c_mm,0.0,1.01,95.0,77.56839752197266
delta_c_mm,0.0,1.01,100.0,79.20036315917969
delta_c_mm,0.0,1.01,105.0,80.77922058105469
delta_c_mm,0.0,1.01,110.0,82.34077453613281
delta_c_mm,0.0,1.01,115.0,83.88475036621094
delta_c_mm,0.0,1.01,120.0,83.39410400390625
delta_c_mm,0.0,1.01,125.0,84.2516098022461
delta_c_mm,0.0,1.01,130.0,84.10289764404297
delta_c_mm,0.0,1.01,135.0,82.71293640136719
delta_c_mm,0.0,1.01,140.0,83.94186401367188
delta_c_mm,0.0,1.015,0.0,131.47096252441406
delta_c_mm,0.0,1.015,5.0,123.14093780517578
delta_c_mm,0.0,1.015,10.0,115.10394287109375
delta_c_mm,0.0,1.015,15.0,107.18223571777344
delta_c_mm,0.0,1.015,20.0,99.38722229003906
delta_c_mm,0.0,1.015,25.0,91.73303985595703
delta_c_mm,0.0,1.015,30.0,84.23655700683594
delta_c_mm,0.0,1.015,35.0,78.38868713378906
delta_c_mm,0.0,1.015,40.0,76.25241088867188
delta_c_mm,0.0,1.015,45.0,74.90082550048828
delta_c_mm,0.0,1.015,50.0,75.504150390625
delta_c_mm,0.0,1.015,55.0,74.49288940429688
delta_c_mm,0.0,1.015,60.0,73.23334503173828
delta_c_mm,0.0,1.015,65.0,74.05471801757812
delta_c_mm,0.0,1.015,70.0,75.70559692382812
delta_c_mm,0.0,1.015,75.0,76.58883666992188
delta_c_mm,0.0,1.015,80.0,74.79617309570312
delta_c_mm,0.0,1.015,85.0,76.47492980957031
delta_c_mm,0.0,1.015,90.0,78.90022277832031
delta_c_mm,0.0,1.015,95.0,80.4749526977539
delta_c_mm,0.0,1.015,100.0,82.03269958496094
delta_c_mm,0.0,1.015,105.0,83.57292938232422
delta_c_mm,0.0,1.015,110.0,83.91368103027344
delta_c_mm,0.0,1.015,115.0,84.40827178955078
delta_c_mm,0.0,1.015,120.0,84.79244995117188
delta_c_mm,0.0,1.015,125.0,82.33760833740234
delta_c_mm,0.0,1.015,130.0,83.47945404052734
delta_c_mm,0.0,1.015,135.0,85.47401428222656
delta_c_mm,0.0,1.015,140.0,88.23037719726562
delta_c_mm,0.0,1.02,0.0,117.77356719970703
delta_c_mm,0.0,1.02,5.0,109.81597900390625
delta_c_mm,0.0,1.02,10.0,101.98188781738281
delta_c_mm,0.0,1.02,15.0,94.28466796875
delta_c_mm,0.0,1.02,20.0,86.73991394042969
delta_c_mm,0.0,1.02,25.0,79.36738586425781
delta_c_mm,0.0,1.02,30.0,77.16849517822266
delta_c_mm,0.0,1.02,35.0,75.1507568359375
delta_c_mm,0.0,1.02,40.0,75.97308349609375
delta_c_mm,0.0,1.02,45.0,74.62397003173828
delta_c_mm,0.0,1.02,50.0,73.92054748535156
delta_c_mm,0.0,1.02,55.0,73.80094909667969
delta_c_mm,0.0,1.02,60.0,75.45137023925781
delta_c_mm,0.0,1.02,65.0,76.51205444335938
delta_c_mm,0.0,1.02,70.0,75.3863296508789
delta_c_mm,0.0,1.02,75.0,75.3923568725586
delta_c_mm,0.0,1.02,80.0,78.60340118408203
delta_c_mm,0.0,1.02,85.0,80.173828125
delta_c_mm,0.0,1.02,90.0,81.72753143310547
delta_c_mm,0.0,1.02,95.0,83.26410675048828
delta_c_mm,0.0,1.02,100.0,84.78312683105469
delta_c_mm,0.0,1.02,105.0,83.9251937866211
delta_c_mm,0.0,1.02,110.0,85.49468994140625
delta_c_mm,0.0,1.02,115.0,83.94025421142578
delta_c_mm,0.0,1.02,120.0,83.03236389160156
delta_c_mm,0.0,1.02,125.0,85.07859802246094
delta_c_mm,0.0,1.02,130.0,87.30416870117188
delta_c_mm,0.0,1.02,135.0,91.52213287353516
delta_c_mm,0.0,1.02,140.0,95.40896606445312
delta_c_mm,0.0,1.025,0.0,104.571533203125
delta_c_mm,0.0,1.025,5.0,96.8330078125
delta_c_mm,0.0,1.025,10.0,89.24250793457031
delta_c_mm,0.0,1.025,15.0,81.81800079345703
delta_c_mm,0.0,1.025,20.0,78.09658813476562
delta_c_mm,0.0,1.025,25.0,76.01771545410156
delta_c_mm,0.0,1.025,30.0,76.14884948730469
delta_c_mm,0.0,1.025,35.0,75.04081726074219
delta_c_mm,0.0,1.025,40.0,74.7620849609375
delta_c_mm,0.0,1.025,45.0,73.54939270019531
delta_c_mm,0.0,1.025,50.0,75.19935607910156
delta_c_mm,0.0,1.025,55.0,76.44432067871094
delta_c_mm,0.0,1.025,60.0,76.52244567871094
delta_c_mm,0.0,1.025,65.0,74.48902893066406
delta_c_mm,0.0,1.025,70.0,78.11769104003906
delta_c_mm,0.0,1.025,75.0,79.87603759765625
delta_c_mm,0.0,1.025,80.0,81.42581176757812
delta_c_mm,0.0,1.025,85.0,82.95845031738281
delta_c_mm,0.0,1.025,90.0,84.47399139404297
delta_c_mm,0.0,1.025,95.0,83.46544647216797
delta_c_mm,0.0,1.025,100.0,85.04576873779297
delta_c_mm,0.0,1.025,105.0,84.99464416503906
delta_c_mm,0.0,1.025,110.0,82.60101318359375
delta_c_mm,0.0,1.025,115.0,83.82510375976562
delta_c_mm,0.0,1.025,120.0,86.83987426757812
delta_c_mm,0.0,1.025,125.0,90.24009704589844
delta_c_mm,0.0,1.025,130.0,94.13516235351562
delta_c_mm,0.0,1.025,135.0,97.32559204101562
delta_c_mm,0.0,1.025,140.0,98.66724395751953
delta_c_mm,0.0,1.03,0.0,91.74295806884766
delta_c_mm,0.0,1.03,5.0,84.26914978027344
delta_c_mm,0.0,1.03,10.0,79.0352783203125
delta_c_mm,0.0,1.03,15.0,76.89916229248047
delta_c_mm,0.0,1.03,20.0,75.92769622802734
delta_c_mm,0.0,1.03,25.0,75.47053527832031
delta_c_mm,0.0,1.03,30.0,74.34855651855469
delta_c_mm,0.0,1.03,35.0,73.3621826171875
delta_c_mm,0.0,1.03,40.0,74.94927215576172
delta_c_mm,0.0,1.03,45.0,76.39732360839844
delta_c_mm,0.0,1.03,50.0,76.8548583984375
delta_c_mm,0.0,1.03,55.0,74.78900909423828
delta_c_mm,0.0,1.03,60.0,77.03980255126953
delta_c_mm,0.0,1.03,65.0,79.58132934570312
delta_c_mm,0.0,1.03,70.0,81.1270523071289
delta_c_mm,0.0,1.03,75.0,82.65611267089844
delta_c_mm,0.0,1.03,80.0,84.1680908203125
delta_c_mm,0.0,1.03,85.0,84.02497100830078
delta_c_mm,0.0,1.03,90.0,84.42198181152344
delta_c_mm,0.0,1.03,95.0,85.67218780517578
delta_c_mm,0.0,1.03,100.0,82.59440612792969
delta_c_mm,0.0,1.03,105.0,83.38089752197266
delta_c_mm,0.0,1.03,110.0,86.42570495605469
delta_c_mm,0.0,1.03,115.0,88.6856918334961
delta_c_mm,0.0,1.03,120.0,92.86832427978516
delta_c_mm,0.0,1.03,125.0,96.71907043457031
delta_c_mm,0.0,1.03,130.0,98.33419036865234
delta_c_mm,0.0,1.03,135.0,100.30293273925781
delta_c_mm,0.0,1.03,140.0,103.3681411743164
delta_c_mm,0.0,1.035,0.0,79.98304748535156
delta_c_mm,0.0,1.035,5.0,77.79342651367188
delta_c_mm,0.0,1.035,10.0,75.77857971191406
delta_c_mm,0.0,1.035,15.0,75.91275024414062
delta_c_mm,0.0,1.035,20.0,74.63906860351562
delta_c_mm,0.0,1.035,25.0,74.20441436767578
delta_c_mm,0.0,1.035,30.0,74.70121765136719
delta_c_mm,0.0,1.035,35.0,76.30838012695312
delta_c_mm,0.0,1.035,40.0,77.11394500732422
delta_c_mm,0.0,1.035,45.0,75.39451599121094
delta_c_mm,0.0,1.035,50.0,75.9725341796875
delta_c_mm,0.0,1.035,55.0,79.28975677490234
delta_c_mm,0.0,1.035,60.0,80.83137512207031
delta_c_mm,0.0,1.035,65.0,82.35672760009766
delta_c_mm,0.0,1.035,70.0,83.864990234375
delta_c_mm,0.0,1.035,75.0,85.34905242919922
delta_c_mm,0.0,1.035,80.0,84.0263671875
delta_c_mm,0.0,1.035,85.0,86.36155700683594
delta_c_mm,0.0,1.035,90.0,84.17615509033203
delta_c_mm,0.0,1.035,95.0,82.95173645019531
delta_c_mm,0.0,1.035,100.0,85.60887145996094
delta_c_mm,0.0,1.035,105.0,88.20379638671875
delta_c_mm,0.0,1.035,110.0,91.60808563232422
delta_c_mm,0.0,1.035,115.0,95.46675872802734
delta_c_mm,0.0,1.035,120.0,98.00401306152344
delta_c_mm,0.0,1.035,125.0,99.32482147216797
delta_c_mm,0.0,1.035,130.0,102.5167236328125
delta_c_mm,0.0,1.035,135.0,104.3376693725586
delta_c_mm,0.0,1.035,140.0,105.61974334716797
delta_c_mm,0.0,1.04,0.0,76.62437438964844
delta_c_mm,0.0,1.04,5.0,76.36668395996094
delta_c_mm,0.0,1.04,10.0,75.02810668945312
delta_c_mm,0.0,1.04,15.0,75.05862426757812
delta_c_mm,0.0,1.04,20.0,74.4552001953125
delta_c_mm,0.0,1.04,25.0,76.06195068359375
delta_c_mm,0.0,1.04,30.0,77.02500915527344
delta_c_mm,0.0,1.04,35.0,76.489990234375
delta_c_mm,0.0,1.04,40.0,74.91636657714844
delta_c_mm,0.0,1.04,45.0,78.68252563476562
delta_c_mm,0.0,1.04,50.0,80.53910064697266
delta_c_mm,0.0,1.04,55.0,82.06056213378906
delta_c_mm,0.0,1.04,60.0,83.56526184082031
delta_c_mm,0.0,1.04,65.0,85.05316162109375
delta_c_mm,0.0,1.04,70.0,83.56391906738281
delta_c_mm,0.0,1.04,75.0,85.84835052490234
delta_c_mm,0.0,1.04,80.0,85.75666809082031
delta_c_mm,0.0,1.04,85.0,82.5380859375
delta_c_mm,0.0,1.04,90.0,84.0408935546875
delta_c_mm,0.0,1.04,95.0,87.74823760986328
delta_c_mm,0.0,1.04,100.0,90.35482788085938
delta_c_mm,0.0,1.04,105.0,94.2212905883789
delta_c_mm,0.0,1.04,110.0,97.67678833007812
delta_c_mm,0.0,1.04,115.0,98.99555969238281
delta_c_mm,0.0,1.04,120.0,101.2429428100586
delta_c_mm,0.0,1.04,125.0,104.00956726074219
delta_c_mm,0.0,1.04,130.0,105.28990173339844
delta_c_mm,0.0,1.04,135.0,106.55436706542969
delta_c_mm,0.0,1.04,140.0,109.46766662597656
delta_c_mm,0.0,1.045,0.0,75.43067169189453
delta_c_mm,0.0,1.045,5.0,74.61691284179688
delta_c_mm,0.0,1.045,10.0,74.21084594726562
delta_c_mm,0.0,1.045,15.0,75.81719970703125
delta_c_mm,0.0,1.045,20.0,76.95616149902344
delta_c_mm,0.0,1.045,25.0,76.81600952148438
delta_c_mm,0.0,1.045,30.0,75.34077453613281
delta_c_mm,0.0,1.045,35.0,77.61957550048828
delta_c_mm,0.0,1.045,40.0,80.24945068359375
delta_c_mm,0.0,1.045,45.0,81.76716613769531
delta_c_mm,0.0,1.045,50.0,83.26829528808594
delta_c_mm,0.0,1.045,55.0,84.75283813476562
delta_c_mm,0.0,1.045,60.0,83.7557373046875
delta_c_mm,0.0,1.045,65.0,85.2273178100586
delta_c_mm,0.0,1.045,70.0,86.5254898071289
delta_c_mm,0.0,1.045,75.0,82.81565856933594
delta_c_mm,0.0,1.045,80.0,83.32984924316406
delta_c_mm,0.0,1.045,85.0,87.2928466796875
delta_c_mm,0.0,1.045,90.0,89.1632080078125
delta_c_mm,0.0,1.045,95.0,92.98223876953125
delta_c_mm,0.0,1.045,100.0,96.8040542602539
delta_c_mm,0.0,1.045,105.0,98.66915893554688
delta_c_mm,0.0,1.045,110.0,99.9697265625
delta_c_mm,0.0,1.045,115.0,103.36158752441406
delta_c_mm,0.0,1.045,120.0,104.962646484375
delta_c_mm,0.0,1.045,125.0,106.22525787353516
delta_c_mm,0.0,1.045,130.0,108.30961608886719
delta_c_mm,0.0,1.045,135.0,111.6234130859375
delta_c_mm,0.0,1.045,140.0,112.77876281738281
delta_c_mm,0.0,1.05,0.0,74.44344329833984
delta_c_mm,0.0,1.05,5.0,75.5745620727539
delta_c_mm,0.0,1.05,10.0,76.90714263916016
delta_c_mm,0.0,1.05,15.0,77.14120483398438
delta_c_mm,0.0,1.05,20.0,76.12515258789062
delta_c_mm,0.0,1.05,25.0,76.56721496582031
delta_c_mm,0.0,1.05,30.0,79.96304321289062
delta_c_mm,0.0,1.05,35.0,81.47685241699219
delta_c_mm,0.0,1.05,40.0,82.97445678710938
delta_c_mm,0.0,1.05,45.0,84.45556640625
delta_c_mm,0.0,1.05,50.0,85.30076599121094
delta_c_mm,0.0,1.05,55.0,84.2349624633789
delta_c_mm,0.0,1.05,60.0,87.20235443115234
delta_c_mm,0.0,1.05,65.0,84.37680053710938
delta_c_mm,0.0,1.05,70.0,82.91731262207031
delta_c_mm,0.0,1.05,75.0,86.11552429199219
delta_c_mm,0.0,1.05,80.0,88.63752746582031
delta_c_mm,0.0,1.05,85.0,91.74993896484375
delta_c_mm,0.0,1.05,90.0,95.57936096191406
delta_c_mm,0.0,1.05,95.0,98.34556579589844
delta_c_mm,0.0,1.05,100.0,99.64419555664062
delta_c_mm,0.0,1.05,105.0,102.10682678222656
delta_c_mm,0.0,1.05,110.0,104.63838195800781
delta_c_mm,0.0,1.05,115.0,105.89920043945312
delta_c_mm,0.0,1.05,120.0,107.15943908691406
delta_c_mm,0.0,1.05,125.0,110.59954833984375
delta_c_mm,0.0,1.05,130.0,112.46017456054688
delta_c_mm,0.0,1.05,135.0,113.60145568847656
delta_c_mm,0.0,1.05,140.0,114.73124694824219
delta_c_mm,0.0,1.055,0.0,76.87763214111328
delta_c_mm,0.0,1.055,5.0,77.46600341796875
delta_c_mm,0.0,1.055,10.0,76.61319732666016
delta_c_mm,0.0,1.055,15.0,75.52543640136719
delta_c_mm,0.0,1.055,20.0,79.26129150390625
delta_c_mm,0.0,1.055,25.0,81.18962097167969
delta_c_mm,0.0,1.055,30.0,82.68347930908203
delta_c_mm,0.0,1.055,35.0,84.16121673583984
delta_c_mm,0.0,1.055,40.0,85.58521270751953
delta_c_mm,0.0,1.055,45.0,83.68882751464844
delta_c_mm,0.0,1.055,50.0,86.65869903564453
delta_c_mm,0.0,1.055,55.0,85.93653106689453
delta_c_mm,0.0,1.055,60.0,82.5197982788086
delta_c_mm,0.0,1.055,65.0,84.58158874511719
delta_c_mm,0.0,1.055,70.0,88.16561889648438
delta_c_mm,0.0,1.055,75.0,90.52442932128906
delta_c_mm,0.0,1.055,80.0,94.36099243164062
delta_c_mm,0.0,1.055,85.0,98.02474975585938
delta_c_mm,0.0,1.055,90.0,99.32136535644531
delta_c_mm,0.0,1.055,95.0,100.85834503173828
delta_c_mm,0.0,1.055,100.0,104.21525573730469
delta_c_mm,0.0,1.055,105.0,105.57588195800781
delta_c_mm,0.0,1.055,110.0,106.81944274902344
delta_c_mm,0.0,1.055,115.0,109.45185089111328
delta_c_mm,0.0,1.055,120.0,112.14463806152344
delta_c_mm,0.0,1.055,125.0,113.28372955322266
delta_c_mm,0.0,1.055,130.0,114.4112548828125
delta_c_mm,0.0,1.055,135.0,115.52842712402344
delta_c_mm,0.0,1.055,140.0,116.63639068603516
delta_c_mm,0.0,1.06,0.0,76.7701416015625
delta_c_mm,0.0,1.06,5.0,76.04116821289062
delta_c_mm,0.0,1.06,10.0,78.21307373046875
delta_c_mm,0.0,1.06,15.0,80.90509033203125
delta_c_mm,0.0,1.06,20.0,82.39541625976562
delta_c_mm,0.0,1.06,25.0,83.86965942382812
delta_c_mm,0.0,1.06,30.0,85.32759094238281
delta_c_mm,0.0,1.06,35.0,83.43833923339844
delta_c_mm,0.0,1.06,40.0,86.04066467285156
delta_c_mm,0.0,1.06,45.0,87.35305786132812
delta_c_mm,0.0,1.06,50.0,83.00263977050781
delta_c_mm,0.0,1.06,55.0,83.5748062133789
delta_c_mm,0.0,1.06,60.0,87.74629974365234
delta_c_mm,0.0,1.06,65.0,89.54240417480469
delta_c_mm,0.0,1.06,70.0,93.14921569824219
delta_c_mm,0.0,1.06,75.0,96.94126892089844
delta_c_mm,0.0,1.06,80.0,99.00141143798828
delta_c_mm,0.0,1.06,85.0,100.28035736083984
delta_c_mm,0.0,1.06,90.0,102.97895812988281
delta_c_mm,0.0,1.06,95.0,105.25534057617188
delta_c_mm,0.0,1.06,100.0,106.49701690673828
delta_c_mm,0.0,1.06,105.0,108.31126403808594
delta_c_mm,0.0,1.06,110.0,111.72476196289062
delta_c_mm,0.0,1.06,115.0,112.96878051757812
delta_c_mm,0.0,1.06,120.0,114.09428405761719
delta_c_mm,0.0,1.06,125.0,115.20912170410156
delta_c_mm,0.0,1.06,130.0,116.31407928466797
delta_c_mm,0.0,1.06,135.0,118.1835708618164
delta_c_mm,0.0,1.06,140.0,121.81658172607422
delta_c_mm,0.0,1.065,0.0,77.17508697509766
delta_c_mm,0.0,1.065,5.0,80.6239013671875
delta_c_mm,0.0,1.065,10.0,82.11054992675781
delta_c_mm,0.0,1.065,15.0,83.58128356933594
delta_c_mm,0.0,1.065,20.0,85.03573608398438
delta_c_mm,0.0,1.065,25.0,84.94203186035156
delta_c_mm,0.0,1.065,30.0,85.30758666992188
delta_c_mm,0.0,1.065,35.0,88.01753234863281
delta_c_mm,0.0,1.065,40.0,84.54328918457031
delta_c_mm,0.0,1.065,45.0,83.2130126953125
delta_c_mm,0.0,1.065,50.0,86.67404174804688
delta_c_mm,0.0,1.065,55.0,89.05343627929688
delta_c_mm,0.0,1.065,60.0,91.94393920898438
delta_c_mm,0.0,1.065,65.0,95.7430191040039
delta_c_mm,0.0,1.065,70.0,98.68414306640625
delta_c_mm,0.0,1.065,75.0,99.96116638183594
delta_c_mm,0.0,1.065,80.0,101.74913024902344
delta_c_mm,0.0,1.065,85.0,104.93766784667969
delta_c_mm,0.0,1.065,90.0,106.17755126953125
delta_c_mm,0.0,1.065,95.0,107.40249633789062
delta_c_mm,0.0,1.065,100.0,110.58721923828125
delta_c_mm,0.0,1.065,105.0,112.65684509277344
delta_c_mm,0.0,1.065,110.0,113.78016662597656
delta_c_mm,0.0,1.065,115.0,114.892578125
delta_c_mm,0.0,1.065,120.0,115.9952163696289
delta_c_mm,0.0,1.065,125.0,117.0888671875
delta_c_mm,0.0,1.065,130.0,120.0875015258789
delta_c_mm,0.0,1.065,135.0,124.52056884765625
delta_c_mm,0.0,1.065,140.0,129.03013610839844
delta_c_mm,0.0,1.07,0.0,81.828369140625
delta_c_mm,0.0,1.07,5.0,83.29563903808594
delta_c_mm,0.0,1.07,10.0,84.74674224853516
delta_c_mm,0.0,1.07,15.0,85.46415710449219
delta_c_mm,0.0,1.07,20.0,84.01736450195312
delta_c_mm,0.0,1.07,25.0,87.47613525390625
delta_c_mm,0.0,1.07,30.0,86.08236694335938
delta_c_mm,0.0,1.07,35.0,82.85627746582031
delta_c_mm,0.0,1.07,40.0,85.1724853515625
delta_c_mm,0.0,1.07,45.0,88.6160888671875
delta_c_mm,0.0,1.07,50.0,90.6006851196289
delta_c_mm,0.0,1.07,55.0,94.55110168457031
delta_c_mm,0.0,1.07,60.0,98.30602264404297
delta_c_mm,0.0,1.07,65.0,99.64488220214844
delta_c_mm,0.0,1.07,70.0,100.88983917236328
delta_c_mm,0.0,1.07,75.0,103.85833740234375
delta_c_mm,0.0,1.07,80.0,105.86061096191406
delta_c_mm,0.0,1.07,85.0,107.08384704589844
delta_c_mm,0.0,1.07,90.0,109.45649719238281
delta_c_mm,0.0,1.07,95.0,112.34768676757812
delta_c_mm,0.0,1.07,100.0,113.46897888183594
delta_c_mm,0.0,1.07,105.0,114.57911682128906
delta_c_mm,0.0,1.07,110.0,115.67927551269531
delta_c_mm,0.0,1.07,115.0,116.77017974853516
delta_c_mm,0.0,1.07,120.0,118.87763977050781
delta_c_mm,0.0,1.07,125.0,122.86196899414062
delta_c_mm,0.0,1.07,130.0,127.342041015625
delta_c_mm,0.0,1.07,135.0,131.8228759765625
delta_c_mm,0.0,1.07,140.0,136.29766845703125
s,1.0,-60.0,0.0,271.639404296875
s,1.0,-60.0,5.0,262.765380859375
s,1.0,-60.0,10.0,253.92291259765625
s,1.0,-60.0,15.0,245.7403564453125
s,1.0,-60.0,20.0,238.29783630371094
s,1.0,-60.0,25.0,230.63568115234375
s,1.0,-60.0,30.0,221.78762817382812
s,1.0,-60.0,35.0,212.9810791015625
s,1.0,-60.0,40.0,204.21926879882812
s,1.0,-60.0,45.0,195.5052490234375
s,1.0,-60.0,50.0,186.84249877929688
s,1.0,-60.0,55.0,178.60592651367188
s,1.0,-60.0,60.0,171.42111206054688
s,1.0,-60.0,65.0,164.32920837402344
s,1.0,-60.0,70.0,157.33139038085938
s,1.0,-60.0,75.0,148.7361602783203
s,1.0,-60.0,80.0,140.14892578125
s,1.0,-60.0,85.0,131.63291931152344
s,1.0,-60.0,90.0,123.19387817382812
s,1.0,-60.0,95.0,114.98360443115234
s,1.0,-60.0,100.0,107.05375671386719
s,1.0,-60.0,105.0,99.24812316894531
s,1.0,-60.0,110.0,91.58058166503906
s,1.0,-60.0,115.0,84.06842041015625
s,1.0,-60.0,120.0,77.67156219482422
s,1.0,-60.0,125.0,75.54067993164062
s,1.0,-60.0,130.0,73.83907318115234
s,1.0,-60.0,135.0,75.52597045898438
s,1.0,-60.0,140.0,74.67471313476562
s,1.0,-50.0,0.0,253.92291259765625
s,1.0,-50.0,5.0,245.7403564453125
s,1.0,-50.0,10.0,238.29783630371094
s,1.0,-50.0,15.0,230.63568115234375
s,1.0,-50.0,20.0,221.78762817382812
s,1.0,-50.0,25.0,212.9810791015625
s,1.0,-50.0,30.0,204.21926879882812
s,1.0,-50.0,35.0,195.5052490234375
s,1.0,-50.0,40.0,186.84249877929688
s,1.0,-50.0,45.0,178.60592651367188
s,1.0,-50.0,50.0,171.42111206054688
s,1.0,-50.0,55.0,164.32920837402344
s,1.0,-50.0,60.0,157.33139038085938
s,1.0,-50.0,65.0,148.7361602783203
s,1.0,-50.0,70.0,140.14892578125
s,1.0,-50.0,75.0,131.63291931152344
s,1.0,-50.0,80.0,123.19387817382812
s,1.0,-50.0,85.0,114.98360443115234
s,1.0,-50.0,90.0,107.05375671386719
s,1.0,-50.0,95.0,99.24812316894531
s,1.0,-50.0,100.0,91.58058166503906
s,1.0,-50.0,105.0,84.06842041015625
s,1.0,-50.0,110.0,77.67156219482422
s,1.0,-50.0,115.0,75.54067993164062
s,1.0,-50.0,120.0,73.83907318115234
s,1.0,-50.0,125.0,75.52597045898438
s,1.0,-50.0,130.0,74.67471313476562
s,1.0,-50.0,135.0,73.10502624511719
s,1.0,-50.0,140.0,73.13155364990234
s,1.0,-40.0,0.0,238.29783630371094
s,1.0,-40.0,5.0,230.63568115234375
s,1.0,-40.0,10.0,221.78762817382812
s,1.0,-40.0,15.0,212.9810791015625
s,1.0,-40.0,20.0,204.21926879882812
s,1.0,-40.0,25.0,195.5052490234375
s,1.0,-40.0,30.0,186.84249877929688
s,1.0,-40.0,35.0,178.60592651367188
s,1.0,-40.0,40.0,171.42111206054688
s,1.0,-40.0,45.0,164.32920837402344
s,1.0,-40.0,50.0,157.33139038085938
s,1.0,-40.0,55.0,148.7361602783203
s,1.0,-40.0,60.0,140.14886474609375
s,1.0,-40.0,65.0,131.63291931152344
s,1.0,-40.0,70.0,123.19387817382812
s,1.0,-40.0,75.0,114.98360443115234
s,1.0,-40.0,80.0,107.05375671386719
s,1.0,-40.0,85.0,99.24812316894531
s,1.0,-40.0,90.0,91.58058166503906
s,1.0,-40.0,95.0,84.06842041015625
s,1.0,-40.0,100.0,77.67156219482422
s,1.0,-40.0,105.0,75.54067993164062
s,1.0,-40.0,110.0,73.83907318115234
s,1.0,-40.0,115.0,75.52597045898438
s,1.0,-40.0,120.0,74.67471313476562
s,1.0,-40.0,125.0,73.10502624511719
s,1.0,-40.0,130.0,73.13155364990234
s,1.0,-40.0,135.0,74.8277587890625
s,1.0,-40.0,140.0,75.72874450683594
s,1.0,-30.0,0.0,221.78762817382812
s,1.0,-30.0,5.0,212.9810791015625
s,1.0,-30.0,10.0,204.21926879882812
s,1.0,-30.0,15.0,195.5052490234375
s,1.0,-30.0,20.0,186.84249877929688
s,1.0,-30.0,25.0,178.60592651367188
s,1.0,-30.0,30.0,171.42111206054688
s,1.0,-30.0,35.0,164.32920837402344
s,1.0,-30.0,40.0,157.33139038085938
s,1.0,-30.0,45.0,148.7361602783203
s,1.0,-30.0,50.0,140.14886474609375
s,1.0,-30.0,55.0,131.63291931152344
s,1.0,-30.0,60.0,123.19387817382812
s,1.0,-30.0,65.0,114.98360443115234
s,1.0,-30.0,70.0,107.05375671386719
s,1.0,-30.0,75.0,99.24812316894531
s,1.0,-30.0,80.0,91.58058166503906
s,1.0,-30.0,85.0,84.06842041015625
s,1.0,-30.0,90.0,77.67156219482422
s,1.0,-30.0,95.0,75.54067993164062
s,1.0,-30.0,100.0,73.83907318115234
s,1.0,-30.0,105.0,75.52597045898438
s,1.0,-30.0,110.0,74.67471313476562
s,1.0,-30.0,115.0,73.10502624511719
s,1.0,-30.0,120.0,73.13155364990234
s,1.0,-30.0,125.0,74.8277587890625
s,1.0,-30.0,130.0,75.72874450683594
s,1.0,-30.0,135.0,74.80061340332031
s,1.0,-30.0,140.0,75.92637634277344
s,1.0,-20.0,0.0,204.21926879882812
s,1.0,-20.0,5.0,195.5052490234375
s,1.0,-20.0,10.0,186.84249877929688
s,1.0,-20.0,15.0,178.60592651367188
s,1.0,-20.0,20.0,171.42111206054688
s,1.0,-20.0,25.0,164.32920837402344
s,1.0,-20.0,30.0,157.33139038085938
s,1.0,-20.0,35.0,148.7361602783203
s,1.0,-20.0,40.0,140.14886474609375
s,1.0,-20.0,45.0,131.63291931152344
s,1.0,-20.0,50.0,123.19387817382812
s,1.0,-20.0,55.0,114.98353576660156
s,1.0,-20.0,60.0,107.05375671386719
s,1.0,-20.0,65.0,99.24812316894531
s,1.0,-20.0,70.0,91.58058166503906
s,1.0,-20.0,75.0,84.06842041015625
s,1.0,-20.0,80.0,77.67156219482422
s,1.0,-20.0,85.0,75.54067993164062
s,1.0,-20.0,90.0,73.83907318115234
s,1.0,-20.0,95.0,75.52597045898438
s,1.0,-20.0,100.0,74.67471313476562
s,1.0,-20.0,105.0,73.10502624511719
s,1.0,-20.0,110.0,73.13155364990234
s,1.0,-20.0,115.0,74.8277587890625
s,1.0,-20.0,120.0,75.72874450683594
s,1.0,-20.0,125.0,74.80061340332031
s,1.0,-20.0,130.0,75.92637634277344
s,1.0,-20.0,135.0,78.20598602294922
s,1.0,-20.0,140.0,79.81037139892578
s,1.0,-10.0,0.0,186.84249877929688
s,1.0,-10.0,5.0,178.60592651367188
s,1.0,-10.0,10.0,171.42111206054688
s,1.0,-10.0,15.0,164.32920837402344
s,1.0,-10.0,20.0,157.33139038085938
s,1.0,-10.0,25.0,148.7361602783203
s,1.0,-10.0,30.0,140.14886474609375
s,1.0,-10.0,35.0,131.63291931152344
s,1.0,-10.0,40.0,123.19387817382812
s,1.0,-10.0,45.0,114.98353576660156
s,1.0,-10.0,50.0,107.05375671386719
s,1.0,-10.0,55.0,99.24803161621094
s,1.0,-10.0,60.0,91.58064270019531
s,1.0,-10.0,65.0,84.06842041015625
s,1.0,-10.0,70.0,77.67156219482422
s,1.0,-10.0,75.0,75.54072570800781
s,1.0,-10.0,80.0,73.83907318115234
s,1.0,-10.0,85.0,75.52597045898438
s,1.0,-10.0,90.0,74.67471313476562
s,1.0,-10.0,95.0,73.10502624511719
s,1.0,-10.0,100.0,73.13155364990234
s,1.0,-10.0,105.0,74.8277587890625
s,1.0,-10.0,110.0,75.72874450683594
s,1.0,-10.0,115.0,74.80061340332031
s,1.0,-10.0,120.0,75.92637634277344
s,1.0,-10.0,125.0,78.20598602294922
s,1.0,-10.0,130.0,79.81037139892578
s,1.0,-10.0,135.0,81.39749908447266
s,1.0,-10.0,140.0,82.96684265136719
s,1.0,0.0,0.0,171.42111206054688
s,1.0,0.0,5.0,164.32920837402344
s,1.0,0.0,10.0,157.33139038085938
s,1.0,0.0,15.0,148.7361602783203
s,1.0,0.0,20.0,140.14886474609375
s,1.0,0.0,25.0,131.63291931152344
s,1.0,0.0,30.0,123.19387817382812
s,1.0,0.0,35.0,114.98348999023438
s,1.0,0.0,40.0,107.05375671386719
s,1.0,0.0,45.0,99.24803161621094
s,1.0,0.0,50.0,91.58064270019531
s,1.0,0.0,55.0,84.06837463378906
s,1.0,0.0,60.0,77.6715087890625
s,1.0,0.0,65.0,75.54072570800781
s,1.0,0.0,70.0,73.839111328125
s,1.0,0.0,75.0,75.52605438232422
s,1.0,0.0,80.0,74.67471313476562
s,1.0,0.0,85.0,73.10502624511719
s,1.0,0.0,90.0,73.13154602050781
s,1.0,0.0,95.0,74.8277587890625
s,1.0,0.0,100.0,75.72874450683594
s,1.0,0.0,105.0,74.80061340332031
s,1.0,0.0,110.0,75.92637634277344
s,1.0,0.0,115.0,78.20598602294922
s,1.0,0.0,120.0,79.81031799316406
s,1.0,0.0,125.0,81.39749908447266
s,1.0,0.0,130.0,82.96684265136719
s,1.0,0.0,135.0,83.38853454589844
s,1.0,0.0,140.0,84.33332061767578
s,1.0,10.0,0.0,157.33139038085938
s,1.0,10.0,5.0,148.7361602783203
s,1.0,10.0,10.0,140.14886474609375
s,1.0,10.0,15.0,131.63291931152344
s,1.0,10.0,20.0,123.19387817382812
s,1.0,10.0,25.0,114.98348999023438
s,1.0,10.0,30.0,107.05375671386719
s,1.0,10.0,35.0,99.24809265136719
s,1.0,10.0,40.0,91.58064270019531
s,1.0,10.0,45.0,84.06837463378906
s,1.0,10.0,50.0,77.6715087890625
s,1.0,10.0,55.0,75.54069519042969
s,1.0,10.0,60.0,73.83917236328125
s,1.0,10.0,65.0,75.52605438232422
s,1.0,10.0,70.0,74.67471313476562
s,1.0,10.0,75.0,73.10502624511719
s,1.0,10.0,80.0,73.13160705566406
s,1.0,10.0,85.0,74.82774353027344
s,1.0,10.0,90.0,75.72880554199219
s,1.0,10.0,95.0,74.80061340332031
s,1.0,10.0,100.0,75.92637634277344
s,1.0,10.0,105.0,78.20598602294922
s,1.0,10.0,110.0,79.81031799316406
s,1.0,10.0,115.0,81.39752197265625
s,1.0,10.0,120.0,82.96684265136719
s,1.0,10.0,125.0,83.38853454589844
s,1.0,10.0,130.0,84.33332061767578
s,1.0,10.0,135.0,83.88581848144531
s,1.0,10.0,140.0,82.42420959472656
s,1.0,20.0,0.0,140.14886474609375
s,1.0,20.0,5.0,131.63290405273438
s,1.0,20.0,10.0,123.19375610351562
s,1.0,20.0,15.0,114.98356628417969
s,1.0,20.0,20.0,107.05375671386719
s,1.0,20.0,25.0,99.24809265136719
s,1.0,20.0,30.0,91.58064270019531
s,1.0,20.0,35.0,84.06836700439453
s,1.0,20.0,40.0,77.67153930664062
s,1.0,20.0,45.0,75.54066467285156
s,1.0,20.0,50.0,73.83917999267578
s,1.0,20.0,55.0,75.5260009765625
s,1.0,20.0,60.0,74.67475891113281
s,1.0,20.0,65.0,73.10501098632812
s,1.0,20.0,70.0,73.13154602050781
s,1.0,20.0,75.0,74.82774353027344
s,1.0,20.0,80.0,75.72879791259766
s,1.0,20.0,85.0,74.80058288574219
s,1.0,20.0,90.0,75.92643737792969
s,1.0,20.0,95.0,78.2060317993164
s,1.0,20.0,100.0,79.81037902832031
s,1.0,20.0,105.0,81.39746856689453
s,1.0,20.0,110.0,82.96693420410156
s,1.0,20.0,115.0,83.38862609863281
s,1.0,20.0,120.0,84.33334350585938
s,1.0,20.0,125.0,83.88581848144531
s,1.0,20.0,130.0,82.42420959472656
s,1.0,20.0,135.0,83.62967681884766
s,1.0,20.0,140.0,84.536376953125
s,1.0,30.0,0.0,123.1937484741211
s,1.0,30.0,5.0,114.98356628417969
s,1.0,30.0,10.0,107.05381774902344
s,1.0,30.0,15.0,99.24809265136719
s,1.0,30.0,20.0,91.58056640625
s,1.0,30.0,25.0,84.06842041015625
s,1.0,30.0,30.0,77.67149353027344
s,1.0,30.0,35.0,75.54071044921875
s,1.0,30.0,40.0,73.83912658691406
s,1.0,30.0,45.0,75.5260009765625
s,1.0,30.0,50.0,74.6747055053711
s,1.0,30.0,55.0,73.10504150390625
s,1.0,30.0,60.0,73.13165283203125
s,1.0,30.0,65.0,74.82769775390625
s,1.0,30.0,70.0,75.72885131835938
s,1.0,30.0,75.0,74.80058288574219
s,1.0,30.0,80.0,75.92643737792969
s,1.0,30.0,85.0,78.20591735839844
s,1.0,30.0,90.0,79.81044006347656
s,1.0,30.0,95.0,81.39752197265625
s,1.0,30.0,100.0,82.96693420410156
s,1.0,30.0,105.0,83.38862609863281
s,1.0,30.0,110.0,84.333251953125
s,1.0,30.0,115.0,83.88571166992188
s,1.0,30.0,120.0,82.42424011230469
s,1.0,30.0,125.0,83.62970733642578
s,1.0,30.0,130.0,84.53633117675781
s,1.0,30.0,135.0,87.93821716308594
s,1.0,30.0,140.0,92.81478881835938
s,1.0,40.0,0.0,107.05381774902344
s,1.0,40.0,5.0,99.24809265136719
s,1.0,40.0,10.0,91.58056640625
s,1.0,40.0,15.0,84.06842041015625
s,1.0,40.0,20.0,77.67149353027344
s,1.0,40.0,25.0,75.54071044921875
s,1.0,40.0,30.0,73.83912658691406
s,1.0,40.0,35.0,75.5260009765625
s,1.0,40.0,40.0,74.6747055053711
s,1.0,40.0,45.0,73.10504150390625
s,1.0,40.0,50.0,73.13165283203125
s,1.0,40.0,55.0,74.82769775390625
s,1.0,40.0,60.0,75.72889709472656
s,1.0,40.0,65.0,74.80058288574219
s,1.0,40.0,70.0,75.92643737792969
s,1.0,40.0,75.0,78.20591735839844
s,1.0,40.0,80.0,79.81044006347656
s,1.0,40.0,85.0,81.39752197265625
s,1.0,40.0,90.0,82.96693420410156
s,1.0,40.0,95.0,83.38862609863281
s,1.0,40.0,100.0,84.333251953125
s,1.0,40.0,105.0,83.88571166992188
s,1.0,40.0,110.0,82.42424011230469
s,1.0,40.0,115.0,83.62970733642578
s,1.0,40.0,120.0,84.53633117675781
s,1.0,40.0,125.0,87.93821716308594
s,1.0,40.0,130.0,92.81478881835938
s,1.0,40.0,135.0,96.26879119873047
s,1.0,40.0,140.0,97.65599060058594
s,1.0,50.0,0.0,91.58056640625
s,1.0,50.0,5.0,84.06842041015625
s,1.0,50.0,10.0,77.67149353027344
s,1.0,50.0,15.0,75.54071044921875
s,1.0,50.0,20.0,73.83912658691406
s,1.0,50.0,25.0,75.5260009765625
s,1.0,50.0,30.0,74.6747055053711
s,1.0,50.0,35.0,73.10504150390625
s,1.0,50.0,40.0,73.13165283203125
s,1.0,50.0,45.0,74.82769775390625
s,1.0,50.0,50.0,75.72883605957031
s,1.0,50.0,55.0,74.80058288574219
s,1.0,50.0,60.0,75.92643737792969
s,1.0,50.0,65.0,78.20591735839844
s,1.0,50.0,70.0,79.81044006347656
s,1.0,50.0,75.0,81.39752197265625
s,1.0,50.0,80.0,82.96693420410156
s,1.0,50.0,85.0,83.38862609863281
s,1.0,50.0,90.0,84.333251953125
s,1.0,50.0,95.0,83.88571166992188
s,1.0,50.0,100.0,82.42424011230469
s,1.0,50.0,105.0,83.62970733642578
s,1.0,50.0,110.0,84.53633117675781
s,1.0,50.0,115.0,87.93821716308594
s,1.0,50.0,120.0,92.81478881835938
s,1.0,50.0,125.0,96.26879119873047
s,1.0,50.0,130.0,97.65599060058594
s,1.0,50.0,135.0,101.30314636230469
s,1.0,50.0,140.0,102.72918701171875
s,1.0,60.0,0.0,77.67149353027344
s,1.0,60.0,5.0,75.54071044921875
s,1.0,60.0,10.0,73.83912658691406
s,1.0,60.0,15.0,75.5260009765625
s,1.0,60.0,20.0,74.6747055053711
s,1.0,60.0,25.0,73.10504150390625
s,1.0,60.0,30.0,73.13165283203125
s,1.0,60.0,35.0,74.82769775390625
s,1.0,60.0,40.0,75.72883605957031
s,1.0,60.0,45.0,74.80058288574219
s,1.0,60.0,50.0,75.92643737792969
s,1.0,60.0,55.0,78.20591735839844
s,1.0,60.0,60.0,79.81044006347656
s,1.0,60.0,65.0,81.39752197265625
s,1.0,60.0,70.0,82.96693420410156
s,1.0,60.0,75.0,83.38862609863281
s,1.0,60.0,80.0,84.333251953125
s,1.0,60.0,85.0,83.88571166992188
s,1.0,60.0,90.0,82.42424011230469
s,1.0,60.0,95.0,83.62970733642578
s,1.0,60.0,100.0,84.53633117675781
s,1.0,60.0,105.0,87.93821716308594
s,1.0,60.0,110.0,92.81478881835938
s,1.0,60.0,115.0,96.26879119873047
s,1.0,60.0,120.0,97.65599060058594
s,1.0,60.0,125.0,101.30314636230469
s,1.0,60.0,130.0,102.72918701171875
s,1.0,60.0,135.0,104.0755615234375
s,1.0,60.0,140.0,105.40476989746094
d_tag_mm,50.0,0.93,-60.0,387.4451904296875
d_tag_mm,50.0,0.93,-50.0,370.5196533203125
d_tag_mm,50.0,0.93,-40.0,353.5930480957031
d_tag_mm,50.0,0.93,-30.0,336.66790771484375
d_tag_mm,50.0,0.93,-20.0,318.7574462890625
d_tag_mm,50.0,0.93,-10.0,301.44293212890625
d_tag_mm,50.0,0.93,0.0,284.6799011230469
d_tag_mm,50.0,0.93,10.0,267.6398620605469
d_tag_mm,50.0,0.93,20.0,251.34408569335938
d_tag_mm,50.0,0.93,30.0,235.38772583007812
d_tag_mm,50.0,0.93,40.0,219.71783447265625
d_tag_mm,50.0,0.93,50.0,204.33004760742188
d_tag_mm,50.0,0.93,60.0,189.2215576171875
d_tag_mm,50.0,0.935,-60.0,374.1534729003906
d_tag_mm,50.0,0.935,-50.0,357.17730712890625
d_tag_mm,50.0,0.935,-40.0,339.3843994140625
d_tag_mm,50.0,0.935,-30.0,321.3870849609375
d_tag_mm,50.0,0.935,-20.0,303.9927978515625
d_tag_mm,50.0,0.935,-10.0,287.15618896484375
d_tag_mm,50.0,0.935,0.0,270.8380126953125
d_tag_mm,50.0,0.935,10.0,253.7728271484375
d_tag_mm,50.0,0.935,20.0,237.78097534179688
d_tag_mm,50.0,0.935,30.0,222.07650756835938
d_tag_mm,50.0,0.935,40.0,206.65533447265625
d_tag_mm,50.0,0.935,50.0,191.51412963867188
d_tag_mm,50.0,0.935,60.0,175.05523681640625
d_tag_mm,50.0,0.94,-60.0,360.74627685546875
d_tag_mm,50.0,0.94,-50.0,342.09124755859375
d_tag_mm,50.0,0.94,-40.0,324.0077819824219
d_tag_mm,50.0,0.94,-30.0,306.5343017578125
d_tag_mm,50.0,0.94,-20.0,289.62445068359375
d_tag_mm,50.0,0.94,-10.0,273.23883056640625
d_tag_mm,50.0,0.94,0.0,257.11346435546875
d_tag_mm,50.0,0.94,10.0,240.162353515625
d_tag_mm,50.0,0.94,20.0,224.42385864257812
d_tag_mm,50.0,0.94,30.0,208.969482421875
d_tag_mm,50.0,0.94,40.0,193.79595947265625
d_tag_mm,50.0,0.94,50.0,177.8485107421875
d_tag_mm,50.0,0.94,60.0,160.46945190429688
d_tag_mm,50.0,0.945,-60.0,344.78759765625
d_tag_mm,50.0,0.945,-50.0,326.6190185546875
d_tag_mm,50.0,0.945,-40.0,309.06671142578125
d_tag_mm,50.0,0.945,-30.0,292.08447265625
d_tag_mm,50.0,0.945,-20.0,275.63165283203125
d_tag_mm,50.0,0.945,-10.0,259.674072265625
d_tag_mm,50.0,0.945,0.0,242.968017578125
d_tag_mm,50.0,0.945,10.0,226.75962829589844
d_tag_mm,50.0,0.945,20.0,211.27249145507812
d_tag_mm,50.0,0.945,30.0,196.06698608398438
d_tag_mm,50.0,0.945,40.0,180.63043212890625
d_tag_mm,50.0,0.945,50.0,163.20631408691406
d_tag_mm,50.0,0.945,60.0,145.974609375
d_tag_mm,50.0,0.95,-60.0,329.2205505371094
d_tag_mm,50.0,0.95,-50.0,311.5902099609375
d_tag_mm,50.0,0.95,-40.0,294.535888671875
d_tag_mm,50.0,0.95,-30.0,278.01629638671875
d_tag_mm,50.0,0.95,-20.0,261.9966735839844
d_tag_mm,50.0,0.95,-10.0,246.375732421875
d_tag_mm,50.0,0.95,0.0,229.08395385742188
d_tag_mm,50.0,0.95,10.0,213.56431579589844
d_tag_mm,50.0,0.95,20.0,198.3273162841797
d_tag_mm,50.0,0.95,30.0,183.3702392578125
d_tag_mm,50.0,0.95,40.0,165.93231201171875
d_tag_mm,50.0,0.95,50.0,148.65487670898438
d_tag_mm,50.0,0.95,60.0,131.60328674316406
d_tag_mm,50.0,0.955,-60.0,314.1046142578125
d_tag_mm,50.0,0.955,-50.0,296.978515625
d_tag_mm,50.0,0.955,-40.0,280.39263916015625
d_tag_mm,50.0,0.955,-30.0,264.3114013671875
d_tag_mm,50.0,0.955,-20.0,248.70602416992188
d_tag_mm,50.0,0.955,-10.0,232.1278076171875
d_tag_mm,50.0,0.955,0.0,215.84490966796875
d_tag_mm,50.0,0.955,10.0,200.57656860351562
d_tag_mm,50.0,0.955,20.0,185.5889892578125
d_tag_mm,50.0,0.955,30.0,168.64759826660156
d_tag_mm,50.0,0.955,40.0,151.32493591308594
d_tag_mm,50.0,0.955,50.0,134.22645568847656
d_tag_mm,50.0,0.955,60.0,117.3924560546875
d_tag_mm,50.0,0.96,-60.0,299.41241455078125
d_tag_mm,50.0,0.96,-50.0,282.76043701171875
d_tag_mm,50.0,0.96,-40.0,266.6178894042969
d_tag_mm,50.0,0.96,-30.0,250.95526123046875
d_tag_mm,50.0,0.96,-20.0,235.24807739257812
d_tag_mm,50.0,0.96,-10.0,217.81101989746094
d_tag_mm,50.0,0.96,0.0,202.4759521484375
d_tag_mm,50.0,0.96,10.0,187.4916229248047
d_tag_mm,50.0,0.96,20.0,171.35159301757812
d_tag_mm,50.0,0.96,30.0,153.984619140625
d_tag_mm,50.0,0.96,40.0,136.84014892578125
d_tag_mm,50.0,0.96,50.0,119.95738220214844
d_tag_mm,50.0,0.96,60.0,103.38575744628906
d_tag_mm,50.0,0.965,-60.0,285.11968994140625
d_tag_mm,50.0,0.965,-50.0,268.9161376953125
d_tag_mm,50.0,0.965,-40.0,253.19650268554688
d_tag_mm,50.0,0.965,-30.0,237.9368896484375
d_tag_mm,50.0,0.965,-20.0,220.2992401123047
d_tag_mm,50.0,0.965,-10.0,204.18292236328125
d_tag_mm,50.0,0.965,0.0,189.172607421875
d_tag_mm,50.0,0.965,10.0,174.04470825195312
d_tag_mm,50.0,0.965,20.0,156.63401794433594
d_tag_mm,50.0,0.965,30.0,139.44424438476562
d_tag_mm,50.0,0.965,40.0,122.5137710571289
d_tag_mm,50.0,0.965,50.0,105.89012145996094
d_tag_mm,50.0,0.965,60.0,89.63800048828125
d_tag_mm,50.0,0.97,-60.0,271.20587158203125
d_tag_mm,50.0,0.97,-50.0,255.42953491210938
d_tag_mm,50.0,0.97,-40.0,240.11660766601562
d_tag_mm,50.0,0.97,-30.0,223.0189971923828
d_tag_mm,50.0,0.97,-20.0,205.8809814453125
d_tag_mm,50.0,0.97,-10.0,190.8451385498047
d_tag_mm,50.0,0.97,0.0,176.1655731201172
d_tag_mm,50.0,0.97,10.0,159.27252197265625
d_tag_mm,50.0,0.97,20.0,142.03826904296875
d_tag_mm,50.0,0.97,30.0,125.06101989746094
d_tag_mm,50.0,0.97,40.0,108.38672637939453
d_tag_mm,50.0,0.97,50.0,92.07684326171875
d_tag_mm,50.0,0.97,60.0,77.87451171875
d_tag_mm,50.0,0.975,-60.0,257.6544189453125
d_tag_mm,50.0,0.975,-50.0,242.28846740722656
d_tag_mm,50.0,0.975,-40.0,225.72703552246094
d_tag_mm,50.0,0.975,-30.0,208.10076904296875
d_tag_mm,50.0,0.975,-20.0,192.50958251953125
d_tag_mm,50.0,0.975,-10.0,177.80499267578125
d_tag_mm,50.0,0.975,0.0,161.90048217773438
d_tag_mm,50.0,0.975,10.0,144.62258911132812
d_tag_mm,50.0,0.975,20.0,127.59945678710938
d_tag_mm,50.0,0.975,30.0,110.8756332397461
d_tag_mm,50.0,0.975,40.0,94.50993347167969
d_tag_mm,50.0,0.975,50.0,79.93325805664062
d_tag_mm,50.0,0.975,60.0,72.89703369140625
d_tag_mm,50.0,0.98,-60.0,244.45254516601562
d_tag_mm,50.0,0.98,-50.0,228.42298889160156
d_tag_mm,50.0,0.98,-40.0,210.75155639648438
d_tag_mm,50.0,0.98,-30.0,194.1656951904297
d_tag_mm,50.0,0.98,-20.0,179.43643188476562
d_tag_mm,50.0,0.98,-10.0,164.51779174804688
d_tag_mm,50.0,0.98,0.0,147.1966552734375
d_tag_mm,50.0,0.98,10.0,130.12850952148438
d_tag_mm,50.0,0.98,20.0,113.35647583007812
d_tag_mm,50.0,0.98,30.0,96.93671417236328
d_tag_mm,50.0,0.98,40.0,82.00244903564453
d_tag_mm,50.0,0.98,50.0,73.82011413574219
d_tag_mm,50.0,0.98,60.0,74.77525329589844
d_tag_mm,50.0,0.985,-60.0,231.138671875
d_tag_mm,50.0,0.985,-50.0,213.5267333984375
d_tag_mm,50.0,0.985,-40.0,196.08206176757812
d_tag_mm,50.0,0.985,-30.0,181.0597686767578
d_tag_mm,50.0,0.985,-20.0,166.669677734375
d_tag_mm,50.0,0.985,-10.0,149.76058959960938
d_tag_mm,50.0,0.985,0.0,132.6480712890625
d_tag_mm,50.0,0.985,10.0,115.82890319824219
d_tag_mm,50.0,0.985,20.0,99.35676574707031
d_tag_mm,50.0,0.985,30.0,84.08032989501953
d_tag_mm,50.0,0.985,40.0,74.7613754272461
d_tag_mm,50.0,0.985,50.0,74.53795623779297
d_tag_mm,50.0,0.985,60.0,72.97250366210938
d_tag_mm,50.0,0.99,-60.0,216.29110717773438
d_tag_mm,50.0,0.99,-50.0,198.80474853515625
d_tag_mm,50.0,0.99,-40.0,182.67520141601562
d_tag_mm,50.0,0.99,-30.0,168.2610321044922
d_tag_mm,50.0,0.99,-20.0,152.31393432617188
d_tag_mm,50.0,0.99,-10.0,135.15809631347656
d_tag_mm,50.0,0.99,0.0,118.29267883300781
d_tag_mm,50.0,0.99,10.0,101.76947021484375
d_tag_mm,50.0,0.99,20.0,86.3661880493164
d_tag_mm,50.0,0.99,30.0,75.71820068359375
d_tag_mm,50.0,0.99,40.0,74.30281829833984
d_tag_mm,50.0,0.99,50.0,74.4925537109375
d_tag_mm,50.0,0.99,60.0,73.65670776367188
d_tag_mm,50.0,0.995,-60.0,201.5172119140625
d_tag_mm,50.0,0.995,-50.0,184.28289794921875
d_tag_mm,50.0,0.995,-40.0,169.8448486328125
d_tag_mm,50.0,0.995,-30.0,154.8569793701172
d_tag_mm,50.0,0.995,-20.0,137.65850830078125
d_tag_mm,50.0,0.995,-10.0,120.74781036376953
d_tag_mm,50.0,0.995,0.0,104.35848999023438
d_tag_mm,50.0,0.995,10.0,88.97380828857422
d_tag_mm,50.0,0.995,20.0,76.68880462646484
d_tag_mm,50.0,0.995,30.0,74.06985473632812
d_tag_mm,50.0,0.995,40.0,75.03488159179688
d_tag_mm,50.0,0.995,50.0,73.39300537109375
d_tag_mm,50.0,0.995,60.0,74.86014556884766
d_tag_mm,50.0,1.0,-60.0,186.84249877929688
d_tag_mm,50.0,1.0,-50.0,171.42111206054688
d_tag_mm,50.0,1.0,-40.0,157.33139038085938
d_tag_mm,50.0,1.0,-30.0,140.14886474609375
d_tag_mm,50.0,1.0,-20.0,123.19387817382812
d_tag_mm,50.0,1.0,-10.0,107.05375671386719
d_tag_mm,50.0,1.0,0.0,91.58064270019531
d_tag_mm,50.0,1.0,10.0,77.6715087890625
d_tag_mm,50.0,1.0,20.0,73.83917999267578
d_tag_mm,50.0,1.0,30.0,74.6747055053711
d_tag_mm,50.0,1.0,40.0,73.13165283203125
d_tag_mm,50.0,1.0,50.0,75.72883605957031
d_tag_mm,50.0,1.0,60.0,75.92643737792969
d_tag_mm,50.0,1.005,-60.0,172.98968505859375
d_tag_mm,50.0,1.005,-50.0,158.87669372558594
d_tag_mm,50.0,1.005,-40.0,142.62939453125
d_tag_mm,50.0,1.005,-30.0,125.78677368164062
d_tag_mm,50.0,1.005,-20.0,109.7436294555664
d_tag_mm,50.0,1.005,-10.0,94.1857681274414
d_tag_mm,50.0,1.005,0.0,79.2315673828125
d_tag_mm,50.0,1.005,10.0,74.46290588378906
d_tag_mm,50.0,1.005,20.0,74.6032943725586
d_tag_mm,50.0,1.005,30.0,72.87216186523438
d_tag_mm,50.0,1.005,40.0,75.92214965820312
d_tag_mm,50.0,1.005,50.0,74.82818603515625
d_tag_mm,50.0,1.005,60.0,79.503662109375
d_tag_mm,50.0,1.01,-60.0,160.57159423828125
d_tag_mm,50.0,1.01,-50.0,145.4530029296875
d_tag_mm,50.0,1.01,-40.0,128.53939819335938
d_tag_mm,50.0,1.01,-30.0,112.42718505859375
d_tag_mm,50.0,1.01,-20.0,96.78831481933594
d_tag_mm,50.0,1.01,-10.0,81.73335266113281
d_tag_mm,50.0,1.01,0.0,75.34993743896484
d_tag_mm,50.0,1.01,10.0,75.04729461669922
d_tag_mm,50.0,1.01,20.0,72.92376708984375
d_tag_mm,50.0,1.01,30.0,75.87616729736328
d_tag_mm,50.0,1.01,40.0,74.48878479003906
d_tag_mm,50.0,1.01,50.0,79.20048522949219
d_tag_mm,50.0,1.01,60.0,82.34071350097656
d_tag_mm,50.0,1.015,-60.0,148.44192504882812
d_tag_mm,50.0,1.015,-50.0,131.47096252441406
d_tag_mm,50.0,1.015,-40.0,115.10394287109375
d_tag_mm,50.0,1.015,-30.0,99.38722229003906
d_tag_mm,50.0,1.015,-20.0,84.236572265625
d_tag_mm,50.0,1.015,-10.0,76.2525405883789
d_tag_mm,50.0,1.015,0.0,75.504150390625
d_tag_mm,50.0,1.015,10.0,73.23334503173828
d_tag_mm,50.0,1.015,20.0,75.70559692382812
d_tag_mm,50.0,1.015,30.0,74.79609680175781
d_tag_mm,50.0,1.015,40.0,78.9002685546875
d_tag_mm,50.0,1.015,50.0,82.03276062011719
d_tag_mm,50.0,1.015,60.0,83.91365051269531
d_tag_mm,50.0,1.02,-60.0,134.40554809570312
d_tag_mm,50.0,1.02,-50.0,117.773681640625
d_tag_mm,50.0,1.02,-40.0,101.98194122314453
d_tag_mm,50.0,1.02,-30.0,86.73997497558594
d_tag_mm,50.0,1.02,-20.0,77.16852569580078
d_tag_mm,50.0,1.02,-10.0,75.97308349609375
d_tag_mm,50.0,1.02,0.0,73.92054748535156
d_tag_mm,50.0,1.02,10.0,75.45137023925781
d_tag_mm,50.0,1.02,20.0,75.38629150390625
d_tag_mm,50.0,1.02,30.0,78.60345458984375
d_tag_mm,50.0,1.02,40.0,81.72755432128906
d_tag_mm,50.0,1.02,50.0,84.78311920166016
d_tag_mm,50.0,1.02,60.0,85.49470520019531
d_tag_mm,50.0,1.025,-60.0,120.49302673339844
d_tag_mm,50.0,1.025,-50.0,104.57162475585938
d_tag_mm,50.0,1.025,-40.0,89.24254608154297
d_tag_mm,50.0,1.025,-30.0,78.09671020507812
d_tag_mm,50.0,1.025,-20.0,76.14894104003906
d_tag_mm,50.0,1.025,-10.0,74.7620849609375
d_tag_mm,50.0,1.025,0.0,75.19935607910156
d_tag_mm,50.0,1.025,10.0,76.52251434326172
d_tag_mm,50.0,1.025,20.0,78.11772155761719
d_tag_mm,50.0,1.025,30.0,81.42581176757812
d_tag_mm,50.0,1.025,40.0,84.47396087646484
d_tag_mm,50.0,1.025,50.0,85.04562377929688
d_tag_mm,50.0,1.025,60.0,82.60104370117188
d_tag_mm,50.0,1.03,-60.0,107.15557861328125
d_tag_mm,50.0,1.03,-50.0,91.74302673339844
d_tag_mm,50.0,1.03,-40.0,79.03532409667969
d_tag_mm,50.0,1.03,-30.0,75.9278793334961
d_tag_mm,50.0,1.03,-20.0,74.3486328125
d_tag_mm,50.0,1.03,-10.0,74.94915771484375
d_tag_mm,50.0,1.03,0.0,76.8548583984375
d_tag_mm,50.0,1.03,10.0,77.03980255126953
d_tag_mm,50.0,1.03,20.0,81.12702941894531
d_tag_mm,50.0,1.03,30.0,84.1680908203125
d_tag_mm,50.0,1.03,40.0,84.42193603515625
d_tag_mm,50.0,1.03,50.0,82.59439086914062
d_tag_mm,50.0,1.03,60.0,86.42575073242188
d_tag_mm,50.0,1.035,-60.0,94.2408447265625
d_tag_mm,50.0,1.035,-50.0,79.98309326171875
d_tag_mm,50.0,1.035,-40.0,75.77861022949219
d_tag_mm,50.0,1.035,-30.0,74.6390380859375
d_tag_mm,50.0,1.035,-20.0,74.70114135742188
d_tag_mm,50.0,1.035,-10.0,77.1138916015625
d_tag_mm,50.0,1.035,0.0,75.9725341796875
d_tag_mm,50.0,1.035,10.0,80.83137512207031
d_tag_mm,50.0,1.035,20.0,83.86515045166016
d_tag_mm,50.0,1.035,30.0,84.0263671875
d_tag_mm,50.0,1.035,40.0,84.17616271972656
d_tag_mm,50.0,1.035,50.0,85.60881042480469
d_tag_mm,50.0,1.035,60.0,91.6082763671875
d_tag_mm,50.0,1.04,-60.0,81.77296447753906
d_tag_mm,50.0,1.04,-50.0,76.62437438964844
d_tag_mm,50.0,1.04,-40.0,75.02809143066406
d_tag_mm,50.0,1.04,-30.0,74.45520782470703
d_tag_mm,50.0,1.04,-20.0,77.02500915527344
d_tag_mm,50.0,1.04,-10.0,74.91635131835938
d_tag_mm,50.0,1.04,0.0,80.53910064697266
d_tag_mm,50.0,1.04,10.0,83.56525421142578
d_tag_mm,50.0,1.04,20.0,83.56379699707031
d_tag_mm,50.0,1.04,30.0,85.75665283203125
d_tag_mm,50.0,1.04,40.0,84.04084777832031
d_tag_mm,50.0,1.04,50.0,90.35493469238281
d_tag_mm,50.0,1.04,60.0,97.67668151855469
d_tag_mm,50.0,1.045,-60.0,77.48380279541016
d_tag_mm,50.0,1.045,-50.0,75.43058776855469
d_tag_mm,50.0,1.045,-40.0,74.21084594726562
d_tag_mm,50.0,1.045,-30.0,76.95614624023438
d_tag_mm,50.0,1.045,-20.0,75.34075927734375
d_tag_mm,50.0,1.045,-10.0,80.24942779541016
d_tag_mm,50.0,1.045,0.0,83.26829528808594
d_tag_mm,50.0,1.045,10.0,83.75569152832031
d_tag_mm,50.0,1.045,20.0,86.52555847167969
d_tag_mm,50.0,1.045,30.0,83.32987976074219
d_tag_mm,50.0,1.045,40.0,89.16313171386719
d_tag_mm,50.0,1.045,50.0,96.8040542602539
d_tag_mm,50.0,1.045,60.0,99.96981811523438
d_tag_mm,50.0,1.05,-60.0,75.84593200683594
d_tag_mm,50.0,1.05,-50.0,74.44352722167969
d_tag_mm,50.0,1.05,-40.0,76.90721130371094
d_tag_mm,50.0,1.05,-30.0,76.12515258789062
d_tag_mm,50.0,1.05,-20.0,79.96304321289062
d_tag_mm,50.0,1.05,-10.0,82.97445678710938
d_tag_mm,50.0,1.05,0.0,85.30076599121094
d_tag_mm,50.0,1.05,10.0,87.20235443115234
d_tag_mm,50.0,1.05,20.0,82.91734313964844
d_tag_mm,50.0,1.05,30.0,88.63749694824219
d_tag_mm,50.0,1.05,40.0,95.57931518554688
d_tag_mm,50.0,1.05,50.0,99.64421081542969
d_tag_mm,50.0,1.05,60.0,104.63845825195312
d_tag_mm,50.0,1.055,-60.0,75.2837142944336
d_tag_mm,50.0,1.055,-50.0,76.87769317626953
d_tag_mm,50.0,1.055,-40.0,76.61319732666016
d_tag_mm,50.0,1.055,-30.0,79.26129150390625
d_tag_mm,50.0,1.055,-20.0,82.68368530273438
d_tag_mm,50.0,1.055,-10.0,85.58521270751953
d_tag_mm,50.0,1.055,0.0,86.65869903564453
d_tag_mm,50.0,1.055,10.0,82.51983642578125
d_tag_mm,50.0,1.055,20.0,88.16558837890625
d_tag_mm,50.0,1.055,30.0,94.36105346679688
d_tag_mm,50.0,1.055,40.0,99.32132720947266
d_tag_mm,50.0,1.055,50.0,104.21527099609375
d_tag_mm,50.0,1.055,60.0,106.81942749023438
d_tag_mm,50.0,1.06,-60.0,76.65987396240234
d_tag_mm,50.0,1.06,-50.0,76.77007293701172
d_tag_mm,50.0,1.06,-40.0,78.21307373046875
d_tag_mm,50.0,1.06,-30.0,82.39547729492188
d_tag_mm,50.0,1.06,-20.0,85.32759094238281
d_tag_mm,50.0,1.06,-10.0,86.04066467285156
d_tag_mm,50.0,1.06,0.0,83.00263977050781
d_tag_mm,50.0,1.06,10.0,87.74629974365234
d_tag_mm,50.0,1.06,20.0,93.14915466308594
d_tag_mm,50.0,1.06,30.0,99.0013427734375
d_tag_mm,50.0,1.06,40.0,102.97896575927734
d_tag_mm,50.0,1.06,50.0,106.4970703125
d_tag_mm,50.0,1.06,60.0,111.72482299804688
d_tag_mm,50.0,1.065,-60.0,77.0890884399414
d_tag_mm,50.0,1.065,-50.0,77.17508697509766
d_tag_mm,50.0,1.065,-40.0,82.110595703125
d_tag_mm,50.0,1.065,-30.0,85.03573608398438
d_tag_mm,50.0,1.065,-20.0,85.30758666992188
d_tag_mm,50.0,1.065,-10.0,84.54319763183594
d_tag_mm,50.0,1.065,0.0,86.67404174804688
d_tag_mm,50.0,1.065,10.0,91.9439926147461
d_tag_mm,50.0,1.065,20.0,98.68418884277344
d_tag_mm,50.0,1.065,30.0,101.74911499023438
d_tag_mm,50.0,1.065,40.0,106.17754364013672
d_tag_mm,50.0,1.065,50.0,110.587158203125
d_tag_mm,50.0,1.065,60.0,113.78019714355469
d_tag_mm,50.0,1.07,-60.0,76.14727020263672
d_tag_mm,50.0,1.07,-50.0,81.82846069335938
d_tag_mm,50.0,1.07,-40.0,84.74671936035156
d_tag_mm,50.0,1.07,-30.0,84.01736450195312
d_tag_mm,50.0,1.07,-20.0,86.0824203491211
d_tag_mm,50.0,1.07,-10.0,85.1724853515625
d_tag_mm,50.0,1.07,0.0,90.6006851196289
d_tag_mm,50.0,1.07,10.0,98.30609893798828
d_tag_mm,50.0,1.07,20.0,100.88980102539062
d_tag_mm,50.0,1.07,30.0,105.86064910888672
d_tag_mm,50.0,1.07,40.0,109.45653533935547
d_tag_mm,50.0,1.07,50.0,113.46903991699219
d_tag_mm,50.0,1.07,60.0,115.6791000366211
