case,d_tag_mm,version,tag_method,point_estimator,eval_set,n_sessions,err_3d_median_mm,err_3d_p95_mm,err_3d_rms_mm,err_horizontal_median_mm,err_vertical_median_mm,signed_vertical_slope_mm_per_m,signed_vertical_intercept_mm,signed_vertical_r2,range_ssr,range_ssr_terms,range_ssr_per_term,range_sigma_rmse,ssr_frames_input,ssr_frames_solved,replay_mean_check_max_delta_mm,replay_mean_check_median_delta_mm,raw_replay_out,static_abs_out,case_log
tag_delay_000p000,0.0,v4-io-commonmode,T4,mean,all8,24,109.51538194751674,223.85923780458197,140.5252492879366,45.21830372733827,89.42072844018016,196.43517809599686,-208.47017285849623,0.7693476326585722,5777347.213127706,228265,25.309825041630152,5.030887102850764,28818,28818,0.0,0.0,/home/zekaixiao/Documents/nRF_dev/BioSpur_UWB_before_start/autopos_pipeline/28052026_Erlangen_Official/Analysis/official_extra_analysis/FULL/inframe_tagdelay_estimate_20260614T195544/tag_delay_000p000/raw_replay,/home/zekaixiao/Documents/nRF_dev/BioSpur_UWB_before_start/autopos_pipeline/28052026_Erlangen_Official/Analysis/official_extra_analysis/FULL/inframe_tagdelay_estimate_20260614T195544/tag_delay_000p000/static_abs,/home/zekaixiao/Documents/nRF_dev/BioSpur_UWB_before_start/autopos_pipeline/28052026_Erlangen_Official/Analysis/official_extra_analysis/FULL/inframe_tagdelay_estimate_20260614T195544/tag_delay_000p000/case.log
tag_delay_010p000,10.0,v4-io-commonmode,T4,mean,all8,24,98.38249387924722,194.9521698638403,125.93031568676106,38.57658302850382,83.2282385191819,170.39851000700168,-184.6363728430556,0.7359499630919761,5576265.540031413,228265,24.428911747448854,4.942561253788248,28818,28818,0.0,0.0,/home/zekaixiao/Documents/nRF_dev/BioSpur_UWB_before_start/autopos_pipeline/28052026_Erlangen_Official/Analysis/official_extra_analysis/FULL/inframe_tagdelay_estimate_20260614T195544/tag_delay_010p000/raw_replay,/home/zekaixiao/Documents/nRF_dev/BioSpur_UWB_before_start/autopos_pipeline/28052026_Erlangen_Official/Analysis/official_extra_analysis/FULL/inframe_tagdelay_estimate_20260614T195544/tag_delay_010p000/static_abs,/home/zekaixiao/Documents/nRF_dev/BioSpur_UWB_before_start/autopos_pipeline/28052026_Erlangen_Official/Analysis/official_extra_analysis/FULL/inframe_tagdelay_estimate_20260614T195544/tag_delay_010p000/case.log
tag_delay_020p000,20.0,v4-io-commonmode,T4,mean,all8,24,86.1235390385263,179.7306812911156,112.47983097171986,34.61780873690958,79.48448480268905,145.26580644587926,-161.26431994789513,0.6894190543712122,5410581.712131675,228265,23.703071921370668,4.868580072400029,28818,28818,0.0,0.0,/home/zekaixiao/Documents/nRF_dev/BioSpur_UWB_before_start/autopos_pipeline/28052026_Erlangen_Official/Analysis/official_extra_analysis/FULL/inframe_tagdelay_estimate_20260614T195544/tag_delay_020p000/raw_replay,/home/zekaixiao/Documents/nRF_dev/BioSpur_UWB_before_start/autopos_pipeline/28052026_Erlangen_Official/Analysis/official_extra_analysis/FULL/inframe_tagdelay_estimate_20260614T195544/tag_delay_020p000/static_abs,/home/zekaixiao/Documents/nRF_dev/BioSpur_UWB_before_start/autopos_pipeline/28052026_Erlangen_Official/Analysis/official_extra_analysis/FULL/inframe_tagdelay_estimate_20260614T195544/tag_delay_020p000/case.log
tag_delay_030p000,30.0,v4-io-commonmode,T4,mean,all8,24,72.60689055336911,167.03693942932546,100.52202513845863,35.576709610901695,66.07668813921023,121.17999589456849,-138.3853513585959,0.6235082951474098,5283757.57126091,228265,23.147471453183403,4.811181918529313,28818,28818,0.0,0.0,/home/zekaixiao/Documents/nRF_dev/BioSpur_UWB_before_start/autopos_pipeline/28052026_Erlangen_Official/Analysis/official_extra_analysis/FULL/inframe_tagdelay_estimate_20260614T195544/tag_delay_030p000/raw_replay,/home/zekaixiao/Documents/nRF_dev/BioSpur_UWB_before_start/autopos_pipeline/28052026_Erlangen_Official/Analysis/official_extra_analysis/FULL/inframe_tagdelay_estimate_20260614T195544/tag_delay_030p000/static_abs,/home/zekaixiao/Documents/nRF_dev/BioSpur_UWB_before_start/autopos_pipeline/28052026_Erlangen_Official/Analysis/official_extra_analysis/FULL/inframe_tagdelay_estimate_20260614T195544/tag_delay_030p000/case.log
tag_delay_035p000,35.0,v4-io-commonmode,T4,mean,all8,24,71.44605306737797,164.13864024329092,95.20491956656963,35.757644819313114,59.98871619432202,109.52560650479282,-127.11359348981212,0.5811601276676277,5235644.456366245,228265,22.93669400199875,4.789226868921408,28818,28818,0.0,0.0,/home/zekaixiao/Documents/nRF_dev/BioSpur_UWB_before_start/autopos_pipeline/28052026_Erlangen_Official/Analysis/official_extra_analysis/FULL/inframe_tagdelay_estimate_20260614T195544/tag_delay_035p000/raw_replay,/home/zekaixiao/Documents/nRF_dev/BioSpur_UWB_before_start/autopos_pipeline/28052026_Erlangen_Official/Analysis/official_extra_analysis/FULL/inframe_tagdelay_estimate_20260614T195544/tag_delay_035p000/static_abs,/home/zekaixiao/Documents/nRF_dev/BioSpur_UWB_before_start/autopos_pipeline/28052026_Erlangen_Official/Analysis/official_extra_analysis/FULL/inframe_tagdelay_estimate_20260614T195544/tag_delay_035p000/case.log
tag_delay_037p000,37.0,v4-io-commonmode,T4,mean,all8,24,72.80643246560078,163.10578955476632,93.21951325928768,35.68868096323136,59.37449858727609,104.93565627567669,-122.63815061783858,0.5621511778956341,5219349.308590739,228265,22.865307027317982,4.781768190462392,28818,28818,0.0,0.0,/home/zekaixiao/Documents/nRF_dev/BioSpur_UWB_before_start/autopos_pipeline/28052026_Erlangen_Official/Analysis/official_extra_analysis/FULL/inframe_tagdelay_estimate_20260614T195544/tag_delay_037p000/raw_replay,/home/zekaixiao/Documents/nRF_dev/BioSpur_UWB_before_start/autopos_pipeline/28052026_Erlangen_Official/Analysis/official_extra_analysis/FULL/inframe_tagdelay_estimate_20260614T195544/tag_delay_037p000/static_abs,/home/zekaixiao/Documents/nRF_dev/BioSpur_UWB_before_start/autopos_pipeline/28052026_Erlangen_Official/Analysis/official_extra_analysis/FULL/inframe_tagdelay_estimate_20260614T195544/tag_delay_037p000/case.log
tag_delay_039p000,39.0,v4-io-commonmode,T4,mean,all8,24,73.84840597700908,162.0928140257606,91.31990211541029,35.70747028071761,58.753452350263615,100.38810442617013,-118.18102838263522,0.5418959887132561,5204746.776566748,228265,22.801335187465217,4.7750743646005365,28818,28818,0.0,0.0,/home/zekaixiao/Documents/nRF_dev/BioSpur_UWB_before_start/autopos_pipeline/28052026_Erlangen_Official/Analysis/official_extra_analysis/FULL/inframe_tagdelay_estimate_20260614T195544/tag_delay_039p000/raw_replay,/home/zekaixiao/Documents/nRF_dev/BioSpur_UWB_before_start/autopos_pipeline/28052026_Erlangen_Official/Analysis/official_extra_analysis/FULL/inframe_tagdelay_estimate_20260614T195544/tag_delay_039p000/static_abs,/home/zekaixiao/Documents/nRF_dev/BioSpur_UWB_before_start/autopos_pipeline/28052026_Erlangen_Official/Analysis/official_extra_analysis/FULL/inframe_tagdelay_estimate_20260614T195544/tag_delay_039p000/case.log
tag_delay_040p000,40.0,v4-io-commonmode,T4,mean,all8,24,74.03889437314041,161.59445784199661,90.40319089442741,35.832320690879314,58.44429426790964,98.13124056579407,-115.96042006966934,0.5313050616264038,5198107.6338083735,228265,22.772249945494814,4.77202786512137,28818,28818,0.0,0.0,/home/zekaixiao/Documents/nRF_dev/BioSpur_UWB_before_start/autopos_pipeline/28052026_Erlangen_Official/Analysis/official_extra_analysis/FULL/inframe_tagdelay_estimate_20260614T195544/tag_delay_040p000/raw_replay,/home/zekaixiao/Documents/nRF_dev/BioSpur_UWB_before_start/autopos_pipeline/28052026_Erlangen_Official/Analysis/official_extra_analysis/FULL/inframe_tagdelay_estimate_20260614T195544/tag_delay_040p000/static_abs,/home/zekaixiao/Documents/nRF_dev/BioSpur_UWB_before_start/autopos_pipeline/28052026_Erlangen_Official/Analysis/official_extra_analysis/FULL/inframe_tagdelay_estimate_20260614T195544/tag_delay_040p000/case.log
tag_delay_041p000,41.0,v4-io-commonmode,T4,mean,all8,24,74.23784184851478,161.10313920775428,89.50939781568421,35.33703897727078,58.138420226801486,95.88537107040526,-113.74676863240946,0.5203990764692423,5191922.983552523,228265,22.745155777506508,4.769188167550794,28818,28818,0.0,0.0,/home/zekaixiao/Documents/nRF_dev/BioSpur_UWB_before_start/autopos_pipeline/28052026_Erlangen_Official/Analysis/official_extra_analysis/FULL/inframe_tagdelay_estimate_20260614T195544/tag_delay_041p000/raw_replay,/home/zekaixiao/Documents/nRF_dev/BioSpur_UWB_before_start/autopos_pipeline/28052026_Erlangen_Official/Analysis/official_extra_analysis/FULL/inframe_tagdelay_estimate_20260614T195544/tag_delay_041p000/static_abs,/home/zekaixiao/Documents/nRF_dev/BioSpur_UWB_before_start/autopos_pipeline/28052026_Erlangen_Official/Analysis/official_extra_analysis/FULL/inframe_tagdelay_estimate_20260614T195544/tag_delay_041p000/case.log
tag_delay_043p000,43.0,v4-io-commonmode,T4,mean,all8,24,74.65006864813625,160.13184201284332,87.79267538691066,34.35565355765689,57.899119375954115,91.42527577356117,-109.3386352013032,0.4976132197809726,5180881.833698189,228265,22.696785901028143,4.764114387903395,28818,28818,0.0,0.0,/home/zekaixiao/Documents/nRF_dev/BioSpur_UWB_before_start/autopos_pipeline/28052026_Erlangen_Official/Analysis/official_extra_analysis/FULL/inframe_tagdelay_estimate_20260614T195544/tag_delay_043p000/raw_replay,/home/zekaixiao/Documents/nRF_dev/BioSpur_UWB_before_start/autopos_pipeline/28052026_Erlangen_Official/Analysis/official_extra_analysis/FULL/inframe_tagdelay_estimate_20260614T195544/tag_delay_043p000/static_abs,/home/zekaixiao/Documents/nRF_dev/BioSpur_UWB_before_start/autopos_pipeline/28052026_Erlangen_Official/Analysis/official_extra_analysis/FULL/inframe_tagdelay_estimate_20260614T195544/tag_delay_043p000/case.log
tag_delay_045p000,45.0,v4-io-commonmode,T4,mean,all8,24,72.54049392927894,159.17084456592232,86.17049017978228,33.712279728413144,57.939219622508176,87.00678776370556,-104.95451559181458,0.4735680154514068,5171531.778993205,228265,22.655824497812652,4.759813494015564,28818,28818,0.0,0.0,/home/zekaixiao/Documents/nRF_dev/BioSpur_UWB_before_start/autopos_pipeline/28052026_Erlangen_Official/Analysis/official_extra_analysis/FULL/inframe_tagdelay_estimate_20260614T195544/tag_delay_045p000/raw_replay,/home/zekaixiao/Documents/nRF_dev/BioSpur_UWB_before_start/autopos_pipeline/28052026_Erlangen_Official/Analysis/official_extra_analysis/FULL/inframe_tagdelay_estimate_20260614T195544/tag_delay_045p000/static_abs,/home/zekaixiao/Documents/nRF_dev/BioSpur_UWB_before_start/autopos_pipeline/28052026_Erlangen_Official/Analysis/official_extra_analysis/FULL/inframe_tagdelay_estimate_20260614T195544/tag_delay_045p000/case.log
tag_delay_047p000,47.0,v4-io-commonmode,T4,mean,all8,24,70.40482921941663,158.22160115946494,84.64707400461141,34.317062718072194,58.632874707975134,82.62920838321662,-100.59784494015496,0.44828770855528177,5163925.2493040785,228265,22.622501256452274,4.7563117282672165,28818,28818,0.0,0.0,/home/zekaixiao/Documents/nRF_dev/BioSpur_UWB_before_start/autopos_pipeline/28052026_Erlangen_Official/Analysis/official_extra_analysis/FULL/inframe_tagdelay_estimate_20260614T195544/tag_delay_047p000/raw_replay,/home/zekaixiao/Documents/nRF_dev/BioSpur_UWB_before_start/autopos_pipeline/28052026_Erlangen_Official/Analysis/official_extra_analysis/FULL/inframe_tagdelay_estimate_20260614T195544/tag_delay_047p000/static_abs,/home/zekaixiao/Documents/nRF_dev/BioSpur_UWB_before_start/autopos_pipeline/28052026_Erlangen_Official/Analysis/official_extra_analysis/FULL/inframe_tagdelay_estimate_20260614T195544/tag_delay_047p000/case.log
tag_delay_049p000,49.0,v4-io-commonmode,T4,mean,all8,24,68.2973007307572,154.7539223677162,83.22284999731593,33.8317297680602,59.344499700255255,78.28781739212921,-96.26474679275172,0.42181058688167483,5158120.05765567,228265,22.597069448472915,4.753637496535986,28818,28818,0.0,0.0,/home/zekaixiao/Documents/nRF_dev/BioSpur_UWB_before_start/autopos_pipeline/28052026_Erlangen_Official/Analysis/official_extra_analysis/FULL/inframe_tagdelay_estimate_20260614T195544/tag_delay_049p000/raw_replay,/home/zekaixiao/Documents/nRF_dev/BioSpur_UWB_before_start/autopos_pipeline/28052026_Erlangen_Official/Analysis/official_extra_analysis/FULL/inframe_tagdelay_estimate_20260614T195544/tag_delay_049p000/static_abs,/home/zekaixiao/Documents/nRF_dev/BioSpur_UWB_before_start/autopos_pipeline/28052026_Erlangen_Official/Analysis/official_extra_analysis/FULL/inframe_tagdelay_estimate_20260614T195544/tag_delay_049p000/case.log
tag_delay_050p000,50.0,v4-io-commonmode,T4,mean,all8,24,68.05486854965339,152.95476575409953,82.5487437085521,33.16610754081757,58.98345294948422,76.13104651121176,-94.10821599006533,0.4081600429517932,5155918.274435101,228265,22.587423715572257,4.7526228248802,28818,28818,0.0,0.0,/home/zekaixiao/Documents/nRF_dev/BioSpur_UWB_before_start/autopos_pipeline/28052026_Erlangen_Official/Analysis/official_extra_analysis/FULL/inframe_tagdelay_estimate_20260614T195544/tag_delay_050p000/raw_replay,/home/zekaixiao/Documents/nRF_dev/BioSpur_UWB_before_start/autopos_pipeline/28052026_Erlangen_Official/Analysis/official_extra_analysis/FULL/inframe_tagdelay_estimate_20260614T195544/tag_delay_050p000/static_abs,/home/zekaixiao/Documents/nRF_dev/BioSpur_UWB_before_start/autopos_pipeline/28052026_Erlangen_Official/Analysis/official_extra_analysis/FULL/inframe_tagdelay_estimate_20260614T195544/tag_delay_050p000/case.log
tag_delay_051p000,51.0,v4-io-commonmode,T4,mean,all8,24,68.58273092690123,151.17162219699622,81.90043288629761,32.49682457132084,58.03431730720399,73.98440786617596,-91.95937958717802,0.39426488215094535,5154176.50133294,228265,22.57979322862874,4.75181999118535,28818,28818,0.0,0.0,/home/zekaixiao/Documents/nRF_dev/BioSpur_UWB_before_start/autopos_pipeline/28052026_Erlangen_Official/Analysis/official_extra_analysis/FULL/inframe_tagdelay_estimate_20260614T195544/tag_delay_051p000/raw_replay,/home/zekaixiao/Documents/nRF_dev/BioSpur_UWB_before_start/autopos_pipeline/28052026_Erlangen_Official/Analysis/official_extra_analysis/FULL/inframe_tagdelay_estimate_20260614T195544/tag_delay_051p000/static_abs,/home/zekaixiao/Documents/nRF_dev/BioSpur_UWB_before_start/autopos_pipeline/28052026_Erlangen_Official/Analysis/official_extra_analysis/FULL/inframe_tagdelay_estimate_20260614T195544/tag_delay_051p000/case.log
tag_delay_053p000,53.0,v4-io-commonmode,T4,mean,all8,24,68.75025116315966,147.655743063751,80.68175966593391,31.148101102530145,58.066164177909755,69.71990610171724,-87.68538439899294,0.3658018464850076,5152122.632985452,228265,22.57079549201784,4.750873129438192,28818,28818,0.0,0.0,/home/zekaixiao/Documents/nRF_dev/BioSpur_UWB_before_start/autopos_pipeline/28052026_Erlangen_Official/Analysis/official_extra_analysis/FULL/inframe_tagdelay_estimate_20260614T195544/tag_delay_053p000/raw_replay,/home/zekaixiao/Documents/nRF_dev/BioSpur_UWB_before_start/autopos_pipeline/28052026_Erlangen_Official/Analysis/official_extra_analysis/FULL/inframe_tagdelay_estimate_20260614T195544/tag_delay_053p000/static_abs,/home/zekaixiao/Documents/nRF_dev/BioSpur_UWB_before_start/autopos_pipeline/28052026_Erlangen_Official/Analysis/official_extra_analysis/FULL/inframe_tagdelay_estimate_20260614T195544/tag_delay_053p000/case.log
tag_delay_055p000,55.0,v4-io-commonmode,T4,mean,all8,24,67.18023197040051,144.21229861987445,79.56872131585543,29.794430996706105,58.09055203640577,65.493744290769,-83.43980705503215,0.3365791417767783,5151935.734457954,228265,22.569976713284795,4.750786957261375,28818,28818,0.0,0.0,/home/zekaixiao/Documents/nRF_dev/BioSpur_UWB_before_start/autopos_pipeline/28052026_Erlangen_Official/Analysis/official_extra_analysis/FULL/inframe_tagdelay_estimate_20260614T195544/tag_delay_055p000/raw_replay,/home/zekaixiao/Documents/nRF_dev/BioSpur_UWB_before_start/autopos_pipeline/28052026_Erlangen_Official/Analysis/official_extra_analysis/FULL/inframe_tagdelay_estimate_20260614T195544/tag_delay_055p000/static_abs,/home/zekaixiao/Documents/nRF_dev/BioSpur_UWB_before_start/autopos_pipeline/28052026_Erlangen_Official/Analysis/official_extra_analysis/FULL/inframe_tagdelay_estimate_20260614T195544/tag_delay_055p000/case.log
tag_delay_057p000,57.0,v4-io-commonmode,T4,mean,all8,24,65.55504303027314,140.84996063776035,78.56108948889076,28.438919436689833,55.95040212420362,61.3074933732059,-79.22144909137468,0.3068312691420788,5153543.85906871,228265,22.57702170314639,4.751528354450428,28818,28818,0.0,0.0,/home/zekaixiao/Documents/nRF_dev/BioSpur_UWB_before_start/autopos_pipeline/28052026_Erlangen_Official/Analysis/official_extra_analysis/FULL/inframe_tagdelay_estimate_20260614T195544/tag_delay_057p000/raw_replay,/home/zekaixiao/Documents/nRF_dev/BioSpur_UWB_before_start/autopos_pipeline/28052026_Erlangen_Official/Analysis/official_extra_analysis/FULL/inframe_tagdelay_estimate_20260614T195544/tag_delay_057p000/static_abs,/home/zekaixiao/Documents/nRF_dev/BioSpur_UWB_before_start/autopos_pipeline/28052026_Erlangen_Official/Analysis/official_extra_analysis/FULL/inframe_tagdelay_estimate_20260614T195544/tag_delay_057p000/case.log
tag_delay_059p000,59.0,v4-io-commonmode,T4,mean,all8,24,63.84933362915379,137.57647009000706,77.66324498008767,27.162492635469,53.8408536786215,57.16207671520256,-75.0351988464138,0.2767944111314946,5156962.01202092,228265,22.591996197493792,4.753103848801727,28818,28818,0.0,0.0,/home/zekaixiao/Documents/nRF_dev/BioSpur_UWB_before_start/autopos_pipeline/28052026_Erlangen_Official/Analysis/official_extra_analysis/FULL/inframe_tagdelay_estimate_20260614T195544/tag_delay_059p000/raw_replay,/home/zekaixiao/Documents/nRF_dev/BioSpur_UWB_before_start/autopos_pipeline/28052026_Erlangen_Official/Analysis/official_extra_analysis/FULL/inframe_tagdelay_estimate_20260614T195544/tag_delay_059p000/static_abs,/home/zekaixiao/Documents/nRF_dev/BioSpur_UWB_before_start/autopos_pipeline/28052026_Erlangen_Official/Analysis/official_extra_analysis/FULL/inframe_tagdelay_estimate_20260614T195544/tag_delay_059p000/case.log
tag_delay_060p000,60.0,v4-io-commonmode,T4,mean,all8,24,63.51051673424902,135.96995234392446,77.25550046637564,26.752697702134927,52.509958444297695,55.10411513792965,-72.95381076433162,0.26175613282798915,5159382.766310716,228265,22.602601214863057,4.754219306559496,28818,28818,0.0,0.0,/home/zekaixiao/Documents/nRF_dev/BioSpur_UWB_before_start/autopos_pipeline/28052026_Erlangen_Official/Analysis/official_extra_analysis/FULL/inframe_tagdelay_estimate_20260614T195544/tag_delay_060p000/raw_replay,/home/zekaixiao/Documents/nRF_dev/BioSpur_UWB_before_start/autopos_pipeline/28052026_Erlangen_Official/Analysis/official_extra_analysis/FULL/inframe_tagdelay_estimate_20260614T195544/tag_delay_060p000/static_abs,/home/zekaixiao/Documents/nRF_dev/BioSpur_UWB_before_start/autopos_pipeline/28052026_Erlangen_Official/Analysis/official_extra_analysis/FULL/inframe_tagdelay_estimate_20260614T195544/tag_delay_060p000/case.log
tag_delay_061p000,61.0,v4-io-commonmode,T4,mean,all8,24,63.18555073523288,134.38237185127932,76.87500097492872,26.34998361308812,50.95496171252371,53.057026330973414,-70.88116058584322,0.24677056406247377,5162275.004540161,228265,22.615271743544394,4.75555167604605,28818,28818,0.0,0.0,/home/zekaixiao/Documents/nRF_dev/BioSpur_UWB_before_start/autopos_pipeline/28052026_Erlangen_Official/Analysis/official_extra_analysis/FULL/inframe_tagdelay_estimate_20260614T195544/tag_delay_061p000/raw_replay,/home/zekaixiao/Documents/nRF_dev/BioSpur_UWB_before_start/autopos_pipeline/28052026_Erlangen_Official/Analysis/official_extra_analysis/FULL/inframe_tagdelay_estimate_20260614T195544/tag_delay_061p000/static_abs,/home/zekaixiao/Documents/nRF_dev/BioSpur_UWB_before_start/autopos_pipeline/28052026_Erlangen_Official/Analysis/official_extra_analysis/FULL/inframe_tagdelay_estimate_20260614T195544/tag_delay_061p000/case.log
tag_delay_063p000,63.0,v4-io-commonmode,T4,mean,all8,24,61.42301860068012,131.2598822955481,76.19725291730451,25.834400470842663,49.13897549412104,48.99325292311536,-66.76395127472462,0.217097231721891,5169524.342101957,228265,22.647030171519756,4.758889594382261,28818,28818,0.0,0.0,/home/zekaixiao/Documents/nRF_dev/BioSpur_UWB_before_start/autopos_pipeline/28052026_Erlangen_Official/Analysis/official_extra_analysis/FULL/inframe_tagdelay_estimate_20260614T195544/tag_delay_063p000/raw_replay,/home/zekaixiao/Documents/nRF_dev/BioSpur_UWB_before_start/autopos_pipeline/28052026_Erlangen_Official/Analysis/official_extra_analysis/FULL/inframe_tagdelay_estimate_20260614T195544/tag_delay_063p000/static_abs,/home/zekaixiao/Documents/nRF_dev/BioSpur_UWB_before_start/autopos_pipeline/28052026_Erlangen_Official/Analysis/official_extra_analysis/FULL/inframe_tagdelay_estimate_20260614T195544/tag_delay_063p000/case.log
tag_delay_065p000,65.0,v4-io-commonmode,T4,mean,all8,24,58.92166336341475,128.21165615855665,75.63051445994434,25.56983645328494,48.77187175770359,44.9699709191035,-62.68626238517182,0.18810549404858545,5178712.945205456,228265,22.687284275756053,4.763117075587798,28818,28818,0.0,0.0,/home/zekaixiao/Documents/nRF_dev/BioSpur_UWB_before_start/autopos_pipeline/28052026_Erlangen_Official/Analysis/official_extra_analysis/FULL/inframe_tagdelay_estimate_20260614T195544/tag_delay_065p000/raw_replay,/home/zekaixiao/Documents/nRF_dev/BioSpur_UWB_before_start/autopos_pipeline/28052026_Erlangen_Official/Analysis/official_extra_analysis/FULL/inframe_tagdelay_estimate_20260614T195544/tag_delay_065p000/static_abs,/home/zekaixiao/Documents/nRF_dev/BioSpur_UWB_before_start/autopos_pipeline/28052026_Erlangen_Official/Analysis/official_extra_analysis/FULL/inframe_tagdelay_estimate_20260614T195544/tag_delay_065p000/case.log
tag_delay_070p000,70.0,v4-io-commonmode,T4,mean,all8,24,59.4385538935951,121.80085041172114,74.69986795580681,27.54573633468702,44.78539318375536,35.06707272551468,-52.65507170304687,0.12083597259880374,5210460.015007401,228265,22.826364160109527,4.777694439801433,28818,28818,0.0,0.0,/home/zekaixiao/Documents/nRF_dev/BioSpur_UWB_before_start/autopos_pipeline/28052026_Erlangen_Official/Analysis/official_extra_analysis/FULL/inframe_tagdelay_estimate_20260614T195544/tag_delay_070p000/raw_replay,/home/zekaixiao/Documents/nRF_dev/BioSpur_UWB_before_start/autopos_pipeline/28052026_Erlangen_Official/Analysis/official_extra_analysis/FULL/inframe_tagdelay_estimate_20260614T195544/tag_delay_070p000/static_abs,/home/zekaixiao/Documents/nRF_dev/BioSpur_UWB_before_start/autopos_pipeline/28052026_Erlangen_Official/Analysis/official_extra_analysis/FULL/inframe_tagdelay_estimate_20260614T195544/tag_delay_070p000/case.log
tag_delay_080p000,80.0,v4-io-commonmode,T4,mean,all8,24,60.06561083588939,131.97725808819285,74.87094265537777,32.15291475384795,45.79998998743099,15.865466406515212,-33.40559271166417,0.025774389858709612,5313493.236975934,228265,23.27773963146314,4.824700988814037,28818,28818,0.0,0.0,/home/zekaixiao/Documents/nRF_dev/BioSpur_UWB_before_start/autopos_pipeline/28052026_Erlangen_Official/Analysis/official_extra_analysis/FULL/inframe_tagdelay_estimate_20260614T195544/tag_delay_080p000/raw_replay,/home/zekaixiao/Documents/nRF_dev/BioSpur_UWB_before_start/autopos_pipeline/28052026_Erlangen_Official/Analysis/official_extra_analysis/FULL/inframe_tagdelay_estimate_20260614T195544/tag_delay_080p000/static_abs,/home/zekaixiao/Documents/nRF_dev/BioSpur_UWB_before_start/autopos_pipeline/28052026_Erlangen_Official/Analysis/official_extra_analysis/FULL/inframe_tagdelay_estimate_20260614T195544/tag_delay_080p000/case.log
tag_delay_090p000,90.0,v4-io-commonmode,T4,mean,all8,24,58.48496130548402,142.19452706572275,77.45376875381129,35.67063617421384,43.45569941688011,-2.6014194514384976,-15.339173408531842,0.0006636928586588597,5471817.651193794,228265,23.97133880005167,4.8960533902370456,28818,28818,0.0,0.0,/home/zekaixiao/Documents/nRF_dev/BioSpur_UWB_before_start/autopos_pipeline/28052026_Erlangen_Official/Analysis/official_extra_analysis/FULL/inframe_tagdelay_estimate_20260614T195544/tag_delay_090p000/raw_replay,/home/zekaixiao/Documents/nRF_dev/BioSpur_UWB_before_start/autopos_pipeline/28052026_Erlangen_Official/Analysis/official_extra_analysis/FULL/inframe_tagdelay_estimate_20260614T195544/tag_delay_090p000/static_abs,/home/zekaixiao/Documents/nRF_dev/BioSpur_UWB_before_start/autopos_pipeline/28052026_Erlangen_Official/Analysis/official_extra_analysis/FULL/inframe_tagdelay_estimate_20260614T195544/tag_delay_090p000/case.log
tag_delay_091p153,91.153,v4-io-commonmode,T4,mean,all8,24,58.59133412757494,143.212859854871,77.88867170090109,35.6303889136536,43.817216192860485,-4.687739481193659,-13.33140159268499,0.002134546178594765,5493761.694731327,228265,24.067472870266254,4.9058610732741155,28818,28818,0.0,0.0,/home/zekaixiao/Documents/nRF_dev/BioSpur_UWB_before_start/autopos_pipeline/28052026_Erlangen_Official/Analysis/official_extra_analysis/FULL/inframe_tagdelay_estimate_20260614T195544/tag_delay_091p153/raw_replay,/home/zekaixiao/Documents/nRF_dev/BioSpur_UWB_before_start/autopos_pipeline/28052026_Erlangen_Official/Analysis/official_extra_analysis/FULL/inframe_tagdelay_estimate_20260614T195544/tag_delay_091p153/static_abs,/home/zekaixiao/Documents/nRF_dev/BioSpur_UWB_before_start/autopos_pipeline/28052026_Erlangen_Official/Analysis/official_extra_analysis/FULL/inframe_tagdelay_estimate_20260614T195544/tag_delay_091p153/case.log
tag_delay_095p000,95.0,v4-io-commonmode,T4,mean,all8,24,60.7393971287532,145.7753139498642,79.52545074231655,35.491227738605716,47.806848232924125,-11.590689773075699,-6.739848181408477,0.012567159037138786,5572751.268104031,228265,24.41351616806795,4.941003558799361,28818,28818,0.0,0.0,/home/zekaixiao/Documents/nRF_dev/BioSpur_UWB_before_start/autopos_pipeline/28052026_Erlangen_Official/Analysis/official_extra_analysis/FULL/inframe_tagdelay_estimate_20260614T195544/tag_delay_095p000/raw_replay,/home/zekaixiao/Documents/nRF_dev/BioSpur_UWB_before_start/autopos_pipeline/28052026_Erlangen_Official/Analysis/official_extra_analysis/FULL/inframe_tagdelay_estimate_20260614T195544/tag_delay_095p000/static_abs,/home/zekaixiao/Documents/nRF_dev/BioSpur_UWB_before_start/autopos_pipeline/28052026_Erlangen_Official/Analysis/official_extra_analysis/FULL/inframe_tagdelay_estimate_20260614T195544/tag_delay_095p000/case.log
tag_delay_100p000,100.0,v4-io-commonmode,T4,mean,all8,24,64.96380030094184,146.56987276580207,82.0539027013792,38.24391543399977,52.99747783820871,-20.432963502736456,1.5735838717200614,0.03677621006059073,5688821.241929168,228265,24.92200399504597,4.992194306619682,28818,28818,0.0,0.0,/home/zekaixiao/Documents/nRF_dev/BioSpur_UWB_before_start/autopos_pipeline/28052026_Erlangen_Official/Analysis/official_extra_analysis/FULL/inframe_tagdelay_estimate_20260614T195544/tag_delay_100p000/raw_replay,/home/zekaixiao/Documents/nRF_dev/BioSpur_UWB_before_start/autopos_pipeline/28052026_Erlangen_Official/Analysis/official_extra_analysis/FULL/inframe_tagdelay_estimate_20260614T195544/tag_delay_100p000/static_abs,/home/zekaixiao/Documents/nRF_dev/BioSpur_UWB_before_start/autopos_pipeline/28052026_Erlangen_Official/Analysis/official_extra_analysis/FULL/inframe_tagdelay_estimate_20260614T195544/tag_delay_100p000/case.log
tag_delay_110p000,110.0,v4-io-commonmode,T4,mean,all8,24,73.15193166829499,153.09852777955982,88.32987423029832,41.68401852279436,53.18473492881651,-37.72377937031539,17.374328895405352,0.10810673151987116,5968418.752080394,228265,26.146885208334147,5.113402507952425,28818,28818,0.0,0.0,/home/zekaixiao/Documents/nRF_dev/BioSpur_UWB_before_start/autopos_pipeline/28052026_Erlangen_Official/Analysis/official_extra_analysis/FULL/inframe_tagdelay_estimate_20260614T195544/tag_delay_110p000/raw_replay,/home/zekaixiao/Documents/nRF_dev/BioSpur_UWB_before_start/autopos_pipeline/28052026_Erlangen_Official/Analysis/official_extra_analysis/FULL/inframe_tagdelay_estimate_20260614T195544/tag_delay_110p000/static_abs,/home/zekaixiao/Documents/nRF_dev/BioSpur_UWB_before_start/autopos_pipeline/28052026_Erlangen_Official/Analysis/official_extra_analysis/FULL/inframe_tagdelay_estimate_20260614T195544/tag_delay_110p000/case.log
tag_delay_120p000,120.0,v4-io-commonmode,T4,mean,all8,24,80.4940704647286,154.45328625563374,95.93699816229514,44.661596929948004,50.64183820894971,-54.52444256078603,32.17769298892888,0.19108072821115119,6314255.295145815,228265,27.66195121961674,5.259463016279964,28818,28818,0.0,0.0,/home/zekaixiao/Documents/nRF_dev/BioSpur_UWB_before_start/autopos_pipeline/28052026_Erlangen_Official/Analysis/official_extra_analysis/FULL/inframe_tagdelay_estimate_20260614T195544/tag_delay_120p000/raw_replay,/home/zekaixiao/Documents/nRF_dev/BioSpur_UWB_before_start/autopos_pipeline/28052026_Erlangen_Official/Analysis/official_extra_analysis/FULL/inframe_tagdelay_estimate_20260614T195544/tag_delay_120p000/static_abs,/home/zekaixiao/Documents/nRF_dev/BioSpur_UWB_before_start/autopos_pipeline/28052026_Erlangen_Official/Analysis/official_extra_analysis/FULL/inframe_tagdelay_estimate_20260614T195544/tag_delay_120p000/case.log
tag_delay_130p000,130.0,v4-io-commonmode,T4,mean,all8,24,89.80567601192097,156.23642053513274,104.50300066849069,50.28448253999163,56.45839236752981,-70.77938497010372,46.2165398503388,0.271229763745079,6729233.383870666,228265,29.479917568925003,5.429541193224802,28818,28818,0.0,0.0,/home/zekaixiao/Documents/nRF_dev/BioSpur_UWB_before_start/autopos_pipeline/28052026_Erlangen_Official/Analysis/official_extra_analysis/FULL/inframe_tagdelay_estimate_20260614T195544/tag_delay_130p000/raw_replay,/home/zekaixiao/Documents/nRF_dev/BioSpur_UWB_before_start/autopos_pipeline/28052026_Erlangen_Official/Analysis/official_extra_analysis/FULL/inframe_tagdelay_estimate_20260614T195544/tag_delay_130p000/static_abs,/home/zekaixiao/Documents/nRF_dev/BioSpur_UWB_before_start/autopos_pipeline/28052026_Erlangen_Official/Analysis/official_extra_analysis/FULL/inframe_tagdelay_estimate_20260614T195544/tag_delay_130p000/case.log
tag_delay_140p000,140.0,v4-io-commonmode,T4,mean,all8,24,99.37930174319357,163.8604127092174,113.69631458071655,57.139209192713835,67.52530850227599,-86.49316274445587,59.70769261599562,0.3424641264402052,7214793.47334228,228265,31.607094707214333,5.6220187394933445,28818,28818,0.0,0.0,/home/zekaixiao/Documents/nRF_dev/BioSpur_UWB_before_start/autopos_pipeline/28052026_Erlangen_Official/Analysis/official_extra_analysis/FULL/inframe_tagdelay_estimate_20260614T195544/tag_delay_140p000/raw_replay,/home/zekaixiao/Documents/nRF_dev/BioSpur_UWB_before_start/autopos_pipeline/28052026_Erlangen_Official/Analysis/official_extra_analysis/FULL/inframe_tagdelay_estimate_20260614T195544/tag_delay_140p000/static_abs,/home/zekaixiao/Documents/nRF_dev/BioSpur_UWB_before_start/autopos_pipeline/28052026_Erlangen_Official/Analysis/official_extra_analysis/FULL/inframe_tagdelay_estimate_20260614T195544/tag_delay_140p000/case.log
tag_delay_150p000,150.0,v4-io-commonmode,T4,mean,all8,24,112.16485026850563,171.8283406574094,123.2553402028162,64.0681328186086,80.679820662363,-101.64867251873919,72.75551737981218,0.40365663532999474,7771460.053061407,228265,34.045780356434,5.834876207464388,28818,28818,0.0,0.0,/home/zekaixiao/Documents/nRF_dev/BioSpur_UWB_before_start/autopos_pipeline/28052026_Erlangen_Official/Analysis/official_extra_analysis/FULL/inframe_tagdelay_estimate_20260614T195544/tag_delay_150p000/raw_replay,/home/zekaixiao/Documents/nRF_dev/BioSpur_UWB_before_start/autopos_pipeline/28052026_Erlangen_Official/Analysis/official_extra_analysis/FULL/inframe_tagdelay_estimate_20260614T195544/tag_delay_150p000/static_abs,/home/zekaixiao/Documents/nRF_dev/BioSpur_UWB_before_start/autopos_pipeline/28052026_Erlangen_Official/Analysis/official_extra_analysis/FULL/inframe_tagdelay_estimate_20260614T195544/tag_delay_150p000/case.log
