chunk_id,stage,rows,row_count,max_tracks,max_frames,estimated_cost,status,attempts,gpu_device,message,started_utc,child_run_id,wall_time_s,log_path,finished_utc
agreement_0000,agreement,"['R2:L0:I0:T6', 'R2:L2:I3:T6']",2,2,200,2,failed,1,cuda:0,returncode=1,2026-06-07T00:24:07.903352+00:00,phase4_BALANCE_CUDA_R8_S01_5090D_20260606T221157Z_agreement_0000_cuda0,4.73457810400032,runs/phase4_algorithm_factory/phase4_BALANCE_CUDA_R8_S01_5090D_20260606T221157Z/logs/agreement_0000_cuda0.log,2026-06-07T00:24:12.639503+00:00
agreement_0001,agreement,"['R4:L8:I1+I2+I3+I8:T8', 'R4:L14:I1+I2+I3+I8:T8']",2,2,200,2,failed,1,cuda:0,returncode=1,2026-06-07T00:24:07.904755+00:00,phase4_BALANCE_CUDA_R8_S01_5090D_20260606T221157Z_agreement_0001_cuda0,4.75808452199999,runs/phase4_algorithm_factory/phase4_BALANCE_CUDA_R8_S01_5090D_20260606T221157Z/logs/agreement_0001_cuda0.log,2026-06-07T00:24:12.666184+00:00
partial_raw_0000,partial_raw,"['R2:L0:I0:T6', 'R2:L0:I0:T8', 'R2:L0:I1:T6', 'R2:L0:I1:T8', 'R2:L0:I3:T6', 'R2:L0:I3:T8', 'R2:L0:I4:T6', 'R2:L0:I4:T8']",8,0,0,64,failed,1,cuda:0,returncode=1,2026-06-07T00:24:07.908001+00:00,phase4_BALANCE_CUDA_R8_S01_5090D_20260606T221157Z_partial_raw_0000_cuda0,4.7499064359999466,runs/phase4_algorithm_factory/phase4_BALANCE_CUDA_R8_S01_5090D_20260606T221157Z/logs/partial_raw_0000_cuda0.log,2026-06-07T00:24:12.659029+00:00
partial_raw_0001,partial_raw,"['R2:L0:I7:T6', 'R2:L0:I7:T8', 'R2:L0:I8:T6', 'R2:L0:I8:T8', 'R2:L0:I1+I3+I7:T6', 'R2:L0:I1+I3+I7:T8', 'R2:L0:I1+I2+I3+I8:T6', 'R2:L0:I1+I2+I3+I8:T8']",8,0,0,64,failed,1,cuda:0,returncode=1,2026-06-07T00:24:07.908967+00:00,phase4_BALANCE_CUDA_R8_S01_5090D_20260606T221157Z_partial_raw_0001_cuda0,5.298236893000649,runs/phase4_algorithm_factory/phase4_BALANCE_CUDA_R8_S01_5090D_20260606T221157Z/logs/partial_raw_0001_cuda0.log,2026-06-07T00:24:13.208385+00:00
partial_raw_0002,partial_raw,"['R2:L1:I0:T6', 'R2:L1:I0:T8', 'R2:L1:I1:T6', 'R2:L1:I1:T8', 'R2:L1:I3:T6', 'R2:L1:I3:T8', 'R2:L1:I4:T6', 'R2:L1:I4:T8']",8,0,0,64,failed,1,cuda:0,returncode=1,2026-06-07T00:24:07.910050+00:00,phase4_BALANCE_CUDA_R8_S01_5090D_20260606T221157Z_partial_raw_0002_cuda0,4.99420090500098,runs/phase4_algorithm_factory/phase4_BALANCE_CUDA_R8_S01_5090D_20260606T221157Z/logs/partial_raw_0002_cuda0.log,2026-06-07T00:24:12.905315+00:00
partial_raw_0003,partial_raw,"['R2:L1:I7:T6', 'R2:L1:I7:T8', 'R2:L1:I8:T6', 'R2:L1:I8:T8', 'R2:L1:I1+I3+I7:T6', 'R2:L1:I1+I3+I7:T8', 'R2:L1:I1+I2+I3+I8:T6', 'R2:L1:I1+I2+I3+I8:T8']",8,0,0,64,failed,1,cuda:0,returncode=1,2026-06-07T00:24:07.910971+00:00,phase4_BALANCE_CUDA_R8_S01_5090D_20260606T221157Z_partial_raw_0003_cuda0,6.819796787000087,runs/phase4_algorithm_factory/phase4_BALANCE_CUDA_R8_S01_5090D_20260606T221157Z/logs/partial_raw_0003_cuda0.log,2026-06-07T00:24:14.731854+00:00
partial_raw_0004,partial_raw,"['R2:L2:I0:T6', 'R2:L2:I0:T8', 'R2:L2:I1:T6', 'R2:L2:I1:T8', 'R2:L2:I3:T6', 'R2:L2:I3:T8', 'R2:L2:I4:T6', 'R2:L2:I4:T8']",8,0,0,64,failed,1,cuda:0,returncode=1,2026-06-07T00:24:07.911889+00:00,phase4_BALANCE_CUDA_R8_S01_5090D_20260606T221157Z_partial_raw_0004_cuda0,6.415193345999796,runs/phase4_algorithm_factory/phase4_BALANCE_CUDA_R8_S01_5090D_20260606T221157Z/logs/partial_raw_0004_cuda0.log,2026-06-07T00:24:14.328110+00:00
partial_raw_0005,partial_raw,"['R2:L2:I7:T6', 'R2:L2:I7:T8', 'R2:L2:I8:T6', 'R2:L2:I8:T8', 'R2:L2:I1+I3+I7:T6', 'R2:L2:I1+I3+I7:T8', 'R2:L2:I1+I2+I3+I8:T6', 'R2:L2:I1+I2+I3+I8:T8']",8,0,0,64,failed,1,cuda:0,returncode=1,2026-06-07T00:24:07.912774+00:00,phase4_BALANCE_CUDA_R8_S01_5090D_20260606T221157Z_partial_raw_0005_cuda0,5.452398687999448,runs/phase4_algorithm_factory/phase4_BALANCE_CUDA_R8_S01_5090D_20260606T221157Z/logs/partial_raw_0005_cuda0.log,2026-06-07T00:24:13.366180+00:00
partial_raw_0006,partial_raw,"['R2:L3:I0:T6', 'R2:L3:I0:T8', 'R2:L3:I1:T6', 'R2:L3:I1:T8', 'R2:L3:I3:T6', 'R2:L3:I3:T8', 'R2:L3:I4:T6', 'R2:L3:I4:T8']",8,0,0,64,failed,1,cuda:0,returncode=1,2026-06-07T00:24:07.913657+00:00,phase4_BALANCE_CUDA_R8_S01_5090D_20260606T221157Z_partial_raw_0006_cuda0,6.0532517160008865,runs/phase4_algorithm_factory/phase4_BALANCE_CUDA_R8_S01_5090D_20260606T221157Z/logs/partial_raw_0006_cuda0.log,2026-06-07T00:24:13.968010+00:00
partial_raw_0007,partial_raw,"['R2:L3:I7:T6', 'R2:L3:I7:T8', 'R2:L3:I8:T6', 'R2:L3:I8:T8', 'R2:L3:I1+I3+I7:T6', 'R2:L3:I1+I3+I7:T8', 'R2:L3:I1+I2+I3+I8:T6', 'R2:L3:I1+I2+I3+I8:T8']",8,0,0,64,failed,1,cuda:0,returncode=1,2026-06-07T00:24:07.914594+00:00,phase4_BALANCE_CUDA_R8_S01_5090D_20260606T221157Z_partial_raw_0007_cuda0,6.10037211999952,runs/phase4_algorithm_factory/phase4_BALANCE_CUDA_R8_S01_5090D_20260606T221157Z/logs/partial_raw_0007_cuda0.log,2026-06-07T00:24:14.016017+00:00
partial_raw_0008,partial_raw,"['R2:L4:I0:T6', 'R2:L4:I0:T8', 'R2:L4:I1:T6', 'R2:L4:I1:T8', 'R2:L4:I3:T6', 'R2:L4:I3:T8', 'R2:L4:I4:T6', 'R2:L4:I4:T8']",8,0,0,64,failed,1,cuda:0,returncode=1,2026-06-07T00:24:07.915512+00:00,phase4_BALANCE_CUDA_R8_S01_5090D_20260606T221157Z_partial_raw_0008_cuda0,5.1936935060002725,runs/phase4_algorithm_factory/phase4_BALANCE_CUDA_R8_S01_5090D_20260606T221157Z/logs/partial_raw_0008_cuda0.log,2026-06-07T00:24:13.110378+00:00
partial_raw_0009,partial_raw,"['R2:L4:I7:T6', 'R2:L4:I7:T8', 'R2:L4:I8:T6', 'R2:L4:I8:T8', 'R2:L4:I1+I3+I7:T6', 'R2:L4:I1+I3+I7:T8', 'R2:L4:I1+I2+I3+I8:T6', 'R2:L4:I1+I2+I3+I8:T8']",8,0,0,64,failed,1,cuda:0,returncode=1,2026-06-07T00:24:07.916558+00:00,phase4_BALANCE_CUDA_R8_S01_5090D_20260606T221157Z_partial_raw_0009_cuda0,6.307022793000215,runs/phase4_algorithm_factory/phase4_BALANCE_CUDA_R8_S01_5090D_20260606T221157Z/logs/partial_raw_0009_cuda0.log,2026-06-07T00:24:14.224711+00:00
partial_raw_0010,partial_raw,"['R2:L5:I0:T6', 'R2:L5:I0:T8', 'R2:L5:I1:T6', 'R2:L5:I1:T8', 'R2:L5:I3:T6', 'R2:L5:I3:T8', 'R2:L5:I4:T6', 'R2:L5:I4:T8']",8,0,0,64,failed,1,cuda:0,returncode=1,2026-06-07T00:24:07.917562+00:00,phase4_BALANCE_CUDA_R8_S01_5090D_20260606T221157Z_partial_raw_0010_cuda0,5.996865954000896,runs/phase4_algorithm_factory/phase4_BALANCE_CUDA_R8_S01_5090D_20260606T221157Z/logs/partial_raw_0010_cuda0.log,2026-06-07T00:24:13.915878+00:00
partial_raw_0011,partial_raw,"['R2:L5:I7:T6', 'R2:L5:I7:T8', 'R2:L5:I8:T6', 'R2:L5:I8:T8', 'R2:L5:I1+I3+I7:T6', 'R2:L5:I1+I3+I7:T8', 'R2:L5:I1+I2+I3+I8:T6', 'R2:L5:I1+I2+I3+I8:T8']",8,0,0,64,failed,1,cuda:0,returncode=1,2026-06-07T00:24:07.918878+00:00,phase4_BALANCE_CUDA_R8_S01_5090D_20260606T221157Z_partial_raw_0011_cuda0,5.950166485999944,runs/phase4_algorithm_factory/phase4_BALANCE_CUDA_R8_S01_5090D_20260606T221157Z/logs/partial_raw_0011_cuda0.log,2026-06-07T00:24:13.870027+00:00
partial_raw_0012,partial_raw,"['R2:L7:I0:T6', 'R2:L7:I0:T8', 'R2:L7:I1:T6', 'R2:L7:I1:T8', 'R2:L7:I3:T6', 'R2:L7:I3:T8', 'R2:L7:I4:T6', 'R2:L7:I4:T8']",8,0,0,64,failed,1,cuda:0,returncode=1,2026-06-07T00:24:07.919745+00:00,phase4_BALANCE_CUDA_R8_S01_5090D_20260606T221157Z_partial_raw_0012_cuda0,5.600234781999461,runs/phase4_algorithm_factory/phase4_BALANCE_CUDA_R8_S01_5090D_20260606T221157Z/logs/partial_raw_0012_cuda0.log,2026-06-07T00:24:13.521434+00:00
partial_raw_0013,partial_raw,"['R2:L7:I7:T6', 'R2:L7:I7:T8', 'R2:L7:I8:T6', 'R2:L7:I8:T8', 'R2:L7:I1+I3+I7:T6', 'R2:L7:I1+I3+I7:T8', 'R2:L7:I1+I2+I3+I8:T6', 'R2:L7:I1+I2+I3+I8:T8']",8,0,0,64,failed,1,cuda:0,returncode=1,2026-06-07T00:24:07.921281+00:00,phase4_BALANCE_CUDA_R8_S01_5090D_20260606T221157Z_partial_raw_0013_cuda0,5.541437478999796,runs/phase4_algorithm_factory/phase4_BALANCE_CUDA_R8_S01_5090D_20260606T221157Z/logs/partial_raw_0013_cuda0.log,2026-06-07T00:24:13.463782+00:00
partial_raw_0014,partial_raw,"['R2:L8:I0:T6', 'R2:L8:I0:T8', 'R2:L8:I1:T6', 'R2:L8:I1:T8', 'R2:L8:I3:T6', 'R2:L8:I3:T8', 'R2:L8:I4:T6', 'R2:L8:I4:T8']",8,0,0,64,failed,1,cuda:0,returncode=1,2026-06-07T00:24:07.922361+00:00,phase4_BALANCE_CUDA_R8_S01_5090D_20260606T221157Z_partial_raw_0014_cuda0,5.51199234699925,runs/phase4_algorithm_factory/phase4_BALANCE_CUDA_R8_S01_5090D_20260606T221157Z/logs/partial_raw_0014_cuda0.log,2026-06-07T00:24:13.435471+00:00
partial_raw_0015,partial_raw,"['R2:L8:I7:T6', 'R2:L8:I7:T8', 'R2:L8:I8:T6', 'R2:L8:I8:T8', 'R2:L8:I1+I3+I7:T6', 'R2:L8:I1+I3+I7:T8', 'R2:L8:I1+I2+I3+I8:T6', 'R2:L8:I1+I2+I3+I8:T8']",8,0,0,64,failed,1,cuda:0,returncode=1,2026-06-07T00:24:07.924721+00:00,phase4_BALANCE_CUDA_R8_S01_5090D_20260606T221157Z_partial_raw_0015_cuda0,6.108801467000376,runs/phase4_algorithm_factory/phase4_BALANCE_CUDA_R8_S01_5090D_20260606T221157Z/logs/partial_raw_0015_cuda0.log,2026-06-07T00:24:14.034640+00:00
partial_raw_0016,partial_raw,"['R2:L10:I0:T6', 'R2:L10:I0:T8', 'R2:L10:I1:T6', 'R2:L10:I1:T8', 'R2:L10:I3:T6', 'R2:L10:I3:T8', 'R2:L10:I4:T6', 'R2:L10:I4:T8']",8,0,0,64,failed,1,cuda:0,returncode=1,2026-06-07T00:24:07.928916+00:00,phase4_BALANCE_CUDA_R8_S01_5090D_20260606T221157Z_partial_raw_0016_cuda0,5.337052905000746,runs/phase4_algorithm_factory/phase4_BALANCE_CUDA_R8_S01_5090D_20260606T221157Z/logs/partial_raw_0016_cuda0.log,2026-06-07T00:24:13.267168+00:00
partial_raw_0017,partial_raw,"['R2:L10:I7:T6', 'R2:L10:I7:T8', 'R2:L10:I8:T6', 'R2:L10:I8:T8', 'R2:L10:I1+I3+I7:T6', 'R2:L10:I1+I3+I7:T8', 'R2:L10:I1+I2+I3+I8:T6', 'R2:L10:I1+I2+I3+I8:T8']",8,0,0,64,failed,1,cuda:0,returncode=1,2026-06-07T00:24:07.935677+00:00,phase4_BALANCE_CUDA_R8_S01_5090D_20260606T221157Z_partial_raw_0017_cuda0,6.293219084000157,runs/phase4_algorithm_factory/phase4_BALANCE_CUDA_R8_S01_5090D_20260606T221157Z/logs/partial_raw_0017_cuda0.log,2026-06-07T00:24:14.233757+00:00
partial_raw_0018,partial_raw,"['R2:L11:I0:T6', 'R2:L11:I0:T8', 'R2:L11:I1:T6', 'R2:L11:I1:T8', 'R2:L11:I3:T6', 'R2:L11:I3:T8', 'R2:L11:I4:T6', 'R2:L11:I4:T8']",8,0,0,64,failed,1,cuda:0,returncode=1,2026-06-07T00:24:07.944843+00:00,phase4_BALANCE_CUDA_R8_S01_5090D_20260606T221157Z_partial_raw_0018_cuda0,5.749529828000959,runs/phase4_algorithm_factory/phase4_BALANCE_CUDA_R8_S01_5090D_20260606T221157Z/logs/partial_raw_0018_cuda0.log,2026-06-07T00:24:13.695532+00:00
partial_raw_0019,partial_raw,"['R2:L11:I7:T6', 'R2:L11:I7:T8', 'R2:L11:I8:T6', 'R2:L11:I8:T8', 'R2:L11:I1+I3+I7:T6', 'R2:L11:I1+I3+I7:T8', 'R2:L11:I1+I2+I3+I8:T6', 'R2:L11:I1+I2+I3+I8:T8']",8,0,0,64,failed,1,cuda:0,returncode=1,2026-06-07T00:24:07.946840+00:00,phase4_BALANCE_CUDA_R8_S01_5090D_20260606T221157Z_partial_raw_0019_cuda0,5.919712187998812,runs/phase4_algorithm_factory/phase4_BALANCE_CUDA_R8_S01_5090D_20260606T221157Z/logs/partial_raw_0019_cuda0.log,2026-06-07T00:24:13.876624+00:00
partial_raw_0020,partial_raw,"['R2:L12:I0:T6', 'R2:L12:I0:T8', 'R2:L12:I1:T6', 'R2:L12:I1:T8', 'R2:L12:I3:T6', 'R2:L12:I3:T8', 'R2:L12:I4:T6', 'R2:L12:I4:T8']",8,0,0,64,failed,1,cuda:0,returncode=1,2026-06-07T00:24:07.957845+00:00,phase4_BALANCE_CUDA_R8_S01_5090D_20260606T221157Z_partial_raw_0020_cuda0,7.025327854998977,runs/phase4_algorithm_factory/phase4_BALANCE_CUDA_R8_S01_5090D_20260606T221157Z/logs/partial_raw_0020_cuda0.log,2026-06-07T00:24:14.984435+00:00
partial_raw_0021,partial_raw,"['R2:L12:I7:T6', 'R2:L12:I7:T8', 'R2:L12:I8:T6', 'R2:L12:I8:T8', 'R2:L12:I1+I3+I7:T6', 'R2:L12:I1+I3+I7:T8', 'R2:L12:I1+I2+I3+I8:T6', 'R2:L12:I1+I2+I3+I8:T8']",8,0,0,64,failed,1,cuda:0,returncode=1,2026-06-07T00:24:07.962061+00:00,phase4_BALANCE_CUDA_R8_S01_5090D_20260606T221157Z_partial_raw_0021_cuda0,5.525980434000303,runs/phase4_algorithm_factory/phase4_BALANCE_CUDA_R8_S01_5090D_20260606T221157Z/logs/partial_raw_0021_cuda0.log,2026-06-07T00:24:13.489162+00:00
partial_raw_0022,partial_raw,"['R2:L13:I0:T6', 'R2:L13:I0:T8', 'R2:L13:I1:T6', 'R2:L13:I1:T8', 'R2:L13:I3:T6', 'R2:L13:I3:T8', 'R2:L13:I4:T6', 'R2:L13:I4:T8']",8,0,0,64,failed,1,cuda:0,returncode=1,2026-06-07T00:24:12.641162+00:00,phase4_BALANCE_CUDA_R8_S01_5090D_20260606T221157Z_partial_raw_0022_cuda0,6.5500060939994,runs/phase4_algorithm_factory/phase4_BALANCE_CUDA_R8_S01_5090D_20260606T221157Z/logs/partial_raw_0022_cuda0.log,2026-06-07T00:24:19.194135+00:00
partial_raw_0023,partial_raw,"['R2:L13:I7:T6', 'R2:L13:I7:T8', 'R2:L13:I8:T6', 'R2:L13:I8:T8', 'R2:L13:I1+I3+I7:T6', 'R2:L13:I1+I3+I7:T8', 'R2:L13:I1+I2+I3+I8:T6', 'R2:L13:I1+I2+I3+I8:T8']",8,0,0,64,failed,1,cuda:0,returncode=1,2026-06-07T00:24:12.660865+00:00,phase4_BALANCE_CUDA_R8_S01_5090D_20260606T221157Z_partial_raw_0023_cuda0,6.79236666199904,runs/phase4_algorithm_factory/phase4_BALANCE_CUDA_R8_S01_5090D_20260606T221157Z/logs/partial_raw_0023_cuda0.log,2026-06-07T00:24:19.454253+00:00
partial_raw_0024,partial_raw,"['R2:L14:I0:T6', 'R2:L14:I0:T8', 'R2:L14:I1:T6', 'R2:L14:I1:T8', 'R2:L14:I3:T6', 'R2:L14:I3:T8', 'R2:L14:I4:T6', 'R2:L14:I4:T8']",8,0,0,64,failed,1,cuda:0,returncode=1,2026-06-07T00:24:12.668018+00:00,phase4_BALANCE_CUDA_R8_S01_5090D_20260606T221157Z_partial_raw_0024_cuda0,7.139546471998983,runs/phase4_algorithm_factory/phase4_BALANCE_CUDA_R8_S01_5090D_20260606T221157Z/logs/partial_raw_0024_cuda0.log,2026-06-07T00:24:19.809780+00:00
partial_raw_0025,partial_raw,"['R2:L14:I7:T6', 'R2:L14:I7:T8', 'R2:L14:I8:T6', 'R2:L14:I8:T8', 'R2:L14:I1+I3+I7:T6', 'R2:L14:I1+I3+I7:T8', 'R2:L14:I1+I2+I3+I8:T6', 'R2:L14:I1+I2+I3+I8:T8']",8,0,0,64,failed,1,cuda:0,returncode=1,2026-06-07T00:24:12.907228+00:00,phase4_BALANCE_CUDA_R8_S01_5090D_20260606T221157Z_partial_raw_0025_cuda0,5.295995552998647,runs/phase4_algorithm_factory/phase4_BALANCE_CUDA_R8_S01_5090D_20260606T221157Z/logs/partial_raw_0025_cuda0.log,2026-06-07T00:24:18.209141+00:00
partial_raw_0026,partial_raw,"['R2:L15:I0:T6', 'R2:L15:I0:T8', 'R2:L15:I1:T6', 'R2:L15:I1:T8', 'R2:L15:I3:T6', 'R2:L15:I3:T8', 'R2:L15:I4:T6', 'R2:L15:I4:T8']",8,0,0,64,failed,1,cuda:0,returncode=1,2026-06-07T00:24:13.112120+00:00,phase4_BALANCE_CUDA_R8_S01_5090D_20260606T221157Z_partial_raw_0026_cuda0,5.085058390000995,runs/phase4_algorithm_factory/phase4_BALANCE_CUDA_R8_S01_5090D_20260606T221157Z/logs/partial_raw_0026_cuda0.log,2026-06-07T00:24:18.198159+00:00
partial_raw_0027,partial_raw,"['R2:L15:I7:T6', 'R2:L15:I7:T8', 'R2:L15:I8:T6', 'R2:L15:I8:T8', 'R2:L15:I1+I3+I7:T6', 'R2:L15:I1+I3+I7:T8', 'R2:L15:I1+I2+I3+I8:T6', 'R2:L15:I1+I2+I3+I8:T8']",8,0,0,64,failed,1,cuda:0,returncode=1,2026-06-07T00:24:13.213258+00:00,phase4_BALANCE_CUDA_R8_S01_5090D_20260606T221157Z_partial_raw_0027_cuda0,5.589164774999517,runs/phase4_algorithm_factory/phase4_BALANCE_CUDA_R8_S01_5090D_20260606T221157Z/logs/partial_raw_0027_cuda0.log,2026-06-07T00:24:18.803610+00:00
partial_raw_0028,partial_raw,"['R2:L16:I0:T6', 'R2:L16:I0:T8', 'R2:L16:I1:T6', 'R2:L16:I1:T8', 'R2:L16:I3:T6', 'R2:L16:I3:T8', 'R2:L16:I4:T6', 'R2:L16:I4:T8']",8,0,0,64,failed,1,cuda:0,returncode=1,2026-06-07T00:24:13.269226+00:00,phase4_BALANCE_CUDA_R8_S01_5090D_20260606T221157Z_partial_raw_0028_cuda0,5.332320382000034,runs/phase4_algorithm_factory/phase4_BALANCE_CUDA_R8_S01_5090D_20260606T221157Z/logs/partial_raw_0028_cuda0.log,2026-06-07T00:24:18.603530+00:00
partial_raw_0029,partial_raw,"['R2:L16:I7:T6', 'R2:L16:I7:T8', 'R2:L16:I8:T6', 'R2:L16:I8:T8', 'R2:L16:I1+I3+I7:T6', 'R2:L16:I1+I3+I7:T8', 'R2:L16:I1+I2+I3+I8:T6', 'R2:L16:I1+I2+I3+I8:T8']",8,0,0,64,failed,1,cuda:0,returncode=1,2026-06-07T00:24:13.367935+00:00,phase4_BALANCE_CUDA_R8_S01_5090D_20260606T221157Z_partial_raw_0029_cuda0,5.33415849999983,runs/phase4_algorithm_factory/phase4_BALANCE_CUDA_R8_S01_5090D_20260606T221157Z/logs/partial_raw_0029_cuda0.log,2026-06-07T00:24:18.703123+00:00
partial_raw_0030,partial_raw,"['R2:L17:I0:T6', 'R2:L17:I0:T8', 'R2:L17:I1:T6', 'R2:L17:I1:T8', 'R2:L17:I3:T6', 'R2:L17:I3:T8', 'R2:L17:I4:T6', 'R2:L17:I4:T8']",8,0,0,64,failed,1,cuda:0,returncode=1,2026-06-07T00:24:13.437454+00:00,phase4_BALANCE_CUDA_R8_S01_5090D_20260606T221157Z_partial_raw_0030_cuda0,4.983942353001112,runs/phase4_algorithm_factory/phase4_BALANCE_CUDA_R8_S01_5090D_20260606T221157Z/logs/partial_raw_0030_cuda0.log,2026-06-07T00:24:18.422436+00:00
partial_raw_0031,partial_raw,"['R2:L17:I7:T6', 'R2:L17:I7:T8', 'R2:L17:I8:T6', 'R2:L17:I8:T8', 'R2:L17:I1+I3+I7:T6', 'R2:L17:I1+I3+I7:T8', 'R2:L17:I1+I2+I3+I8:T6', 'R2:L17:I1+I2+I3+I8:T8']",8,0,0,64,failed,1,cuda:0,returncode=1,2026-06-07T00:24:13.465772+00:00,phase4_BALANCE_CUDA_R8_S01_5090D_20260606T221157Z_partial_raw_0031_cuda0,5.487164624000798,runs/phase4_algorithm_factory/phase4_BALANCE_CUDA_R8_S01_5090D_20260606T221157Z/logs/partial_raw_0031_cuda0.log,2026-06-07T00:24:18.953865+00:00
partial_raw_0032,partial_raw,"['R2:L18:I0:T6', 'R2:L18:I0:T8', 'R2:L18:I1:T6', 'R2:L18:I1:T8', 'R2:L18:I3:T6', 'R2:L18:I3:T8', 'R2:L18:I4:T6', 'R2:L18:I4:T8']",8,0,0,64,failed,1,cuda:0,returncode=1,2026-06-07T00:24:13.494098+00:00,phase4_BALANCE_CUDA_R8_S01_5090D_20260606T221157Z_partial_raw_0032_cuda0,5.584166769000149,runs/phase4_algorithm_factory/phase4_BALANCE_CUDA_R8_S01_5090D_20260606T221157Z/logs/partial_raw_0032_cuda0.log,2026-06-07T00:24:19.079530+00:00
partial_raw_0033,partial_raw,"['R2:L18:I7:T6', 'R2:L18:I7:T8', 'R2:L18:I8:T6', 'R2:L18:I8:T8', 'R2:L18:I1+I3+I7:T6', 'R2:L18:I1+I3+I7:T8', 'R2:L18:I1+I2+I3+I8:T6', 'R2:L18:I1+I2+I3+I8:T8']",8,0,0,64,failed,1,cuda:0,returncode=1,2026-06-07T00:24:13.523137+00:00,phase4_BALANCE_CUDA_R8_S01_5090D_20260606T221157Z_partial_raw_0033_cuda0,6.811052765000568,runs/phase4_algorithm_factory/phase4_BALANCE_CUDA_R8_S01_5090D_20260606T221157Z/logs/partial_raw_0033_cuda0.log,2026-06-07T00:24:20.335133+00:00
partial_raw_0034,partial_raw,"['R2:L19:I0:T6', 'R2:L19:I0:T8', 'R2:L19:I1:T6', 'R2:L19:I1:T8', 'R2:L19:I3:T6', 'R2:L19:I3:T8', 'R2:L19:I4:T6', 'R2:L19:I4:T8']",8,0,0,64,failed,1,cuda:0,returncode=1,2026-06-07T00:24:13.697481+00:00,phase4_BALANCE_CUDA_R8_S01_5090D_20260606T221157Z_partial_raw_0034_cuda0,6.209610679999969,runs/phase4_algorithm_factory/phase4_BALANCE_CUDA_R8_S01_5090D_20260606T221157Z/logs/partial_raw_0034_cuda0.log,2026-06-07T00:24:19.909954+00:00
partial_raw_0035,partial_raw,"['R2:L19:I7:T6', 'R2:L19:I7:T8', 'R2:L19:I8:T6', 'R2:L19:I8:T8', 'R2:L19:I1+I3+I7:T6', 'R2:L19:I1+I3+I7:T8', 'R2:L19:I1+I2+I3+I8:T6', 'R2:L19:I1+I2+I3+I8:T8']",8,0,0,64,failed,1,cuda:0,returncode=1,2026-06-07T00:24:13.872329+00:00,phase4_BALANCE_CUDA_R8_S01_5090D_20260606T221157Z_partial_raw_0035_cuda0,5.283728782000253,runs/phase4_algorithm_factory/phase4_BALANCE_CUDA_R8_S01_5090D_20260606T221157Z/logs/partial_raw_0035_cuda0.log,2026-06-07T00:24:19.160231+00:00
partial_raw_0036,partial_raw,"['R4:L0:I0:T6', 'R4:L0:I0:T8', 'R4:L0:I1:T6', 'R4:L0:I1:T8', 'R4:L0:I3:T6', 'R4:L0:I3:T8', 'R4:L0:I4:T6', 'R4:L0:I4:T8']",8,0,0,64,failed,1,cuda:0,returncode=1,2026-06-07T00:24:13.878129+00:00,phase4_BALANCE_CUDA_R8_S01_5090D_20260606T221157Z_partial_raw_0036_cuda0,5.431216179998955,runs/phase4_algorithm_factory/phase4_BALANCE_CUDA_R8_S01_5090D_20260606T221157Z/logs/partial_raw_0036_cuda0.log,2026-06-07T00:24:19.310232+00:00
partial_raw_0037,partial_raw,"['R4:L0:I7:T6', 'R4:L0:I7:T8', 'R4:L0:I8:T6', 'R4:L0:I8:T8', 'R4:L0:I1+I3+I7:T6', 'R4:L0:I1+I3+I7:T8', 'R4:L0:I1+I2+I3+I8:T6', 'R4:L0:I1+I2+I3+I8:T8']",8,0,0,64,failed,1,cuda:0,returncode=1,2026-06-07T00:24:13.918001+00:00,phase4_BALANCE_CUDA_R8_S01_5090D_20260606T221157Z_partial_raw_0037_cuda0,4.037644338000973,runs/phase4_algorithm_factory/phase4_BALANCE_CUDA_R8_S01_5090D_20260606T221157Z/logs/partial_raw_0037_cuda0.log,2026-06-07T00:24:17.958887+00:00
partial_raw_0038,partial_raw,"['R4:L1:I0:T6', 'R4:L1:I0:T8', 'R4:L1:I1:T6', 'R4:L1:I1:T8', 'R4:L1:I3:T6', 'R4:L1:I3:T8', 'R4:L1:I4:T6', 'R4:L1:I4:T8']",8,0,0,64,failed,1,cuda:0,returncode=1,2026-06-07T00:24:13.970176+00:00,phase4_BALANCE_CUDA_R8_S01_5090D_20260606T221157Z_partial_raw_0038_cuda0,6.063321514999188,runs/phase4_algorithm_factory/phase4_BALANCE_CUDA_R8_S01_5090D_20260606T221157Z/logs/partial_raw_0038_cuda0.log,2026-06-07T00:24:20.034598+00:00
partial_raw_0039,partial_raw,"['R4:L1:I7:T6', 'R4:L1:I7:T8', 'R4:L1:I8:T6', 'R4:L1:I8:T8', 'R4:L1:I1+I3+I7:T6', 'R4:L1:I1+I3+I7:T8', 'R4:L1:I1+I2+I3+I8:T6', 'R4:L1:I1+I2+I3+I8:T8']",8,0,0,64,failed,1,cuda:0,returncode=1,2026-06-07T00:24:14.018192+00:00,phase4_BALANCE_CUDA_R8_S01_5090D_20260606T221157Z_partial_raw_0039_cuda0,6.662276600000041,runs/phase4_algorithm_factory/phase4_BALANCE_CUDA_R8_S01_5090D_20260606T221157Z/logs/partial_raw_0039_cuda0.log,2026-06-07T00:24:20.686719+00:00
partial_raw_0040,partial_raw,"['R4:L2:I0:T6', 'R4:L2:I0:T8', 'R4:L2:I1:T6', 'R4:L2:I1:T8', 'R4:L2:I3:T6', 'R4:L2:I3:T8', 'R4:L2:I4:T6', 'R4:L2:I4:T8']",8,0,0,64,failed,1,cuda:0,returncode=1,2026-06-07T00:24:14.036604+00:00,phase4_BALANCE_CUDA_R8_S01_5090D_20260606T221157Z_partial_raw_0040_cuda0,6.747967762001281,runs/phase4_algorithm_factory/phase4_BALANCE_CUDA_R8_S01_5090D_20260606T221157Z/logs/partial_raw_0040_cuda0.log,2026-06-07T00:24:20.785648+00:00
partial_raw_0041,partial_raw,"['R4:L2:I7:T6', 'R4:L2:I7:T8', 'R4:L2:I8:T6', 'R4:L2:I8:T8', 'R4:L2:I1+I3+I7:T6', 'R4:L2:I1+I3+I7:T8', 'R4:L2:I1+I2+I3+I8:T6', 'R4:L2:I1+I2+I3+I8:T8']",8,0,0,64,failed,1,cuda:0,returncode=1,2026-06-07T00:24:14.226681+00:00,phase4_BALANCE_CUDA_R8_S01_5090D_20260606T221157Z_partial_raw_0041_cuda0,5.384535612000036,runs/phase4_algorithm_factory/phase4_BALANCE_CUDA_R8_S01_5090D_20260606T221157Z/logs/partial_raw_0041_cuda0.log,2026-06-07T00:24:19.613882+00:00
partial_raw_0042,partial_raw,"['R4:L3:I0:T6', 'R4:L3:I0:T8', 'R4:L3:I1:T6', 'R4:L3:I1:T8', 'R4:L3:I3:T6', 'R4:L3:I3:T8', 'R4:L3:I4:T6', 'R4:L3:I4:T8']",8,0,0,64,failed,1,cuda:0,returncode=1,2026-06-07T00:24:14.237932+00:00,phase4_BALANCE_CUDA_R8_S01_5090D_20260606T221157Z_partial_raw_0042_cuda0,6.24394228500023,runs/phase4_algorithm_factory/phase4_BALANCE_CUDA_R8_S01_5090D_20260606T221157Z/logs/partial_raw_0042_cuda0.log,2026-06-07T00:24:20.485104+00:00
partial_raw_0043,partial_raw,"['R4:L3:I7:T6', 'R4:L3:I7:T8', 'R4:L3:I8:T6', 'R4:L3:I8:T8', 'R4:L3:I1+I3+I7:T6', 'R4:L3:I1+I3+I7:T8', 'R4:L3:I1+I2+I3+I8:T6', 'R4:L3:I1+I2+I3+I8:T8']",8,0,0,64,failed,1,cuda:0,returncode=1,2026-06-07T00:24:14.330160+00:00,phase4_BALANCE_CUDA_R8_S01_5090D_20260606T221157Z_partial_raw_0043_cuda0,6.404252952999741,runs/phase4_algorithm_factory/phase4_BALANCE_CUDA_R8_S01_5090D_20260606T221157Z/logs/partial_raw_0043_cuda0.log,2026-06-07T00:24:20.735582+00:00
partial_raw_0044,partial_raw,"['R4:L4:I0:T6', 'R4:L4:I0:T8', 'R4:L4:I1:T6', 'R4:L4:I1:T8', 'R4:L4:I3:T6', 'R4:L4:I3:T8', 'R4:L4:I4:T6', 'R4:L4:I4:T8']",8,0,0,64,failed,1,cuda:0,returncode=1,2026-06-07T00:24:14.733858+00:00,phase4_BALANCE_CUDA_R8_S01_5090D_20260606T221157Z_partial_raw_0044_cuda0,6.056150094000259,runs/phase4_algorithm_factory/phase4_BALANCE_CUDA_R8_S01_5090D_20260606T221157Z/logs/partial_raw_0044_cuda0.log,2026-06-07T00:24:20.793148+00:00
partial_raw_0045,partial_raw,"['R4:L4:I7:T6', 'R4:L4:I7:T8', 'R4:L4:I8:T6', 'R4:L4:I8:T8', 'R4:L4:I1+I3+I7:T6', 'R4:L4:I1+I3+I7:T8', 'R4:L4:I1+I2+I3+I8:T6', 'R4:L4:I1+I2+I3+I8:T8']",8,0,0,64,failed,1,cuda:0,returncode=1,2026-06-07T00:24:14.986435+00:00,phase4_BALANCE_CUDA_R8_S01_5090D_20260606T221157Z_partial_raw_0045_cuda0,6.303448552000191,runs/phase4_algorithm_factory/phase4_BALANCE_CUDA_R8_S01_5090D_20260606T221157Z/logs/partial_raw_0045_cuda0.log,2026-06-07T00:24:21.293558+00:00
partial_raw_0046,partial_raw,"['R4:L5:I0:T6', 'R4:L5:I0:T8', 'R4:L5:I1:T6', 'R4:L5:I1:T8', 'R4:L5:I3:T6', 'R4:L5:I3:T8', 'R4:L5:I4:T6', 'R4:L5:I4:T8']",8,0,0,64,failed,1,cuda:0,returncode=1,2026-06-07T00:24:17.964033+00:00,phase4_BALANCE_CUDA_R8_S01_5090D_20260606T221157Z_partial_raw_0046_cuda0,5.233586254000329,runs/phase4_algorithm_factory/phase4_BALANCE_CUDA_R8_S01_5090D_20260606T221157Z/logs/partial_raw_0046_cuda0.log,2026-06-07T00:24:23.200335+00:00
partial_raw_0047,partial_raw,"['R4:L5:I7:T6', 'R4:L5:I7:T8', 'R4:L5:I8:T6', 'R4:L5:I8:T8', 'R4:L5:I1+I3+I7:T6', 'R4:L5:I1+I3+I7:T8', 'R4:L5:I1+I2+I3+I8:T6', 'R4:L5:I1+I2+I3+I8:T8']",8,0,0,64,failed,1,cuda:0,returncode=1,2026-06-07T00:24:18.200513+00:00,phase4_BALANCE_CUDA_R8_S01_5090D_20260606T221157Z_partial_raw_0047_cuda0,4.640732501000457,runs/phase4_algorithm_factory/phase4_BALANCE_CUDA_R8_S01_5090D_20260606T221157Z/logs/partial_raw_0047_cuda0.log,2026-06-07T00:24:22.842444+00:00
partial_raw_0048,partial_raw,"['R4:L7:I0:T6', 'R4:L7:I0:T8', 'R4:L7:I1:T6', 'R4:L7:I1:T8', 'R4:L7:I3:T6', 'R4:L7:I3:T8', 'R4:L7:I4:T6', 'R4:L7:I4:T8']",8,0,0,64,failed,1,cuda:0,returncode=1,2026-06-07T00:24:18.214767+00:00,phase4_BALANCE_CUDA_R8_S01_5090D_20260606T221157Z_partial_raw_0048_cuda0,7.197472349000236,runs/phase4_algorithm_factory/phase4_BALANCE_CUDA_R8_S01_5090D_20260606T221157Z/logs/partial_raw_0048_cuda0.log,2026-06-07T00:24:25.415782+00:00
partial_raw_0049,partial_raw,"['R4:L7:I7:T6', 'R4:L7:I7:T8', 'R4:L7:I8:T6', 'R4:L7:I8:T8', 'R4:L7:I1+I3+I7:T6', 'R4:L7:I1+I3+I7:T8', 'R4:L7:I1+I2+I3+I8:T6', 'R4:L7:I1+I2+I3+I8:T8']",8,0,0,64,failed,1,cuda:0,returncode=1,2026-06-07T00:24:18.424818+00:00,phase4_BALANCE_CUDA_R8_S01_5090D_20260606T221157Z_partial_raw_0049_cuda0,6.081252828000288,runs/phase4_algorithm_factory/phase4_BALANCE_CUDA_R8_S01_5090D_20260606T221157Z/logs/partial_raw_0049_cuda0.log,2026-06-07T00:24:24.512486+00:00
partial_raw_0050,partial_raw,"['R4:L8:I0:T6', 'R4:L8:I0:T8', 'R4:L8:I1:T6', 'R4:L8:I1:T8', 'R4:L8:I3:T6', 'R4:L8:I3:T8', 'R4:L8:I4:T6', 'R4:L8:I4:T8']",8,0,0,64,failed,1,cuda:0,returncode=1,2026-06-07T00:24:18.605859+00:00,phase4_BALANCE_CUDA_R8_S01_5090D_20260606T221157Z_partial_raw_0050_cuda0,4.991324013999474,runs/phase4_algorithm_factory/phase4_BALANCE_CUDA_R8_S01_5090D_20260606T221157Z/logs/partial_raw_0050_cuda0.log,2026-06-07T00:24:23.600779+00:00
partial_raw_0051,partial_raw,"['R4:L8:I7:T6', 'R4:L8:I7:T8', 'R4:L8:I8:T6', 'R4:L8:I8:T8', 'R4:L8:I1+I3+I7:T6', 'R4:L8:I1+I3+I7:T8', 'R4:L8:I1+I2+I3+I8:T6', 'R4:L8:I1+I2+I3+I8:T8']",8,0,0,64,failed,1,cuda:0,returncode=1,2026-06-07T00:24:18.705292+00:00,phase4_BALANCE_CUDA_R8_S01_5090D_20260606T221157Z_partial_raw_0051_cuda0,5.745831180000096,runs/phase4_algorithm_factory/phase4_BALANCE_CUDA_R8_S01_5090D_20260606T221157Z/logs/partial_raw_0051_cuda0.log,2026-06-07T00:24:24.452243+00:00
partial_raw_0052,partial_raw,"['R4:L10:I0:T6', 'R4:L10:I0:T8', 'R4:L10:I1:T6', 'R4:L10:I1:T8', 'R4:L10:I3:T6', 'R4:L10:I3:T8', 'R4:L10:I4:T6', 'R4:L10:I4:T8']",8,0,0,64,failed,1,cuda:0,returncode=1,2026-06-07T00:24:18.805615+00:00,phase4_BALANCE_CUDA_R8_S01_5090D_20260606T221157Z_partial_raw_0052_cuda0,6.8021657099998265,runs/phase4_algorithm_factory/phase4_BALANCE_CUDA_R8_S01_5090D_20260606T221157Z/logs/partial_raw_0052_cuda0.log,2026-06-07T00:24:25.608841+00:00
partial_raw_0053,partial_raw,"['R4:L10:I7:T6', 'R4:L10:I7:T8', 'R4:L10:I8:T6', 'R4:L10:I8:T8', 'R4:L10:I1+I3+I7:T6', 'R4:L10:I1+I3+I7:T8', 'R4:L10:I1+I2+I3+I8:T6', 'R4:L10:I1+I2+I3+I8:T8']",8,0,0,64,failed,1,cuda:0,returncode=1,2026-06-07T00:24:18.955973+00:00,phase4_BALANCE_CUDA_R8_S01_5090D_20260606T221157Z_partial_raw_0053_cuda0,5.946699692000038,runs/phase4_algorithm_factory/phase4_BALANCE_CUDA_R8_S01_5090D_20260606T221157Z/logs/partial_raw_0053_cuda0.log,2026-06-07T00:24:24.905388+00:00
partial_raw_0054,partial_raw,"['R4:L11:I0:T6', 'R4:L11:I0:T8', 'R4:L11:I1:T6', 'R4:L11:I1:T8', 'R4:L11:I3:T6', 'R4:L11:I3:T8', 'R4:L11:I4:T6', 'R4:L11:I4:T8']",8,0,0,64,failed,1,cuda:0,returncode=1,2026-06-07T00:24:19.081654+00:00,phase4_BALANCE_CUDA_R8_S01_5090D_20260606T221157Z_partial_raw_0054_cuda0,6.0822851180000725,runs/phase4_algorithm_factory/phase4_BALANCE_CUDA_R8_S01_5090D_20260606T221157Z/logs/partial_raw_0054_cuda0.log,2026-06-07T00:24:25.165067+00:00
partial_raw_0055,partial_raw,"['R4:L11:I7:T6', 'R4:L11:I7:T8', 'R4:L11:I8:T6', 'R4:L11:I8:T8', 'R4:L11:I1+I3+I7:T6', 'R4:L11:I1+I3+I7:T8', 'R4:L11:I1+I2+I3+I8:T6', 'R4:L11:I1+I2+I3+I8:T8']",8,0,0,64,failed,1,cuda:0,returncode=1,2026-06-07T00:24:19.162555+00:00,phase4_BALANCE_CUDA_R8_S01_5090D_20260606T221157Z_partial_raw_0055_cuda0,5.099887518001196,runs/phase4_algorithm_factory/phase4_BALANCE_CUDA_R8_S01_5090D_20260606T221157Z/logs/partial_raw_0055_cuda0.log,2026-06-07T00:24:24.263690+00:00
partial_raw_0056,partial_raw,"['R4:L12:I0:T6', 'R4:L12:I0:T8', 'R4:L12:I1:T6', 'R4:L12:I1:T8', 'R4:L12:I3:T6', 'R4:L12:I3:T8', 'R4:L12:I4:T6', 'R4:L12:I4:T8']",8,0,0,64,failed,1,cuda:0,returncode=1,2026-06-07T00:24:19.196211+00:00,phase4_BALANCE_CUDA_R8_S01_5090D_20260606T221157Z_partial_raw_0056_cuda0,4.647626121999565,runs/phase4_algorithm_factory/phase4_BALANCE_CUDA_R8_S01_5090D_20260606T221157Z/logs/partial_raw_0056_cuda0.log,2026-06-07T00:24:23.844966+00:00
partial_raw_0057,partial_raw,"['R4:L12:I7:T6', 'R4:L12:I7:T8', 'R4:L12:I8:T6', 'R4:L12:I8:T8', 'R4:L12:I1+I3+I7:T6', 'R4:L12:I1+I3+I7:T8', 'R4:L12:I1+I2+I3+I8:T6', 'R4:L12:I1+I2+I3+I8:T8']",8,0,0,64,failed,1,cuda:0,returncode=1,2026-06-07T00:24:19.312240+00:00,phase4_BALANCE_CUDA_R8_S01_5090D_20260606T221157Z_partial_raw_0057_cuda0,6.696932275999643,runs/phase4_algorithm_factory/phase4_BALANCE_CUDA_R8_S01_5090D_20260606T221157Z/logs/partial_raw_0057_cuda0.log,2026-06-07T00:24:26.012017+00:00
partial_raw_0058,partial_raw,"['R4:L13:I0:T6', 'R4:L13:I0:T8', 'R4:L13:I1:T6', 'R4:L13:I1:T8', 'R4:L13:I3:T6', 'R4:L13:I3:T8', 'R4:L13:I4:T6', 'R4:L13:I4:T8']",8,0,0,64,failed,1,cuda:0,returncode=1,2026-06-07T00:24:19.459085+00:00,phase4_BALANCE_CUDA_R8_S01_5090D_20260606T221157Z_partial_raw_0058_cuda0,4.994129607001014,runs/phase4_algorithm_factory/phase4_BALANCE_CUDA_R8_S01_5090D_20260606T221157Z/logs/partial_raw_0058_cuda0.log,2026-06-07T00:24:24.454737+00:00
partial_raw_0059,partial_raw,"['R4:L13:I7:T6', 'R4:L13:I7:T8', 'R4:L13:I8:T6', 'R4:L13:I8:T8', 'R4:L13:I1+I3+I7:T6', 'R4:L13:I1+I3+I7:T8', 'R4:L13:I1+I2+I3+I8:T6', 'R4:L13:I1+I2+I3+I8:T8']",8,0,0,64,failed,1,cuda:0,returncode=1,2026-06-07T00:24:19.615996+00:00,phase4_BALANCE_CUDA_R8_S01_5090D_20260606T221157Z_partial_raw_0059_cuda0,5.938483719999567,runs/phase4_algorithm_factory/phase4_BALANCE_CUDA_R8_S01_5090D_20260606T221157Z/logs/partial_raw_0059_cuda0.log,2026-06-07T00:24:25.557257+00:00
partial_raw_0060,partial_raw,"['R4:L14:I0:T6', 'R4:L14:I0:T8', 'R4:L14:I1:T6', 'R4:L14:I1:T8', 'R4:L14:I3:T6', 'R4:L14:I3:T8', 'R4:L14:I4:T6', 'R4:L14:I4:T8']",8,0,0,64,failed,1,cuda:0,returncode=1,2026-06-07T00:24:19.811590+00:00,phase4_BALANCE_CUDA_R8_S01_5090D_20260606T221157Z_partial_raw_0060_cuda0,5.6435178499996255,runs/phase4_algorithm_factory/phase4_BALANCE_CUDA_R8_S01_5090D_20260606T221157Z/logs/partial_raw_0060_cuda0.log,2026-06-07T00:24:25.458651+00:00
partial_raw_0061,partial_raw,"['R4:L14:I7:T6', 'R4:L14:I7:T8', 'R4:L14:I8:T6', 'R4:L14:I8:T8', 'R4:L14:I1+I3+I7:T6', 'R4:L14:I1+I3+I7:T8', 'R4:L14:I1+I2+I3+I8:T6', 'R4:L14:I1+I2+I3+I8:T8']",8,0,0,64,failed,1,cuda:0,returncode=1,2026-06-07T00:24:19.934454+00:00,phase4_BALANCE_CUDA_R8_S01_5090D_20260606T221157Z_partial_raw_0061_cuda0,5.881964288000745,runs/phase4_algorithm_factory/phase4_BALANCE_CUDA_R8_S01_5090D_20260606T221157Z/logs/partial_raw_0061_cuda0.log,2026-06-07T00:24:25.817759+00:00
partial_raw_0062,partial_raw,"['R4:L15:I0:T6', 'R4:L15:I0:T8', 'R4:L15:I1:T6', 'R4:L15:I1:T8', 'R4:L15:I3:T6', 'R4:L15:I3:T8', 'R4:L15:I4:T6', 'R4:L15:I4:T8']",8,0,0,64,failed,1,cuda:0,returncode=1,2026-06-07T00:24:20.036887+00:00,phase4_BALANCE_CUDA_R8_S01_5090D_20260606T221157Z_partial_raw_0062_cuda0,5.981546699998944,runs/phase4_algorithm_factory/phase4_BALANCE_CUDA_R8_S01_5090D_20260606T221157Z/logs/partial_raw_0062_cuda0.log,2026-06-07T00:24:26.019665+00:00
partial_raw_0063,partial_raw,"['R4:L15:I7:T6', 'R4:L15:I7:T8', 'R4:L15:I8:T6', 'R4:L15:I8:T8', 'R4:L15:I1+I3+I7:T6', 'R4:L15:I1+I3+I7:T8', 'R4:L15:I1+I2+I3+I8:T6', 'R4:L15:I1+I2+I3+I8:T8']",8,0,0,64,failed,1,cuda:0,returncode=1,2026-06-07T00:24:20.337171+00:00,phase4_BALANCE_CUDA_R8_S01_5090D_20260606T221157Z_partial_raw_0063_cuda0,5.6560988549990725,runs/phase4_algorithm_factory/phase4_BALANCE_CUDA_R8_S01_5090D_20260606T221157Z/logs/partial_raw_0063_cuda0.log,2026-06-07T00:24:25.995893+00:00
partial_raw_0064,partial_raw,"['R4:L16:I0:T6', 'R4:L16:I0:T8', 'R4:L16:I1:T6', 'R4:L16:I1:T8', 'R4:L16:I3:T6', 'R4:L16:I3:T8', 'R4:L16:I4:T6', 'R4:L16:I4:T8']",8,0,0,64,failed,1,cuda:0,returncode=1,2026-06-07T00:24:20.487259+00:00,phase4_BALANCE_CUDA_R8_S01_5090D_20260606T221157Z_partial_raw_0064_cuda0,5.233826573999977,runs/phase4_algorithm_factory/phase4_BALANCE_CUDA_R8_S01_5090D_20260606T221157Z/logs/partial_raw_0064_cuda0.log,2026-06-07T00:24:25.724074+00:00
partial_raw_0065,partial_raw,"['R4:L16:I7:T6', 'R4:L16:I7:T8', 'R4:L16:I8:T6', 'R4:L16:I8:T8', 'R4:L16:I1+I3+I7:T6', 'R4:L16:I1+I3+I7:T8', 'R4:L16:I1+I2+I3+I8:T6', 'R4:L16:I1+I2+I3+I8:T8']",8,0,0,64,failed,1,cuda:0,returncode=1,2026-06-07T00:24:20.689429+00:00,phase4_BALANCE_CUDA_R8_S01_5090D_20260606T221157Z_partial_raw_0065_cuda0,4.872834392999721,runs/phase4_algorithm_factory/phase4_BALANCE_CUDA_R8_S01_5090D_20260606T221157Z/logs/partial_raw_0065_cuda0.log,2026-06-07T00:24:25.565530+00:00
partial_raw_0066,partial_raw,"['R4:L17:I0:T6', 'R4:L17:I0:T8', 'R4:L17:I1:T6', 'R4:L17:I1:T8', 'R4:L17:I3:T6', 'R4:L17:I3:T8', 'R4:L17:I4:T6', 'R4:L17:I4:T8']",8,0,0,64,failed,1,cuda:0,returncode=1,2026-06-07T00:24:20.741324+00:00,phase4_BALANCE_CUDA_R8_S01_5090D_20260606T221157Z_partial_raw_0066_cuda0,5.076723238000341,runs/phase4_algorithm_factory/phase4_BALANCE_CUDA_R8_S01_5090D_20260606T221157Z/logs/partial_raw_0066_cuda0.log,2026-06-07T00:24:25.820345+00:00
partial_raw_0067,partial_raw,"['R4:L17:I7:T6', 'R4:L17:I7:T8', 'R4:L17:I8:T6', 'R4:L17:I8:T8', 'R4:L17:I1+I3+I7:T6', 'R4:L17:I1+I3+I7:T8', 'R4:L17:I1+I2+I3+I8:T6', 'R4:L17:I1+I2+I3+I8:T8']",8,0,0,64,failed,1,cuda:0,returncode=1,2026-06-07T00:24:20.788036+00:00,phase4_BALANCE_CUDA_R8_S01_5090D_20260606T221157Z_partial_raw_0067_cuda0,5.1784460349990695,runs/phase4_algorithm_factory/phase4_BALANCE_CUDA_R8_S01_5090D_20260606T221157Z/logs/partial_raw_0067_cuda0.log,2026-06-07T00:24:25.971581+00:00
partial_raw_0068,partial_raw,"['R4:L18:I0:T6', 'R4:L18:I0:T8', 'R4:L18:I1:T6', 'R4:L18:I1:T8', 'R4:L18:I3:T6', 'R4:L18:I3:T8', 'R4:L18:I4:T6', 'R4:L18:I4:T8']",8,0,0,64,failed,1,cuda:0,returncode=1,2026-06-07T00:24:20.797946+00:00,phase4_BALANCE_CUDA_R8_S01_5090D_20260606T221157Z_partial_raw_0068_cuda0,5.326949901000262,runs/phase4_algorithm_factory/phase4_BALANCE_CUDA_R8_S01_5090D_20260606T221157Z/logs/partial_raw_0068_cuda0.log,2026-06-07T00:24:26.126088+00:00
partial_raw_0069,partial_raw,"['R4:L18:I7:T6', 'R4:L18:I7:T8', 'R4:L18:I8:T6', 'R4:L18:I8:T8', 'R4:L18:I1+I3+I7:T6', 'R4:L18:I1+I3+I7:T8', 'R4:L18:I1+I2+I3+I8:T6', 'R4:L18:I1+I2+I3+I8:T8']",8,0,0,64,failed,1,cuda:0,returncode=1,2026-06-07T00:24:21.295928+00:00,phase4_BALANCE_CUDA_R8_S01_5090D_20260606T221157Z_partial_raw_0069_cuda0,5.071755605000362,runs/phase4_algorithm_factory/phase4_BALANCE_CUDA_R8_S01_5090D_20260606T221157Z/logs/partial_raw_0069_cuda0.log,2026-06-07T00:24:26.370253+00:00
partial_raw_0070,partial_raw,"['R4:L19:I0:T6', 'R4:L19:I0:T8', 'R4:L19:I1:T6', 'R4:L19:I1:T8', 'R4:L19:I3:T6', 'R4:L19:I3:T8', 'R4:L19:I4:T6', 'R4:L19:I4:T8']",8,0,0,64,failed,1,cuda:0,returncode=1,2026-06-07T00:24:22.845145+00:00,phase4_BALANCE_CUDA_R8_S01_5090D_20260606T221157Z_partial_raw_0070_cuda0,3.9733772729996417,runs/phase4_algorithm_factory/phase4_BALANCE_CUDA_R8_S01_5090D_20260606T221157Z/logs/partial_raw_0070_cuda0.log,2026-06-07T00:24:26.822845+00:00
partial_raw_0071,partial_raw,"['R4:L19:I7:T6', 'R4:L19:I7:T8', 'R4:L19:I8:T6', 'R4:L19:I8:T8', 'R4:L19:I1+I3+I7:T6', 'R4:L19:I1+I3+I7:T8', 'R4:L19:I1+I2+I3+I8:T6', 'R4:L19:I1+I2+I3+I8:T8']",8,0,0,64,failed,1,cuda:0,returncode=1,2026-06-07T00:24:23.203471+00:00,phase4_BALANCE_CUDA_R8_S01_5090D_20260606T221157Z_partial_raw_0071_cuda0,3.6242964809989644,runs/phase4_algorithm_factory/phase4_BALANCE_CUDA_R8_S01_5090D_20260606T221157Z/logs/partial_raw_0071_cuda0.log,2026-06-07T00:24:26.830995+00:00
