experiment_id,seed_id,wall_time_s,status
X_A0_L7_I0_T11,S00,0.41673666600036086,ok
X_A0_L7_I0_T12,S00,0.49092550199929974,ok
X_A0_L7_I1_T11,S00,0.4351270420011133,ok
X_A0_L7_I1_T12,S00,0.4923293380015821,ok
X_A0_L7_I2_T11,S00,0.41317552399777924,ok
X_A0_L7_I2_T12,S00,0.5045546010005637,ok
X_A0_L7_I3_T11,S00,0.41403870599970105,ok
X_A0_L7_I3_T12,S00,0.49635560200113105,ok
X_A0_L7_I4_T11,S00,0.4146804290030559,ok
X_A0_L7_I4_T12,S00,0.4742043520018342,ok
X_A0_L7_I5_T11,S00,0.4132472730016161,ok
X_A0_L7_I5_T12,S00,0.48025608399984776,ok
X_A0_L7_I6_T11,S00,0.4051084649981931,ok
X_A0_L7_I6_T12,S00,0.4758233080028731,ok
X_A0_L7_I7_T11,S00,0.433209494996845,ok
X_A0_L7_I7_T12,S00,0.49111988399818074,ok
X_A0_L7_I8_T11,S00,0.41509235000194167,ok
X_A0_L7_I8_T12,S00,0.488696334999986,ok
X_A1_L7_I0_T11,S00,0.41903092400025344,ok
X_A1_L7_I0_T12,S00,0.486404567000136,ok
X_A1_L7_I1_T11,S00,0.41675154699987615,ok
X_A1_L7_I1_T12,S00,0.5190527640006621,ok
X_A1_L7_I2_T11,S00,0.4081197550003708,ok
X_A1_L7_I2_T12,S00,0.48432365900225705,ok
X_A1_L7_I3_T11,S00,0.4159461440031009,ok
X_A1_L7_I3_T12,S00,0.4738967119992594,ok
X_A1_L7_I4_T11,S00,0.41932423599791946,ok
X_A1_L7_I4_T12,S00,0.48863593400164973,ok
X_A1_L7_I5_T11,S00,0.40726452200033236,ok
X_A1_L7_I5_T12,S00,0.4732016689995362,ok
X_A1_L7_I6_T11,S00,0.4221183049994579,ok
X_A1_L7_I6_T12,S00,0.5294405599997845,ok
X_A1_L7_I7_T11,S00,0.4188516139984131,ok
X_A1_L7_I7_T12,S00,0.4730537989998993,ok
X_A1_L7_I8_T11,S00,0.4056150969990995,ok
X_A1_L7_I8_T12,S00,0.48351827599981334,ok
X_A2_L7_I0_T11,S00,0.40501270499953534,ok
X_A2_L7_I0_T12,S00,0.49903625099977944,ok
X_A2_L7_I1_T11,S00,0.4085829370014835,ok
X_A2_L7_I1_T12,S00,0.48481453099884675,ok
X_A2_L7_I2_T11,S00,0.4279917870007921,ok
X_A2_L7_I2_T12,S00,0.47291026799939573,ok
X_A2_L7_I3_T11,S00,0.40520385499985423,ok
X_A2_L7_I3_T12,S00,0.45255484500012244,ok
X_A2_L7_I4_T11,S00,0.42432467300022836,ok
X_A2_L7_I4_T12,S00,0.4832096749996708,ok
X_A2_L7_I5_T11,S00,0.4353561739990255,ok
X_A2_L7_I5_T12,S00,0.5972395650023827,ok
X_A2_L7_I6_T11,S00,0.4223051570006646,ok
X_A2_L7_I6_T12,S00,0.6067131689997041,ok
X_A2_L7_I7_T11,S00,0.4015088119995198,ok
X_A2_L7_I7_T12,S00,0.5289487800000643,ok
X_A2_L7_I8_T11,S00,0.4278614060021937,ok
X_A2_L7_I8_T12,S00,0.5821495100026368,ok
X_A3_L7_I0_T11,S00,0.535586833000707,ok
X_A3_L7_I0_T12,S00,0.4842131490004249,ok
X_A3_L7_I1_T11,S00,0.4350848530011717,ok
X_A3_L7_I1_T12,S00,0.4921807569990051,ok
X_A3_L7_I2_T11,S00,0.5113466670009075,ok
X_A3_L7_I2_T12,S00,0.49128155499784043,ok
X_A3_L7_I3_T11,S00,0.42984764400171116,ok
X_A3_L7_I3_T12,S00,0.4877815620020556,ok
X_A3_L7_I4_T11,S00,0.43913298700135783,ok
X_A3_L7_I4_T12,S00,0.4945694369998819,ok
X_A3_L7_I5_T11,S00,0.5508481679971737,ok
X_A3_L7_I5_T12,S00,0.47145515300144325,ok
X_A3_L7_I6_T11,S00,0.43455167100182734,ok
X_A3_L7_I6_T12,S00,0.49531469000066863,ok
X_A3_L7_I7_T11,S00,0.4315729499976442,ok
X_A3_L7_I7_T12,S00,0.4709744009996939,ok
X_A3_L7_I8_T11,S00,0.4114169580025191,ok
X_A3_L7_I8_T12,S00,0.5337762979979743,ok
X_A0_U4_P0_L7_I0_T1,S00,0.06146906100184424,ok
X_A0_U4_P0_L7_I0_T2,S00,1.4367935709997255,ok
X_A0_U4_P0_L7_I0_T3,S00,1.4236443640002108,ok
X_A0_U4_P0_L7_I0_T4,S00,1.9356724839999515,ok
X_A0_U4_P0_L7_I0_T5,S00,1.4062561610007833,ok
X_A0_U4_P0_L7_I1_T1,S00,0.06023120600002585,ok
X_A0_U4_P0_L7_I1_T2,S00,1.4150185830003466,ok
X_A0_U4_P0_L7_I1_T3,S00,1.43777896499887,ok
X_A0_U4_P0_L7_I1_T4,S00,1.435089536000305,ok
X_A0_U4_P0_L7_I1_T5,S00,1.3830696680015535,ok
X_A0_U4_P0_L7_I2_T1,S00,0.04732803000297281,ok
X_A0_U4_P0_L7_I2_T2,S00,1.393246215000545,ok
X_A0_U4_P0_L7_I2_T3,S00,1.4054519989986147,ok
X_A0_U4_P0_L7_I2_T4,S00,1.5028830689989263,ok
X_A0_U4_P0_L7_I2_T5,S00,1.4105065680014377,ok
X_A0_U4_P0_L7_I3_T1,S00,0.04401234800025122,ok
X_A0_U4_P0_L7_I3_T2,S00,1.420195522998256,ok
X_A0_U4_P0_L7_I3_T3,S00,1.3186448669985111,ok
X_A0_U4_P0_L7_I3_T4,S00,1.422651021002821,ok
X_A0_U4_P0_L7_I3_T5,S00,1.6660051760009082,ok
X_A0_U4_P0_L7_I4_T1,S00,0.04252307299975655,ok
X_A0_U4_P0_L7_I4_T2,S00,1.3917891009987216,ok
X_A0_U4_P0_L7_I4_T3,S00,1.395879215997411,ok
X_A0_U4_P0_L7_I4_T4,S00,1.4251085610012524,ok
X_A0_U4_P0_L7_I4_T5,S00,1.309105043997988,ok
X_A0_U4_P0_L7_I5_T1,S00,0.046173216000170214,ok
X_A0_U4_P0_L7_I5_T2,S00,1.3973425010008214,ok
X_A0_U4_P0_L7_I5_T3,S00,1.400800243998674,ok
X_A0_U4_P0_L7_I5_T4,S00,1.3930369159970724,ok
X_A0_U4_P0_L7_I5_T5,S00,1.4032535430014832,ok
X_A0_U4_P0_L7_I6_T1,S00,0.043126905002282,ok
X_A0_U4_P0_L7_I6_T2,S00,1.3899410150006588,ok
X_A0_U4_P0_L7_I6_T3,S00,1.3066486259995145,ok
X_A0_U4_P0_L7_I6_T4,S00,1.3797952390013961,ok
X_A0_U4_P0_L7_I6_T5,S00,1.3928583859997161,ok
X_A0_U4_P0_L7_I7_T1,S00,0.04701827900134958,ok
X_A0_U4_P0_L7_I7_T2,S00,1.4026650309970137,ok
X_A0_U4_P0_L7_I7_T3,S00,1.4369021050006268,ok
X_A0_U4_P0_L7_I7_T4,S00,1.500279292002233,ok
X_A0_U4_P0_L7_I7_T5,S00,1.4088709040006506,ok
X_A0_U4_P0_L7_I8_T1,S00,0.0427558030023647,ok
X_A0_U4_P0_L7_I8_T2,S00,1.3948493740026606,ok
X_A0_U4_P0_L7_I8_T3,S00,1.4964294390010764,ok
X_A0_U4_P0_L7_I8_T4,S00,1.4379409290013427,ok
X_A0_U4_P0_L7_I8_T5,S00,1.5456877659999009,ok
X_A0_U4_P1_L7_I0_T1,S00,0.04469467099988833,ok
X_A0_U4_P1_L7_I0_T2,S00,1.525593153997761,ok
X_A0_U4_P1_L7_I0_T3,S00,1.4891360930014343,ok
X_A0_U4_P1_L7_I0_T4,S00,1.3807079729995166,ok
X_A0_U4_P1_L7_I0_T5,S00,1.486511253999197,ok
X_A0_U4_P1_L7_I1_T1,S00,0.044505529000161914,ok
X_A0_U4_P1_L7_I1_T2,S00,1.3113893439985986,ok
X_A0_U4_P1_L7_I1_T3,S00,1.3910241310004494,ok
X_A0_U4_P1_L7_I1_T4,S00,1.3866560550013673,ok
X_A0_U4_P1_L7_I1_T5,S00,1.4004549750025035,ok
X_A0_U4_P1_L7_I2_T1,S00,0.04362680700069177,ok
X_A0_U4_P1_L7_I2_T2,S00,1.425748975998431,ok
X_A0_U4_P1_L7_I2_T3,S00,1.320877718997508,ok
X_A0_U4_P1_L7_I2_T4,S00,1.4114089740032796,ok
X_A0_U4_P1_L7_I2_T5,S00,1.386033013000997,ok
X_A0_U4_P1_L7_I3_T1,S00,0.042094321997865336,ok
X_A0_U4_P1_L7_I3_T2,S00,1.305525474002934,ok
X_A0_U4_P1_L7_I3_T3,S00,1.3924065360006352,ok
X_A0_U4_P1_L7_I3_T4,S00,1.383340054002474,ok
X_A0_U4_P1_L7_I3_T5,S00,1.3125707090002834,ok
X_A0_U4_P1_L7_I4_T1,S00,0.045608313997945515,ok
X_A0_U4_P1_L7_I4_T2,S00,1.4004881760010903,ok
X_A0_U4_P1_L7_I4_T3,S00,1.4197806550000678,ok
X_A0_U4_P1_L7_I4_T4,S00,1.4147966579985223,ok
X_A0_U4_P1_L7_I4_T5,S00,1.3880482009990374,ok
X_A0_U4_P1_L7_I5_T1,S00,0.043366096000681864,ok
X_A0_U4_P1_L7_I5_T2,S00,1.313718184002937,ok
X_A0_U4_P1_L7_I5_T3,S00,1.4127014110017626,ok
X_A0_U4_P1_L7_I5_T4,S00,1.4065058779997344,ok
X_A0_U4_P1_L7_I5_T5,S00,1.3208051089968649,ok
X_A0_U4_P1_L7_I6_T1,S00,0.04494469200290041,ok
X_A0_U4_P1_L7_I6_T2,S00,1.4135395039993455,ok
X_A0_U4_P1_L7_I6_T3,S00,1.33978192900031,ok
X_A0_U4_P1_L7_I6_T4,S00,1.4058716960025777,ok
X_A0_U4_P1_L7_I6_T5,S00,1.3969530739996117,ok
X_A0_U4_P1_L7_I7_T1,S00,0.04199725099897478,ok
X_A0_U4_P1_L7_I7_T2,S00,1.3073389419987507,ok
X_A0_U4_P1_L7_I7_T3,S00,1.3978148870010045,ok
X_A0_U4_P1_L7_I7_T4,S00,1.3222786549995362,ok
X_A0_U4_P1_L7_I7_T5,S00,1.3940904039991437,ok
X_A0_U4_P1_L7_I8_T1,S00,0.04311331500139204,ok
X_A0_U4_P1_L7_I8_T2,S00,1.3076663030005875,ok
X_A0_U4_P1_L7_I8_T3,S00,1.3953718490010942,ok
X_A0_U4_P1_L7_I8_T4,S00,1.4380718920001527,ok
X_A0_U4_P1_L7_I8_T5,S00,1.4046555130007619,ok
X_A0_U4_P2_L7_I0_T1,S00,0.04921301699869218,ok
X_A0_U4_P2_L7_I0_T2,S00,1.3099446320011339,ok
X_A0_U4_P2_L7_I0_T3,S00,1.3156793029993423,ok
X_A0_U4_P2_L7_I0_T4,S00,1.4441861960003735,ok
X_A0_U4_P2_L7_I0_T5,S00,1.3876083620016288,ok
X_A0_U4_P2_L7_I1_T1,S00,0.04292212499785819,ok
X_A0_U4_P2_L7_I1_T2,S00,1.3103966139969998,ok
X_A0_U4_P2_L7_I1_T3,S00,1.399601735000033,ok
X_A0_U4_P2_L7_I1_T4,S00,1.3927993910001533,ok
X_A0_U4_P2_L7_I1_T5,S00,1.3920486880015233,ok
X_A0_U4_P2_L7_I2_T1,S00,0.04288998500123853,ok
X_A0_U4_P2_L7_I2_T2,S00,1.318932735000999,ok
X_A0_U4_P2_L7_I2_T3,S00,1.3172854599979473,ok
X_A0_U4_P2_L7_I2_T4,S00,1.3909156849986175,ok
X_A0_U4_P2_L7_I2_T5,S00,1.4105197450007836,ok
X_A0_U4_P2_L7_I3_T1,S00,0.04234981300032814,ok
X_A0_U4_P2_L7_I3_T2,S00,1.3054448869988846,ok
X_A0_U4_P2_L7_I3_T3,S00,1.3943310169997858,ok
X_A0_U4_P2_L7_I3_T4,S00,1.4012093810015358,ok
X_A0_U4_P2_L7_I3_T5,S00,1.3884424560019397,ok
X_A0_U4_P2_L7_I4_T1,S00,0.0433176460028335,ok
X_A0_U4_P2_L7_I4_T2,S00,1.3940733859999455,ok
X_A0_U4_P2_L7_I4_T3,S00,1.4078375459976087,ok
X_A0_U4_P2_L7_I4_T4,S00,1.4894099190023553,ok
X_A0_U4_P2_L7_I4_T5,S00,1.4744543349988817,ok
X_A0_U4_P2_L7_I5_T1,S00,0.04325487599999178,ok
X_A0_U4_P2_L7_I5_T2,S00,1.3932402940008615,ok
X_A0_U4_P2_L7_I5_T3,S00,1.4067807319988788,ok
X_A0_U4_P2_L7_I5_T4,S00,1.3980224009974336,ok
X_A0_U4_P2_L7_I5_T5,S00,1.5075195650024398,ok
X_A0_U4_P2_L7_I6_T1,S00,0.043091985000501154,ok
X_A0_U4_P2_L7_I6_T2,S00,1.3170429399979184,ok
X_A0_U4_P2_L7_I6_T3,S00,1.3258502710014,ok
X_A0_U4_P2_L7_I6_T4,S00,1.3896632010000758,ok
X_A0_U4_P2_L7_I6_T5,S00,1.3073387050026213,ok
X_A0_U4_P2_L7_I7_T1,S00,0.046684626999194734,ok
X_A0_U4_P2_L7_I7_T2,S00,1.4146277410000039,ok
X_A0_U4_P2_L7_I7_T3,S00,1.474014104998787,ok
X_A0_U4_P2_L7_I7_T4,S00,1.4958622039994225,ok
X_A0_U4_P2_L7_I7_T5,S00,1.3888872490024369,ok
X_A0_U4_P2_L7_I8_T1,S00,0.04280428399943048,ok
X_A0_U4_P2_L7_I8_T2,S00,1.3223387199977878,ok
X_A0_U4_P2_L7_I8_T3,S00,1.3194622299997718,ok
X_A0_U4_P2_L7_I8_T4,S00,1.3134071180029423,ok
X_A0_U4_P2_L7_I8_T5,S00,1.3942005489989242,ok
X_A0_U4_P3_L7_I0_T1,S00,0.049007966998033226,ok
X_A0_U4_P3_L7_I0_T2,S00,1.4231577330028813,ok
X_A0_U4_P3_L7_I0_T3,S00,1.4095759240008192,ok
X_A0_U4_P3_L7_I0_T4,S00,1.4068192439990526,ok
X_A0_U4_P3_L7_I0_T5,S00,1.3944119199986744,ok
X_A0_U4_P3_L7_I1_T1,S00,0.043287745997076854,ok
X_A0_U4_P3_L7_I1_T2,S00,1.3233135439986654,ok
X_A0_U4_P3_L7_I1_T3,S00,1.3078533389998483,ok
X_A0_U4_P3_L7_I1_T4,S00,1.3279851309998776,ok
X_A0_U4_P3_L7_I1_T5,S00,1.3889378599997144,ok
X_A0_U4_P3_L7_I2_T1,S00,0.04598458599866717,ok
X_A0_U4_P3_L7_I2_T2,S00,1.3898462540018954,ok
X_A0_U4_P3_L7_I2_T3,S00,1.409722705000604,ok
X_A0_U4_P3_L7_I2_T4,S00,1.4037434339988977,ok
X_A0_U4_P3_L7_I2_T5,S00,1.409708015002252,ok
X_A0_U4_P3_L7_I3_T1,S00,0.04438182999729179,ok
X_A0_U4_P3_L7_I3_T2,S00,1.3101682269989396,ok
X_A0_U4_P3_L7_I3_T3,S00,1.328339102998143,ok
X_A0_U4_P3_L7_I3_T4,S00,1.395110912999371,ok
X_A0_U4_P3_L7_I3_T5,S00,1.3859347809993778,ok
X_A0_U4_P3_L7_I4_T1,S00,0.04508537299989257,ok
X_A0_U4_P3_L7_I4_T2,S00,1.388723721000133,ok
X_A0_U4_P3_L7_I4_T3,S00,1.4236200060004194,ok
X_A0_U4_P3_L7_I4_T4,S00,1.4053632600007404,ok
X_A0_U4_P3_L7_I4_T5,S00,1.3179681159999745,ok
X_A0_U4_P3_L7_I5_T1,S00,0.04389235799681046,ok
X_A0_U4_P3_L7_I5_T2,S00,1.4354965200000152,ok
X_A0_U4_P3_L7_I5_T3,S00,1.3377474080007232,ok
X_A0_U4_P3_L7_I5_T4,S00,1.3961537979994318,ok
X_A0_U4_P3_L7_I5_T5,S00,1.3884607610016246,ok
X_A0_U4_P3_L7_I6_T1,S00,0.04614033599864342,ok
X_A0_U4_P3_L7_I6_T2,S00,1.392816605999542,ok
X_A0_U4_P3_L7_I6_T3,S00,1.4417806120000023,ok
X_A0_U4_P3_L7_I6_T4,S00,1.3947894930024631,ok
X_A0_U4_P3_L7_I6_T5,S00,1.3143903839991253,ok
X_A0_U4_P3_L7_I7_T1,S00,0.043459976001031464,ok
X_A0_U4_P3_L7_I7_T2,S00,1.314424684002006,ok
X_A0_U4_P3_L7_I7_T3,S00,1.4103739290003432,ok
X_A0_U4_P3_L7_I7_T4,S00,1.3979639050012338,ok
X_A0_U4_P3_L7_I7_T5,S00,1.3897262450009293,ok
X_A0_U4_P3_L7_I8_T1,S00,0.04601304599782452,ok
X_A0_U4_P3_L7_I8_T2,S00,1.3962789190009062,ok
X_A0_U4_P3_L7_I8_T3,S00,1.4174566759975278,ok
X_A0_U4_P3_L7_I8_T4,S00,1.4442229519991088,ok
X_A0_U4_P3_L7_I8_T5,S00,1.3360196729991003,ok
X_A0_U4_P4_L7_I0_T1,S00,0.04195297100159223,ok
X_A0_U4_P4_L7_I0_T2,S00,1.31759983700249,ok
X_A0_U4_P4_L7_I0_T3,S00,1.4484923080017325,ok
X_A0_U4_P4_L7_I0_T4,S00,1.4084994939985336,ok
X_A0_U4_P4_L7_I0_T5,S00,1.3988479600011487,ok
X_A0_U4_P4_L7_I1_T1,S00,0.04485904099783511,ok
X_A0_U4_P4_L7_I1_T2,S00,1.3876821100020607,ok
X_A0_U4_P4_L7_I1_T3,S00,1.395108036002057,ok
X_A0_U4_P4_L7_I1_T4,S00,1.4078666920031537,ok
X_A0_U4_P4_L7_I1_T5,S00,1.3100000489976082,ok
X_A0_U4_P4_L7_I2_T1,S00,0.04218055100136553,ok
X_A0_U4_P4_L7_I2_T2,S00,1.314289785001165,ok
X_A0_U4_P4_L7_I2_T3,S00,1.441308282999671,ok
X_A0_U4_P4_L7_I2_T4,S00,1.3963394909987983,ok
X_A0_U4_P4_L7_I2_T5,S00,1.4071255790004216,ok
X_A0_U4_P4_L7_I3_T1,S00,0.04636614700211794,ok
X_A0_U4_P4_L7_I3_T2,S00,1.3951948969988734,ok
X_A0_U4_P4_L7_I3_T3,S00,1.3860562240006402,ok
X_A0_U4_P4_L7_I3_T4,S00,1.4214390410015767,ok
X_A0_U4_P4_L7_I3_T5,S00,1.3944224049992044,ok
X_A0_U4_P4_L7_I4_T1,S00,0.04202543100109324,ok
X_A0_U4_P4_L7_I4_T2,S00,1.4121745980010019,ok
X_A0_U4_P4_L7_I4_T3,S00,1.4493136429991864,ok
X_A0_U4_P4_L7_I4_T4,S00,1.3833142949988542,ok
X_A0_U4_P4_L7_I4_T5,S00,1.3978958079969743,ok
X_A0_U4_P4_L7_I5_T1,S00,0.044482159999461146,ok
X_A0_U4_P4_L7_I5_T2,S00,1.3964308119975612,ok
X_A0_U4_P4_L7_I5_T3,S00,1.4933152410012553,ok
X_A0_U4_P4_L7_I5_T4,S00,1.3937238930011517,ok
X_A0_U4_P4_L7_I5_T5,S00,1.317527348001022,ok
X_A0_U4_P4_L7_I6_T1,S00,0.044098418999055866,ok
X_A0_U4_P4_L7_I6_T2,S00,1.3204175680002663,ok
X_A0_U4_P4_L7_I6_T3,S00,1.4559890769996855,ok
X_A0_U4_P4_L7_I6_T4,S00,1.4698203670013754,ok
X_A0_U4_P4_L7_I6_T5,S00,1.4921767080013524,ok
X_A0_U4_P4_L7_I7_T1,S00,0.04192012100247666,ok
X_A0_U4_P4_L7_I7_T2,S00,1.4980522900004871,ok
X_A0_U4_P4_L7_I7_T3,S00,1.314142246999836,ok
X_A0_U4_P4_L7_I7_T4,S00,1.4924404789999244,ok
X_A0_U4_P4_L7_I7_T5,S00,1.3998152259991912,ok
X_A0_U4_P4_L7_I8_T1,S00,0.04272653400039417,ok
X_A0_U4_P4_L7_I8_T2,S00,1.3207295799984422,ok
X_A0_U4_P4_L7_I8_T3,S00,1.5021004949994676,ok
X_A0_U4_P4_L7_I8_T4,S00,1.3839282789995195,ok
X_A0_U4_P4_L7_I8_T5,S00,1.3898523500029114,ok
X_A0_U4_P5_L7_I0_T1,S00,0.04246014300224488,ok
X_A0_U4_P5_L7_I0_T2,S00,1.3101378430001205,ok
X_A0_U4_P5_L7_I0_T3,S00,1.393407922998449,ok
X_A0_U4_P5_L7_I0_T4,S00,1.407239213000139,ok
X_A0_U4_P5_L7_I0_T5,S00,1.4552668559990707,ok
X_A0_U4_P5_L7_I1_T1,S00,0.0423270630017214,ok
X_A0_U4_P5_L7_I1_T2,S00,1.3203201799988165,ok
X_A0_U4_P5_L7_I1_T3,S00,1.3981614299991634,ok
X_A0_U4_P5_L7_I1_T4,S00,1.407911124999373,ok
X_A0_U4_P5_L7_I1_T5,S00,1.3935522540014063,ok
X_A0_U4_P5_L7_I2_T1,S00,0.04273918399849208,ok
X_A0_U4_P5_L7_I2_T2,S00,1.3111202860018238,ok
X_A0_U4_P5_L7_I2_T3,S00,1.3958385530022497,ok
X_A0_U4_P5_L7_I2_T4,S00,1.4169737589982105,ok
X_A0_U4_P5_L7_I2_T5,S00,1.4327875259987195,ok
X_A0_U4_P5_L7_I3_T1,S00,0.04318002599757165,ok
X_A0_U4_P5_L7_I3_T2,S00,1.3211194729992712,ok
X_A0_U4_P5_L7_I3_T3,S00,1.4313150199996016,ok
X_A0_U4_P5_L7_I3_T4,S00,1.399868066997442,ok
X_A0_U4_P5_L7_I3_T5,S00,1.4048975160003465,ok
X_A0_U4_P5_L7_I4_T1,S00,0.0424370029977581,ok
X_A0_U4_P5_L7_I4_T2,S00,1.3167561879999994,ok
X_A0_U4_P5_L7_I4_T3,S00,1.3943744680000236,ok
X_A0_U4_P5_L7_I4_T4,S00,1.399498565999238,ok
X_A0_U4_P5_L7_I4_T5,S00,1.3181181629988714,ok
X_A0_U4_P5_L7_I5_T1,S00,0.04542060399762704,ok
X_A0_U4_P5_L7_I5_T2,S00,1.4119675110014214,ok
X_A0_U4_P5_L7_I5_T3,S00,1.3859082579983806,ok
X_A0_U4_P5_L7_I5_T4,S00,1.4135439979982038,ok
X_A0_U4_P5_L7_I5_T5,S00,1.3881362760002958,ok
X_A0_U4_P5_L7_I6_T1,S00,0.04372871799932909,ok
X_A0_U4_P5_L7_I6_T2,S00,1.318539015002898,ok
X_A0_U4_P5_L7_I6_T3,S00,1.3945904889988014,ok
X_A0_U4_P5_L7_I6_T4,S00,1.3231604020002123,ok
X_A0_U4_P5_L7_I6_T5,S00,1.4104183070012368,ok
X_A0_U4_P5_L7_I7_T1,S00,0.0452726330004225,ok
X_A0_U4_P5_L7_I7_T2,S00,1.437117613000737,ok
X_A0_U4_P5_L7_I7_T3,S00,1.3853235860005952,ok
X_A0_U4_P5_L7_I7_T4,S00,1.399630468000396,ok
X_A0_U4_P5_L7_I7_T5,S00,1.3879777570000442,ok
X_A0_U4_P5_L7_I8_T1,S00,0.04276692499843193,ok
X_A0_U4_P5_L7_I8_T2,S00,1.3132516969999415,ok
X_A0_U4_P5_L7_I8_T3,S00,1.3238933349966828,ok
X_A0_U4_P5_L7_I8_T4,S00,1.3955392240022775,ok
X_A0_U4_P5_L7_I8_T5,S00,1.4142781509981432,ok
X_A1_U4_P0_L7_I0_T1,S00,0.04921328699856531,ok
X_A1_U4_P0_L7_I0_T2,S00,1.4377327160000277,ok
X_A1_U4_P0_L7_I0_T3,S00,1.3902822249983728,ok
X_A1_U4_P0_L7_I0_T4,S00,1.4121482640002796,ok
X_A1_U4_P0_L7_I0_T5,S00,1.3893685920011194,ok
X_A1_U4_P0_L7_I1_T1,S00,0.043375995999667794,ok
X_A1_U4_P0_L7_I1_T2,S00,1.3201069720016676,ok
X_A1_U4_P0_L7_I1_T3,S00,1.3170929019979667,ok
X_A1_U4_P0_L7_I1_T4,S00,1.390844756999286,ok
X_A1_U4_P0_L7_I1_T5,S00,1.4170480419998057,ok
X_A1_U4_P0_L7_I2_T1,S00,0.049421757998061366,ok
X_A1_U4_P0_L7_I2_T2,S00,1.4102706870035036,ok
X_A1_U4_P0_L7_I2_T3,S00,1.365001484999084,ok
X_A1_U4_P0_L7_I2_T4,S00,1.4153355759990518,ok
X_A1_U4_P0_L7_I2_T5,S00,1.3938227979997464,ok
X_A1_U4_P0_L7_I3_T1,S00,0.043381005998526234,ok
X_A1_U4_P0_L7_I3_T2,S00,1.361778503000096,ok
X_A1_U4_P0_L7_I3_T3,S00,1.3745766290012398,ok
X_A1_U4_P0_L7_I3_T4,S00,1.402968262998911,ok
X_A1_U4_P0_L7_I3_T5,S00,1.4068349860026501,ok
X_A1_U4_P0_L7_I4_T1,S00,0.045920194999780506,ok
X_A1_U4_P0_L7_I4_T2,S00,1.384234445002221,ok
X_A1_U4_P0_L7_I4_T3,S00,1.318418388000282,ok
X_A1_U4_P0_L7_I4_T4,S00,1.413437821000116,ok
X_A1_U4_P0_L7_I4_T5,S00,1.3958135870016122,ok
X_A1_U4_P0_L7_I5_T1,S00,0.04644268799893325,ok
X_A1_U4_P0_L7_I5_T2,S00,1.4493895509986032,ok
X_A1_U4_P0_L7_I5_T3,S00,1.506698276996758,ok
X_A1_U4_P0_L7_I5_T4,S00,1.3878813189985522,ok
X_A1_U4_P0_L7_I5_T5,S00,1.400717065000208,ok
X_A1_U4_P0_L7_I6_T1,S00,0.051991087002534186,ok
X_A1_U4_P0_L7_I6_T2,S00,1.395418604999577,ok
X_A1_U4_P0_L7_I6_T3,S00,1.3443920720019378,ok
X_A1_U4_P0_L7_I6_T4,S00,1.3926918960023613,ok
X_A1_U4_P0_L7_I6_T5,S00,1.413444930996775,ok
X_A1_U4_P0_L7_I7_T1,S00,0.04377700799886952,ok
X_A1_U4_P0_L7_I7_T2,S00,1.324150639000436,ok
X_A1_U4_P0_L7_I7_T3,S00,1.3997585920005804,ok
X_A1_U4_P0_L7_I7_T4,S00,1.3894581239983381,ok
X_A1_U4_P0_L7_I7_T5,S00,1.475064513997495,ok
X_A1_U4_P0_L7_I8_T1,S00,0.04493935299979057,ok
X_A1_U4_P0_L7_I8_T2,S00,1.4295878500015533,ok
X_A1_U4_P0_L7_I8_T3,S00,1.4008536959991034,ok
X_A1_U4_P0_L7_I8_T4,S00,1.4006640049992711,ok
X_A1_U4_P0_L7_I8_T5,S00,1.4904198300027929,ok
X_A1_U4_P1_L7_I0_T1,S00,0.04373005800152896,ok
X_A1_U4_P1_L7_I0_T2,S00,1.3299159499983944,ok
X_A1_U4_P1_L7_I0_T3,S00,1.395823308997933,ok
X_A1_U4_P1_L7_I0_T4,S00,1.4934607510003843,ok
X_A1_U4_P1_L7_I0_T5,S00,1.4054234730028838,ok
X_A1_U4_P1_L7_I1_T1,S00,0.045596914998895954,ok
X_A1_U4_P1_L7_I1_T2,S00,1.3191788920012186,ok
X_A1_U4_P1_L7_I1_T3,S00,1.4930671290021564,ok
X_A1_U4_P1_L7_I1_T4,S00,1.517330917999061,ok
X_A1_U4_P1_L7_I1_T5,S00,1.4242147209988616,ok
X_A1_U4_P1_L7_I2_T1,S00,0.04380435799976112,ok
X_A1_U4_P1_L7_I2_T2,S00,1.3270373699997435,ok
X_A1_U4_P1_L7_I2_T3,S00,1.3976869650032313,ok
X_A1_U4_P1_L7_I2_T4,S00,1.3960739700014528,ok
X_A1_U4_P1_L7_I2_T5,S00,1.3935633120017883,ok
X_A1_U4_P1_L7_I3_T1,S00,0.044286690001172246,ok
X_A1_U4_P1_L7_I3_T2,S00,1.3233341080012906,ok
X_A1_U4_P1_L7_I3_T3,S00,1.4098046199978853,ok
X_A1_U4_P1_L7_I3_T4,S00,1.4057538160013792,ok
X_A1_U4_P1_L7_I3_T5,S00,1.3327385820011841,ok
X_A1_U4_P1_L7_I4_T1,S00,0.04513759299879894,ok
X_A1_U4_P1_L7_I4_T2,S00,1.4103815919988847,ok
X_A1_U4_P1_L7_I4_T3,S00,1.3869825080000737,ok
X_A1_U4_P1_L7_I4_T4,S00,1.3946078860026319,ok
X_A1_U4_P1_L7_I4_T5,S00,1.3913747740007238,ok
X_A1_U4_P1_L7_I5_T1,S00,0.042634813999029575,ok
X_A1_U4_P1_L7_I5_T2,S00,1.3354969920001167,ok
X_A1_U4_P1_L7_I5_T3,S00,1.3893239469980472,ok
X_A1_U4_P1_L7_I5_T4,S00,1.4029625059993123,ok
X_A1_U4_P1_L7_I5_T5,S00,1.3293686809993233,ok
X_A1_U4_P1_L7_I6_T1,S00,0.04456238100101473,ok
X_A1_U4_P1_L7_I6_T2,S00,1.4064024280014564,ok
X_A1_U4_P1_L7_I6_T3,S00,1.3880500230006874,ok
X_A1_U4_P1_L7_I6_T4,S00,1.3942666049988475,ok
X_A1_U4_P1_L7_I6_T5,S00,1.3816897090000566,ok
X_A1_U4_P1_L7_I7_T1,S00,0.042516544002864975,ok
X_A1_U4_P1_L7_I7_T2,S00,1.3290527700009989,ok
X_A1_U4_P1_L7_I7_T3,S00,1.4119924300030107,ok
X_A1_U4_P1_L7_I7_T4,S00,1.342403008002293,ok
X_A1_U4_P1_L7_I7_T5,S00,1.4012998510006582,ok
X_A1_U4_P1_L7_I8_T1,S00,0.04439822099811863,ok
X_A1_U4_P1_L7_I8_T2,S00,1.4003573680020054,ok
X_A1_U4_P1_L7_I8_T3,S00,1.3866248880003695,ok
X_A1_U4_P1_L7_I8_T4,S00,1.3397207090019947,ok
X_A1_U4_P1_L7_I8_T5,S00,1.3874635020001733,ok
X_A1_U4_P2_L7_I0_T1,S00,0.04465797100056079,ok
X_A1_U4_P2_L7_I0_T2,S00,1.3349199020012747,ok
X_A1_U4_P2_L7_I0_T3,S00,1.3829427450000367,ok
X_A1_U4_P2_L7_I0_T4,S00,1.4034164889999374,ok
X_A1_U4_P2_L7_I0_T5,S00,1.4150012410027557,ok
X_A1_U4_P2_L7_I1_T1,S00,0.044676150999293895,ok
X_A1_U4_P2_L7_I1_T2,S00,1.3822669830005907,ok
X_A1_U4_P2_L7_I1_T3,S00,1.3922501990018645,ok
X_A1_U4_P2_L7_I1_T4,S00,1.3217075840002508,ok
X_A1_U4_P2_L7_I1_T5,S00,1.3897773600001528,ok
X_A1_U4_P2_L7_I2_T1,S00,0.04294874500192236,ok
X_A1_U4_P2_L7_I2_T2,S00,1.317912881000666,ok
X_A1_U4_P2_L7_I2_T3,S00,1.3788891209987924,ok
X_A1_U4_P2_L7_I2_T4,S00,1.4025018169995747,ok
X_A1_U4_P2_L7_I2_T5,S00,1.3934410540023237,ok
X_A1_U4_P2_L7_I3_T1,S00,0.04490349200204946,ok
X_A1_U4_P2_L7_I3_T2,S00,1.4328215659988928,ok
X_A1_U4_P2_L7_I3_T3,S00,1.3834501279998221,ok
X_A1_U4_P2_L7_I3_T4,S00,1.325589438998577,ok
X_A1_U4_P2_L7_I3_T5,S00,1.3904141439998057,ok
X_A1_U4_P2_L7_I4_T1,S00,0.04263391400309047,ok
X_A1_U4_P2_L7_I4_T2,S00,1.3078732150024734,ok
X_A1_U4_P2_L7_I4_T3,S00,1.3951574500024435,ok
X_A1_U4_P2_L7_I4_T4,S00,1.40917795200221,ok
X_A1_U4_P2_L7_I4_T5,S00,1.3998184080010105,ok
X_A1_U4_P2_L7_I5_T1,S00,0.043660848001309205,ok
X_A1_U4_P2_L7_I5_T2,S00,1.3847083829969051,ok
X_A1_U4_P2_L7_I5_T3,S00,1.3220577070023865,ok
X_A1_U4_P2_L7_I5_T4,S00,1.3902671829964675,ok
X_A1_U4_P2_L7_I5_T5,S00,1.405595608997828,ok
X_A1_U4_P2_L7_I6_T1,S00,0.04233341299914173,ok
X_A1_U4_P2_L7_I6_T2,S00,1.316868877998786,ok
X_A1_U4_P2_L7_I6_T3,S00,1.3969247789973451,ok
X_A1_U4_P2_L7_I6_T4,S00,1.4066881830003695,ok
X_A1_U4_P2_L7_I6_T5,S00,1.4093199229973834,ok
X_A1_U4_P2_L7_I7_T1,S00,0.04286412500005099,ok
X_A1_U4_P2_L7_I7_T2,S00,1.3244209559998126,ok
X_A1_U4_P2_L7_I7_T3,S00,1.3863220300008834,ok
X_A1_U4_P2_L7_I7_T4,S00,1.4212942170015594,ok
X_A1_U4_P2_L7_I7_T5,S00,1.3923654819991498,ok
X_A1_U4_P2_L7_I8_T1,S00,0.04224404300111928,ok
X_A1_U4_P2_L7_I8_T2,S00,1.3157325950014638,ok
X_A1_U4_P2_L7_I8_T3,S00,1.4030283200008853,ok
X_A1_U4_P2_L7_I8_T4,S00,1.497537163002562,ok
X_A1_U4_P2_L7_I8_T5,S00,1.401823076997971,ok
X_A1_U4_P3_L7_I0_T1,S00,0.04305677500087768,ok
X_A1_U4_P3_L7_I0_T2,S00,1.3220523679992766,ok
X_A1_U4_P3_L7_I0_T3,S00,1.3848602850011957,ok
X_A1_U4_P3_L7_I0_T4,S00,1.5618617750005797,ok
X_A1_U4_P3_L7_I0_T5,S00,1.5179361369991966,ok
X_A1_U4_P3_L7_I1_T1,S00,0.04313729599743965,ok
X_A1_U4_P3_L7_I1_T2,S00,1.315681645002769,ok
X_A1_U4_P3_L7_I1_T3,S00,1.396372507999331,ok
X_A1_U4_P3_L7_I1_T4,S00,1.3877240660003736,ok
X_A1_U4_P3_L7_I1_T5,S00,1.3939323390004574,ok
X_A1_U4_P3_L7_I2_T1,S00,0.04223900299984962,ok
X_A1_U4_P3_L7_I2_T2,S00,1.340981378001743,ok
X_A1_U4_P3_L7_I2_T3,S00,1.496529020001617,ok
X_A1_U4_P3_L7_I2_T4,S00,1.405364059999556,ok
X_A1_U4_P3_L7_I2_T5,S00,1.4040488559985533,ok
X_A1_U4_P3_L7_I3_T1,S00,0.044907051997142844,ok
X_A1_U4_P3_L7_I3_T2,S00,1.4497710410032596,ok
X_A1_U4_P3_L7_I3_T3,S00,1.3902699560021574,ok
X_A1_U4_P3_L7_I3_T4,S00,1.3847961469982693,ok
X_A1_U4_P3_L7_I3_T5,S00,1.3909640590027266,ok
X_A1_U4_P3_L7_I4_T1,S00,0.04323974599901703,ok
X_A1_U4_P3_L7_I4_T2,S00,1.4114625229995,ok
X_A1_U4_P3_L7_I4_T3,S00,1.4230626349999511,ok
X_A1_U4_P3_L7_I4_T4,S00,1.3969782299973303,ok
X_A1_U4_P3_L7_I4_T5,S00,1.31702640200092,ok
X_A1_U4_P3_L7_I5_T1,S00,0.04504087300301762,ok
X_A1_U4_P3_L7_I5_T2,S00,1.412678198001231,ok
X_A1_U4_P3_L7_I5_T3,S00,1.3901123759969778,ok
X_A1_U4_P3_L7_I5_T4,S00,1.4904641690009157,ok
X_A1_U4_P3_L7_I5_T5,S00,1.389723115000379,ok
X_A1_U4_P3_L7_I6_T1,S00,0.04296972500014817,ok
X_A1_U4_P3_L7_I6_T2,S00,1.3229576939993422,ok
X_A1_U4_P3_L7_I6_T3,S00,1.4007673349988181,ok
X_A1_U4_P3_L7_I6_T4,S00,1.3917700029996922,ok
X_A1_U4_P3_L7_I6_T5,S00,1.3085785819966986,ok
X_A1_U4_P3_L7_I7_T1,S00,0.05141313599960995,ok
X_A1_U4_P3_L7_I7_T2,S00,1.3396017749983002,ok
X_A1_U4_P3_L7_I7_T3,S00,1.5009567979977874,ok
X_A1_U4_P3_L7_I7_T4,S00,1.3836678439984098,ok
X_A1_U4_P3_L7_I7_T5,S00,1.3866588649980258,ok
X_A1_U4_P3_L7_I8_T1,S00,0.04280197500338545,ok
X_A1_U4_P3_L7_I8_T2,S00,1.3205905960021482,ok
X_A1_U4_P3_L7_I8_T3,S00,1.3896020660031354,ok
X_A1_U4_P3_L7_I8_T4,S00,1.310366518999217,ok
X_A1_U4_P3_L7_I8_T5,S00,1.4191623130027438,ok
X_A1_U4_P4_L7_I0_T1,S00,0.04239332300130627,ok
X_A1_U4_P4_L7_I0_T2,S00,1.321756841000024,ok
X_A1_U4_P4_L7_I0_T3,S00,1.3858812329999637,ok
X_A1_U4_P4_L7_I0_T4,S00,1.399389780999627,ok
X_A1_U4_P4_L7_I0_T5,S00,1.3870894569990924,ok
X_A1_U4_P4_L7_I1_T1,S00,0.04226440300044487,ok
X_A1_U4_P4_L7_I1_T2,S00,1.3276949530009006,ok
X_A1_U4_P4_L7_I1_T3,S00,1.31524018699929,ok
X_A1_U4_P4_L7_I1_T4,S00,1.393789650999679,ok
X_A1_U4_P4_L7_I1_T5,S00,1.4094682879986067,ok
X_A1_U4_P4_L7_I2_T1,S00,0.0430130150016339,ok
X_A1_U4_P4_L7_I2_T2,S00,1.3117882349979482,ok
X_A1_U4_P4_L7_I2_T3,S00,1.38650961500025,ok
X_A1_U4_P4_L7_I2_T4,S00,1.3937522619999072,ok
X_A1_U4_P4_L7_I2_T5,S00,1.4113677059976908,ok
X_A1_U4_P4_L7_I3_T1,S00,0.041438568998273695,ok
X_A1_U4_P4_L7_I3_T2,S00,1.3212567800001125,ok
X_A1_U4_P4_L7_I3_T3,S00,1.3074967100001231,ok
X_A1_U4_P4_L7_I3_T4,S00,1.394433304998529,ok
X_A1_U4_P4_L7_I3_T5,S00,1.4015966699989804,ok
X_A1_U4_P4_L7_I4_T1,S00,0.04230509300032281,ok
X_A1_U4_P4_L7_I4_T2,S00,1.3114147739979671,ok
X_A1_U4_P4_L7_I4_T3,S00,1.3870349380013067,ok
X_A1_U4_P4_L7_I4_T4,S00,1.3839998869989358,ok
X_A1_U4_P4_L7_I4_T5,S00,1.39440443499916,ok
X_A1_U4_P4_L7_I5_T1,S00,0.04287562500030617,ok
X_A1_U4_P4_L7_I5_T2,S00,1.322274294001545,ok
X_A1_U4_P4_L7_I5_T3,S00,1.3118673960016167,ok
X_A1_U4_P4_L7_I5_T4,S00,1.4432111120004265,ok
X_A1_U4_P4_L7_I5_T5,S00,1.4077498840015323,ok
X_A1_U4_P4_L7_I6_T1,S00,0.04152888000317034,ok
X_A1_U4_P4_L7_I6_T2,S00,1.3165067139998428,ok
X_A1_U4_P4_L7_I6_T3,S00,1.3936813229993277,ok
X_A1_U4_P4_L7_I6_T4,S00,1.3895378070010338,ok
X_A1_U4_P4_L7_I6_T5,S00,1.3932359009995707,ok
X_A1_U4_P4_L7_I7_T1,S00,0.042945826000504894,ok
X_A1_U4_P4_L7_I7_T2,S00,1.3277576849977777,ok
X_A1_U4_P4_L7_I7_T3,S00,1.3194544250000035,ok
X_A1_U4_P4_L7_I7_T4,S00,1.4358436049988086,ok
X_A1_U4_P4_L7_I7_T5,S00,1.410375972998736,ok
X_A1_U4_P4_L7_I8_T1,S00,0.04229058299824828,ok
X_A1_U4_P4_L7_I8_T2,S00,1.308694216000731,ok
X_A1_U4_P4_L7_I8_T3,S00,1.4161101650024648,ok
X_A1_U4_P4_L7_I8_T4,S00,1.386444167997979,ok
X_A1_U4_P4_L7_I8_T5,S00,1.3124609689984936,ok
X_A1_U4_P5_L7_I0_T1,S00,0.04325977600092301,ok
X_A1_U4_P5_L7_I0_T2,S00,1.3874583409997285,ok
X_A1_U4_P5_L7_I0_T3,S00,1.3223366450001777,ok
X_A1_U4_P5_L7_I0_T4,S00,1.3942629049997777,ok
X_A1_U4_P5_L7_I0_T5,S00,1.4115222090003954,ok
X_A1_U4_P5_L7_I1_T1,S00,0.04190754199953517,ok
X_A1_U4_P5_L7_I1_T2,S00,1.307912183998269,ok
X_A1_U4_P5_L7_I1_T3,S00,1.4142435079993447,ok
X_A1_U4_P5_L7_I1_T4,S00,1.391190585000004,ok
X_A1_U4_P5_L7_I1_T5,S00,1.3117000379970705,ok
X_A1_U4_P5_L7_I2_T1,S00,0.04344408700126223,ok
X_A1_U4_P5_L7_I2_T2,S00,1.3918700280009944,ok
X_A1_U4_P5_L7_I2_T3,S00,1.3323320919989783,ok
X_A1_U4_P5_L7_I2_T4,S00,1.4264239240001189,ok
X_A1_U4_P5_L7_I2_T5,S00,1.390716654001153,ok
X_A1_U4_P5_L7_I3_T1,S00,0.042414332998305326,ok
X_A1_U4_P5_L7_I3_T2,S00,1.3104367129999446,ok
X_A1_U4_P5_L7_I3_T3,S00,1.3925454910022381,ok
X_A1_U4_P5_L7_I3_T4,S00,1.3150741499994183,ok
X_A1_U4_P5_L7_I3_T5,S00,1.5093444029989769,ok
X_A1_U4_P5_L7_I4_T1,S00,0.04278838500249549,ok
X_A1_U4_P5_L7_I4_T2,S00,1.3239164219994564,ok
X_A1_U4_P5_L7_I4_T3,S00,1.4054014880020986,ok
X_A1_U4_P5_L7_I4_T4,S00,1.4052270169995609,ok
X_A1_U4_P5_L7_I4_T5,S00,1.4092681820002326,ok
X_A1_U4_P5_L7_I5_T1,S00,0.0439187089978077,ok
X_A1_U4_P5_L7_I5_T2,S00,1.3944203480023134,ok
X_A1_U4_P5_L7_I5_T3,S00,1.3070490619975317,ok
X_A1_U4_P5_L7_I5_T4,S00,1.3849455640011001,ok
X_A1_U4_P5_L7_I5_T5,S00,1.3191348760010442,ok
X_A1_U4_P5_L7_I6_T1,S00,0.04891224700259045,ok
X_A1_U4_P5_L7_I6_T2,S00,1.3943673379981192,ok
X_A1_U4_P5_L7_I6_T3,S00,1.3953226920020825,ok
X_A1_U4_P5_L7_I6_T4,S00,1.3867798510000284,ok
X_A1_U4_P5_L7_I6_T5,S00,1.3086747879970062,ok
X_A1_U4_P5_L7_I7_T1,S00,0.04404470000008587,ok
X_A1_U4_P5_L7_I7_T2,S00,1.384361913002067,ok
X_A1_U4_P5_L7_I7_T3,S00,1.4139943699992727,ok
X_A1_U4_P5_L7_I7_T4,S00,1.396977178999805,ok
X_A1_U4_P5_L7_I7_T5,S00,1.324819656998443,ok
X_A1_U4_P5_L7_I8_T1,S00,0.04528041400044458,ok
X_A1_U4_P5_L7_I8_T2,S00,1.4007709019970207,ok
X_A1_U4_P5_L7_I8_T3,S00,1.388567387999501,ok
X_A1_U4_P5_L7_I8_T4,S00,1.310273565002717,ok
X_A1_U4_P5_L7_I8_T5,S00,1.4936644689987588,ok
X_A2_U4_P0_L7_I0_T1,S00,0.04551029499998549,ok
X_A2_U4_P0_L7_I0_T2,S00,1.5000171319989022,ok
X_A2_U4_P0_L7_I0_T3,S00,1.3081902979974984,ok
X_A2_U4_P0_L7_I0_T4,S00,1.4047725669988722,ok
X_A2_U4_P0_L7_I0_T5,S00,1.4320723960008763,ok
X_A2_U4_P0_L7_I1_T1,S00,0.04608241699679638,ok
X_A2_U4_P0_L7_I1_T2,S00,1.3951191420019313,ok
X_A2_U4_P0_L7_I1_T3,S00,1.399301896999532,ok
X_A2_U4_P0_L7_I1_T4,S00,1.3106378359989321,ok
X_A2_U4_P0_L7_I1_T5,S00,1.4070009559982282,ok
X_A2_U4_P0_L7_I2_T1,S00,0.04579187599665602,ok
X_A2_U4_P0_L7_I2_T2,S00,1.3866233020016807,ok
X_A2_U4_P0_L7_I2_T3,S00,1.321841756998765,ok
X_A2_U4_P0_L7_I2_T4,S00,1.5466234109990182,ok
X_A2_U4_P0_L7_I2_T5,S00,1.329413805000513,ok
X_A2_U4_P0_L7_I3_T1,S00,0.046108728001854615,ok
X_A2_U4_P0_L7_I3_T2,S00,1.5140215630017337,ok
X_A2_U4_P0_L7_I3_T3,S00,1.4012862950003182,ok
X_A2_U4_P0_L7_I3_T4,S00,1.313938279003196,ok
X_A2_U4_P0_L7_I3_T5,S00,1.395638534999307,ok
X_A2_U4_P0_L7_I4_T1,S00,0.04586545600250247,ok
X_A2_U4_P0_L7_I4_T2,S00,1.3905092970016995,ok
X_A2_U4_P0_L7_I4_T3,S00,1.3192940189983346,ok
X_A2_U4_P0_L7_I4_T4,S00,1.3282959520001896,ok
X_A2_U4_P0_L7_I4_T5,S00,1.397780323997722,ok
X_A2_U4_P0_L7_I5_T1,S00,0.04595813700143481,ok
X_A2_U4_P0_L7_I5_T2,S00,1.4063736040006916,ok
X_A2_U4_P0_L7_I5_T3,S00,1.306524902000092,ok
X_A2_U4_P0_L7_I5_T4,S00,1.383476430997689,ok
X_A2_U4_P0_L7_I5_T5,S00,1.4219967120006913,ok
X_A2_U4_P0_L7_I6_T1,S00,0.043295056999340886,ok
X_A2_U4_P0_L7_I6_T2,S00,1.3883196999995562,ok
X_A2_U4_P0_L7_I6_T3,S00,1.311703112001851,ok
X_A2_U4_P0_L7_I6_T4,S00,1.3285028930004046,ok
X_A2_U4_P0_L7_I6_T5,S00,1.394537042000593,ok
X_A2_U4_P0_L7_I7_T1,S00,0.04318106700156932,ok
X_A2_U4_P0_L7_I7_T2,S00,1.3183963170013158,ok
X_A2_U4_P0_L7_I7_T3,S00,1.3962481689995911,ok
X_A2_U4_P0_L7_I7_T4,S00,1.3848882380007126,ok
X_A2_U4_P0_L7_I7_T5,S00,1.4045494179990783,ok
X_A2_U4_P0_L7_I8_T1,S00,0.04337792699880083,ok
X_A2_U4_P0_L7_I8_T2,S00,1.3861294919988723,ok
X_A2_U4_P0_L7_I8_T3,S00,1.3181627559970366,ok
X_A2_U4_P0_L7_I8_T4,S00,1.3267425570011255,ok
X_A2_U4_P0_L7_I8_T5,S00,1.4307883139990736,ok
X_A2_U4_P1_L7_I0_T1,S00,0.0425568540013046,ok
X_A2_U4_P1_L7_I0_T2,S00,1.347626973001752,ok
X_A2_U4_P1_L7_I0_T3,S00,1.41295591999733,ok
X_A2_U4_P1_L7_I0_T4,S00,1.3899979569978314,ok
X_A2_U4_P1_L7_I0_T5,S00,1.4022648520003713,ok
X_A2_U4_P1_L7_I1_T1,S00,0.04430725099882693,ok
X_A2_U4_P1_L7_I1_T2,S00,1.3123018549995322,ok
X_A2_U4_P1_L7_I1_T3,S00,1.3144264729999122,ok
X_A2_U4_P1_L7_I1_T4,S00,1.3144468530008453,ok
X_A2_U4_P1_L7_I1_T5,S00,1.4197302649990888,ok
X_A2_U4_P1_L7_I2_T1,S00,0.046680029001436196,ok
X_A2_U4_P1_L7_I2_T2,S00,1.4076172509994649,ok
X_A2_U4_P1_L7_I2_T3,S00,1.3944073440034117,ok
X_A2_U4_P1_L7_I2_T4,S00,1.4349621799992747,ok
X_A2_U4_P1_L7_I2_T5,S00,1.3963806310021027,ok
X_A2_U4_P1_L7_I3_T1,S00,0.04336280699862982,ok
X_A2_U4_P1_L7_I3_T2,S00,1.3076461390010081,ok
X_A2_U4_P1_L7_I3_T3,S00,1.3212207590004255,ok
X_A2_U4_P1_L7_I3_T4,S00,1.3186223189986777,ok
X_A2_U4_P1_L7_I3_T5,S00,1.390418259998114,ok
X_A2_U4_P1_L7_I4_T1,S00,0.04517066399785108,ok
X_A2_U4_P1_L7_I4_T2,S00,1.4143911770006525,ok
X_A2_U4_P1_L7_I4_T3,S00,1.4006033770019712,ok
X_A2_U4_P1_L7_I4_T4,S00,1.424212162000913,ok
X_A2_U4_P1_L7_I4_T5,S00,1.399908764000429,ok
X_A2_U4_P1_L7_I5_T1,S00,0.04350683700249647,ok
X_A2_U4_P1_L7_I5_T2,S00,1.313519480998366,ok
X_A2_U4_P1_L7_I5_T3,S00,1.3218971409987716,ok
X_A2_U4_P1_L7_I5_T4,S00,1.3270494799980952,ok
X_A2_U4_P1_L7_I5_T5,S00,1.5494726469987654,ok
X_A2_U4_P1_L7_I6_T1,S00,0.04514803299753112,ok
X_A2_U4_P1_L7_I6_T2,S00,1.3906942009998602,ok
X_A2_U4_P1_L7_I6_T3,S00,1.3689146319993597,ok
X_A2_U4_P1_L7_I6_T4,S00,1.395721278997371,ok
X_A2_U4_P1_L7_I6_T5,S00,1.3302261120006733,ok
X_A2_U4_P1_L7_I7_T1,S00,0.0455147950015089,ok
X_A2_U4_P1_L7_I7_T2,S00,1.3877687109998078,ok
X_A2_U4_P1_L7_I7_T3,S00,1.4038378690020181,ok
X_A2_U4_P1_L7_I7_T4,S00,1.3300392919991282,ok
X_A2_U4_P1_L7_I7_T5,S00,2.157326391999959,ok
X_A2_U4_P1_L7_I8_T1,S00,0.046529299001122126,ok
X_A2_U4_P1_L7_I8_T2,S00,1.328543517000071,ok
X_A2_U4_P1_L7_I8_T3,S00,1.393711312997766,ok
X_A2_U4_P1_L7_I8_T4,S00,1.3870384090005246,ok
X_A2_U4_P1_L7_I8_T5,S00,1.3226493750007648,ok
X_A2_U4_P2_L7_I0_T1,S00,0.045409804999508196,ok
X_A2_U4_P2_L7_I0_T2,S00,1.3336232750007184,ok
X_A2_U4_P2_L7_I0_T3,S00,1.400450577999436,ok
X_A2_U4_P2_L7_I0_T4,S00,1.3920188769989181,ok
X_A2_U4_P2_L7_I0_T5,S00,1.4330868959987129,ok
X_A2_U4_P2_L7_I1_T1,S00,0.04528403400036041,ok
X_A2_U4_P2_L7_I1_T2,S00,1.388037112999882,ok
X_A2_U4_P2_L7_I1_T3,S00,1.4060397279972676,ok
X_A2_U4_P2_L7_I1_T4,S00,1.3199216770008206,ok
X_A2_U4_P2_L7_I1_T5,S00,1.3243510520005657,ok
X_A2_U4_P2_L7_I2_T1,S00,0.044878562999656424,ok
X_A2_U4_P2_L7_I2_T2,S00,1.4014795719995163,ok
X_A2_U4_P2_L7_I2_T3,S00,1.389859710001474,ok
X_A2_U4_P2_L7_I2_T4,S00,1.4701407010034018,ok
X_A2_U4_P2_L7_I2_T5,S00,1.319809256001463,ok
X_A2_U4_P2_L7_I3_T1,S00,0.0457911060002516,ok
X_A2_U4_P2_L7_I3_T2,S00,1.5140866709989496,ok
X_A2_U4_P2_L7_I3_T3,S00,1.3840067189994443,ok
X_A2_U4_P2_L7_I3_T4,S00,1.4269601460000558,ok
X_A2_U4_P2_L7_I3_T5,S00,1.317833019002137,ok
X_A2_U4_P2_L7_I4_T1,S00,0.045032763002382126,ok
X_A2_U4_P2_L7_I4_T2,S00,1.4049626860032731,ok
X_A2_U4_P2_L7_I4_T3,S00,1.4111727079980483,ok
X_A2_U4_P2_L7_I4_T4,S00,1.396043703000032,ok
X_A2_U4_P2_L7_I4_T5,S00,1.3133412930001214,ok
X_A2_U4_P2_L7_I5_T1,S00,0.04867081600241363,ok
X_A2_U4_P2_L7_I5_T2,S00,1.4264546539998264,ok
X_A2_U4_P2_L7_I5_T3,S00,1.3861515270000382,ok
X_A2_U4_P2_L7_I5_T4,S00,1.3214600129977043,ok
X_A2_U4_P2_L7_I5_T5,S00,1.314431898001203,ok
X_A2_U4_P2_L7_I6_T1,S00,0.044940443000086816,ok
X_A2_U4_P2_L7_I6_T2,S00,1.4454785630005063,ok
X_A2_U4_P2_L7_I6_T3,S00,1.5114381420025893,ok
X_A2_U4_P2_L7_I6_T4,S00,1.3884399259986822,ok
X_A2_U4_P2_L7_I6_T5,S00,1.3151887009989878,ok
X_A2_U4_P2_L7_I7_T1,S00,0.04251847399791586,ok
X_A2_U4_P2_L7_I7_T2,S00,1.305382924998412,ok
X_A2_U4_P2_L7_I7_T3,S00,1.4148001419998764,ok
X_A2_U4_P2_L7_I7_T4,S00,1.4258931719996326,ok
X_A2_U4_P2_L7_I7_T5,S00,1.3886896280018846,ok
X_A2_U4_P2_L7_I8_T1,S00,0.04503942399969674,ok
X_A2_U4_P2_L7_I8_T2,S00,1.5768267100029334,ok
X_A2_U4_P2_L7_I8_T3,S00,1.4019648360008432,ok
X_A2_U4_P2_L7_I8_T4,S00,1.3954446120005741,ok
X_A2_U4_P2_L7_I8_T5,S00,1.314650078998966,ok
X_A2_U4_P3_L7_I0_T1,S00,0.04299802600144176,ok
X_A2_U4_P3_L7_I0_T2,S00,1.3081582550003077,ok
X_A2_U4_P3_L7_I0_T3,S00,1.399165886999981,ok
X_A2_U4_P3_L7_I0_T4,S00,1.3988087750003615,ok
X_A2_U4_P3_L7_I0_T5,S00,1.3149274610004795,ok
X_A2_U4_P3_L7_I1_T1,S00,0.04443313099909574,ok
X_A2_U4_P3_L7_I1_T2,S00,1.3839837220002664,ok
X_A2_U4_P3_L7_I1_T3,S00,1.3857217380027578,ok
X_A2_U4_P3_L7_I1_T4,S00,1.4530588130000979,ok
X_A2_U4_P3_L7_I1_T5,S00,1.308037996001076,ok
X_A2_U4_P3_L7_I2_T1,S00,0.042985066000255756,ok
X_A2_U4_P3_L7_I2_T2,S00,1.309190990003117,ok
X_A2_U4_P3_L7_I2_T3,S00,1.3308719090018712,ok
X_A2_U4_P3_L7_I2_T4,S00,1.5109549420012627,ok
X_A2_U4_P3_L7_I2_T5,S00,1.4056562209989352,ok
X_A2_U4_P3_L7_I3_T1,S00,0.044977473000471946,ok
X_A2_U4_P3_L7_I3_T2,S00,1.5106847419992846,ok
X_A2_U4_P3_L7_I3_T3,S00,1.4017925070002093,ok
X_A2_U4_P3_L7_I3_T4,S00,1.4554152509990672,ok
X_A2_U4_P3_L7_I3_T5,S00,1.3068738029978704,ok
X_A2_U4_P3_L7_I4_T1,S00,0.042780735002452275,ok
X_A2_U4_P3_L7_I4_T2,S00,1.3160907560013584,ok
X_A2_U4_P3_L7_I4_T3,S00,1.3182434840018686,ok
X_A2_U4_P3_L7_I4_T4,S00,1.3934065870016639,ok
X_A2_U4_P3_L7_I4_T5,S00,1.407089096999698,ok
X_A2_U4_P3_L7_I5_T1,S00,0.04484787299952586,ok
X_A2_U4_P3_L7_I5_T2,S00,1.3986948669989943,ok
X_A2_U4_P3_L7_I5_T3,S00,1.3860899700011942,ok
X_A2_U4_P3_L7_I5_T4,S00,1.3068696230002388,ok
X_A2_U4_P3_L7_I5_T5,S00,1.4158626989992626,ok
X_A2_U4_P3_L7_I6_T1,S00,0.04329685699849506,ok
X_A2_U4_P3_L7_I6_T2,S00,1.315362223998818,ok
X_A2_U4_P3_L7_I6_T3,S00,1.3215439059968048,ok
X_A2_U4_P3_L7_I6_T4,S00,1.390541475997452,ok
X_A2_U4_P3_L7_I6_T5,S00,1.4318233169979067,ok
X_A2_U4_P3_L7_I7_T1,S00,0.042278404001990566,ok
X_A2_U4_P3_L7_I7_T2,S00,1.3985977859993,ok
X_A2_U4_P3_L7_I7_T3,S00,1.3078540569986217,ok
X_A2_U4_P3_L7_I7_T4,S00,1.3831268709982396,ok
X_A2_U4_P3_L7_I7_T5,S00,1.4382210799994937,ok
X_A2_U4_P3_L7_I8_T1,S00,0.04285982500005048,ok
X_A2_U4_P3_L7_I8_T2,S00,1.3399097139990772,ok
X_A2_U4_P3_L7_I8_T3,S00,1.307299755000713,ok
X_A2_U4_P3_L7_I8_T4,S00,1.401330107000831,ok
X_A2_U4_P3_L7_I8_T5,S00,1.441145520999271,ok
X_A2_U4_P4_L7_I0_T1,S00,0.041879222000716254,ok
X_A2_U4_P4_L7_I0_T2,S00,1.3052732080032001,ok
X_A2_U4_P4_L7_I0_T3,S00,1.3842716050021409,ok
X_A2_U4_P4_L7_I0_T4,S00,1.3855808689986588,ok
X_A2_U4_P4_L7_I0_T5,S00,1.413019309999072,ok
X_A2_U4_P4_L7_I1_T1,S00,0.04276515500168898,ok
X_A2_U4_P4_L7_I1_T2,S00,1.3238732760000858,ok
X_A2_U4_P4_L7_I1_T3,S00,1.3067414940014714,ok
X_A2_U4_P4_L7_I1_T4,S00,1.3956553669995628,ok
X_A2_U4_P4_L7_I1_T5,S00,1.4182069189992035,ok
X_A2_U4_P4_L7_I2_T1,S00,0.04170580199934193,ok
X_A2_U4_P4_L7_I2_T2,S00,1.3062180820015783,ok
X_A2_U4_P4_L7_I2_T3,S00,1.385732280999946,ok
X_A2_U4_P4_L7_I2_T4,S00,1.3874767480010632,ok
X_A2_U4_P4_L7_I2_T5,S00,1.429402838999522,ok
X_A2_U4_P4_L7_I3_T1,S00,0.04246225400129333,ok
X_A2_U4_P4_L7_I3_T2,S00,1.3095748539999477,ok
X_A2_U4_P4_L7_I3_T3,S00,1.3215899280003214,ok
X_A2_U4_P4_L7_I3_T4,S00,1.3952627660000871,ok
X_A2_U4_P4_L7_I3_T5,S00,1.399800323000818,ok
X_A2_U4_P4_L7_I4_T1,S00,0.04204979300266132,ok
X_A2_U4_P4_L7_I4_T2,S00,1.308280540000851,ok
X_A2_U4_P4_L7_I4_T3,S00,1.3904005990007136,ok
X_A2_U4_P4_L7_I4_T4,S00,1.3829408109995711,ok
X_A2_U4_P4_L7_I4_T5,S00,1.4516523710008187,ok
X_A2_U4_P4_L7_I5_T1,S00,0.042206222999084275,ok
X_A2_U4_P4_L7_I5_T2,S00,1.3203787239981466,ok
X_A2_U4_P4_L7_I5_T3,S00,1.321556139002496,ok
X_A2_U4_P4_L7_I5_T4,S00,1.3998994539979321,ok
X_A2_U4_P4_L7_I5_T5,S00,1.3992628710002464,ok
X_A2_U4_P4_L7_I6_T1,S00,0.04159038099896861,ok
X_A2_U4_P4_L7_I6_T2,S00,1.318920629000786,ok
X_A2_U4_P4_L7_I6_T3,S00,1.3969655229993805,ok
X_A2_U4_P4_L7_I6_T4,S00,1.381651358002273,ok
X_A2_U4_P4_L7_I6_T5,S00,1.3110853610014601,ok
X_A2_U4_P4_L7_I7_T1,S00,0.04318963699915912,ok
X_A2_U4_P4_L7_I7_T2,S00,1.4371169289988757,ok
X_A2_U4_P4_L7_I7_T3,S00,1.3169724229992426,ok
X_A2_U4_P4_L7_I7_T4,S00,1.3947134250011004,ok
X_A2_U4_P4_L7_I7_T5,S00,1.3959108989984088,ok
X_A2_U4_P4_L7_I8_T1,S00,0.0418164920010895,ok
X_A2_U4_P4_L7_I8_T2,S00,1.3144095339994237,ok
X_A2_U4_P4_L7_I8_T3,S00,1.3837770960017224,ok
X_A2_U4_P4_L7_I8_T4,S00,1.4269697019990417,ok
X_A2_U4_P4_L7_I8_T5,S00,1.3178410660002555,ok
X_A2_U4_P5_L7_I0_T1,S00,0.04236429400043562,ok
X_A2_U4_P5_L7_I0_T2,S00,1.3284235739993164,ok
X_A2_U4_P5_L7_I0_T3,S00,1.3942410739982734,ok
X_A2_U4_P5_L7_I0_T4,S00,1.413812055001472,ok
X_A2_U4_P5_L7_I0_T5,S00,1.4000231249992794,ok
X_A2_U4_P5_L7_I1_T1,S00,0.1593476890011516,ok
X_A2_U4_P5_L7_I1_T2,S00,1.3241779210002278,ok
X_A2_U4_P5_L7_I1_T3,S00,1.3898748389983666,ok
X_A2_U4_P5_L7_I1_T4,S00,1.3773064029992383,ok
X_A2_U4_P5_L7_I1_T5,S00,1.4513708220001718,ok
X_A2_U4_P5_L7_I2_T1,S00,0.04274687599900062,ok
X_A2_U4_P5_L7_I2_T2,S00,1.3821980610009632,ok
X_A2_U4_P5_L7_I2_T3,S00,1.3812777080020169,ok
X_A2_U4_P5_L7_I2_T4,S00,1.534327134002524,ok
X_A2_U4_P5_L7_I2_T5,S00,1.389777807999053,ok
X_A2_U4_P5_L7_I3_T1,S00,0.04247826400023769,ok
X_A2_U4_P5_L7_I3_T2,S00,1.327216492001753,ok
X_A2_U4_P5_L7_I3_T3,S00,1.3898245290001796,ok
X_A2_U4_P5_L7_I3_T4,S00,1.3778541860010591,ok
X_A2_U4_P5_L7_I3_T5,S00,1.3124561889999313,ok
X_A2_U4_P5_L7_I4_T1,S00,0.04410075999840046,ok
X_A2_U4_P5_L7_I4_T2,S00,1.4012550710031064,ok
X_A2_U4_P5_L7_I4_T3,S00,1.3814020680001704,ok
X_A2_U4_P5_L7_I4_T4,S00,1.3867097189977358,ok
X_A2_U4_P5_L7_I4_T5,S00,1.3838931280006364,ok
X_A2_U4_P5_L7_I5_T1,S00,0.043627969000226585,ok
X_A2_U4_P5_L7_I5_T2,S00,1.3216845019996981,ok
X_A2_U4_P5_L7_I5_T3,S00,1.3823920830000134,ok
X_A2_U4_P5_L7_I5_T4,S00,1.5013154050029698,ok
X_A2_U4_P5_L7_I5_T5,S00,1.3147132169979159,ok
X_A2_U4_P5_L7_I6_T1,S00,0.0440343699992809,ok
X_A2_U4_P5_L7_I6_T2,S00,1.3918006470012187,ok
X_A2_U4_P5_L7_I6_T3,S00,1.3951659400008793,ok
X_A2_U4_P5_L7_I6_T4,S00,1.3858043549989816,ok
X_A2_U4_P5_L7_I6_T5,S00,1.3846742210007505,ok
X_A2_U4_P5_L7_I7_T1,S00,0.043714449002436595,ok
X_A2_U4_P5_L7_I7_T2,S00,1.3304300339987094,ok
X_A2_U4_P5_L7_I7_T3,S00,1.3854938149997906,ok
X_A2_U4_P5_L7_I7_T4,S00,1.3372502290003467,ok
X_A2_U4_P5_L7_I7_T5,S00,1.3981016709985852,ok
X_A2_U4_P5_L7_I8_T1,S00,0.04498096400129725,ok
X_A2_U4_P5_L7_I8_T2,S00,1.527804762001324,ok
X_A2_U4_P5_L7_I8_T3,S00,1.50808324999889,ok
X_A2_U4_P5_L7_I8_T4,S00,1.385741786998551,ok
X_A2_U4_P5_L7_I8_T5,S00,1.3951164999998582,ok
X_A3_U4_P0_L7_I0_T1,S00,0.043263827999908244,ok
X_A3_U4_P0_L7_I0_T2,S00,1.3128115910003544,ok
X_A3_U4_P0_L7_I0_T3,S00,1.3854025449982146,ok
X_A3_U4_P0_L7_I0_T4,S00,1.3268228320011985,ok
X_A3_U4_P0_L7_I0_T5,S00,1.3155500809989462,ok
X_A3_U4_P0_L7_I1_T1,S00,0.04520180400140816,ok
X_A3_U4_P0_L7_I1_T2,S00,1.3940182760015887,ok
X_A3_U4_P0_L7_I1_T3,S00,1.3850234339988674,ok
X_A3_U4_P0_L7_I1_T4,S00,1.381339379997371,ok
X_A3_U4_P0_L7_I1_T5,S00,1.4025610680000682,ok
X_A3_U4_P0_L7_I2_T1,S00,0.042702925002231495,ok
X_A3_U4_P0_L7_I2_T2,S00,1.3128042120006285,ok
X_A3_U4_P0_L7_I2_T3,S00,1.3309138369986613,ok
X_A3_U4_P0_L7_I2_T4,S00,1.5224793540000974,ok
X_A3_U4_P0_L7_I2_T5,S00,1.3091421690005518,ok
X_A3_U4_P0_L7_I3_T1,S00,0.04649654899913003,ok
X_A3_U4_P0_L7_I3_T2,S00,1.3851035250008863,ok
X_A3_U4_P0_L7_I3_T3,S00,1.3947265899987542,ok
X_A3_U4_P0_L7_I3_T4,S00,1.3976400309984456,ok
X_A3_U4_P0_L7_I3_T5,S00,1.5390050139976665,ok
X_A3_U4_P0_L7_I4_T1,S00,0.04342544699829887,ok
X_A3_U4_P0_L7_I4_T2,S00,1.3145419380016392,ok
X_A3_U4_P0_L7_I4_T3,S00,1.3363496479978494,ok
X_A3_U4_P0_L7_I4_T4,S00,1.3108336450022762,ok
X_A3_U4_P0_L7_I4_T5,S00,1.3930428539970308,ok
X_A3_U4_P0_L7_I5_T1,S00,0.045087473998137284,ok
X_A3_U4_P0_L7_I5_T2,S00,1.3888027790017077,ok
X_A3_U4_P0_L7_I5_T3,S00,1.3902802849988802,ok
X_A3_U4_P0_L7_I5_T4,S00,1.3968529189987748,ok
X_A3_U4_P0_L7_I5_T5,S00,1.3273203960015962,ok
X_A3_U4_P0_L7_I6_T1,S00,0.04491576300279121,ok
X_A3_U4_P0_L7_I6_T2,S00,1.3413402670012147,ok
X_A3_U4_P0_L7_I6_T3,S00,1.402430539001216,ok
X_A3_U4_P0_L7_I6_T4,S00,1.329527853999025,ok
X_A3_U4_P0_L7_I6_T5,S00,1.3830717889977677,ok
X_A3_U4_P0_L7_I7_T1,S00,0.04547908499807818,ok
X_A3_U4_P0_L7_I7_T2,S00,1.38896097000179,ok
X_A3_U4_P0_L7_I7_T3,S00,1.4023509189973993,ok
X_A3_U4_P0_L7_I7_T4,S00,1.3864740110002458,ok
X_A3_U4_P0_L7_I7_T5,S00,1.3236750830001256,ok
X_A3_U4_P0_L7_I8_T1,S00,0.04442366200237302,ok
X_A3_U4_P0_L7_I8_T2,S00,1.319538087998808,ok
X_A3_U4_P0_L7_I8_T3,S00,1.3773642480009585,ok
X_A3_U4_P0_L7_I8_T4,S00,1.4010487939995073,ok
X_A3_U4_P0_L7_I8_T5,S00,1.3905939360010962,ok
X_A3_U4_P1_L7_I0_T1,S00,0.04525921499953256,ok
X_A3_U4_P1_L7_I0_T2,S00,1.3989272670005448,ok
X_A3_U4_P1_L7_I0_T3,S00,1.39689379900301,ok
X_A3_U4_P1_L7_I0_T4,S00,1.3240419849971659,ok
X_A3_U4_P1_L7_I0_T5,S00,1.3852680370000598,ok
X_A3_U4_P1_L7_I1_T1,S00,0.04337654799746815,ok
X_A3_U4_P1_L7_I1_T2,S00,1.3305568379983015,ok
X_A3_U4_P1_L7_I1_T3,S00,1.3767982370009122,ok
X_A3_U4_P1_L7_I1_T4,S00,1.3978112139993755,ok
X_A3_U4_P1_L7_I1_T5,S00,1.386952974000451,ok
X_A3_U4_P1_L7_I2_T1,S00,0.04505997399974149,ok
X_A3_U4_P1_L7_I2_T2,S00,1.3894830130011542,ok
X_A3_U4_P1_L7_I2_T3,S00,1.3876053460007824,ok
X_A3_U4_P1_L7_I2_T4,S00,1.3212820750013634,ok
X_A3_U4_P1_L7_I2_T5,S00,1.3934755779991974,ok
X_A3_U4_P1_L7_I3_T1,S00,0.045629165000718785,ok
X_A3_U4_P1_L7_I3_T2,S00,1.3856990200001746,ok
X_A3_U4_P1_L7_I3_T3,S00,1.3713672180019785,ok
X_A3_U4_P1_L7_I3_T4,S00,1.4047072190005565,ok
X_A3_U4_P1_L7_I3_T5,S00,1.3957124369990197,ok
X_A3_U4_P1_L7_I4_T1,S00,0.045625885999470484,ok
X_A3_U4_P1_L7_I4_T2,S00,1.399713981001696,ok
X_A3_U4_P1_L7_I4_T3,S00,1.4102286890010873,ok
X_A3_U4_P1_L7_I4_T4,S00,1.3169103100008215,ok
X_A3_U4_P1_L7_I4_T5,S00,1.4045761089982989,ok
X_A3_U4_P1_L7_I5_T1,S00,0.045485414997529006,ok
X_A3_U4_P1_L7_I5_T2,S00,1.3668779019972135,ok
X_A3_U4_P1_L7_I5_T3,S00,1.3937217599996075,ok
X_A3_U4_P1_L7_I5_T4,S00,1.3929371869999159,ok
X_A3_U4_P1_L7_I5_T5,S00,1.392312864001724,ok
X_A3_U4_P1_L7_I6_T1,S00,0.04612149799868348,ok
X_A3_U4_P1_L7_I6_T2,S00,1.4086218150005152,ok
X_A3_U4_P1_L7_I6_T3,S00,1.3175899240013678,ok
X_A3_U4_P1_L7_I6_T4,S00,1.4247638630004076,ok
X_A3_U4_P1_L7_I6_T5,S00,1.3942749320012808,ok
X_A3_U4_P1_L7_I7_T1,S00,0.045870416000980185,ok
X_A3_U4_P1_L7_I7_T2,S00,1.3779729630005022,ok
X_A3_U4_P1_L7_I7_T3,S00,1.4030700440016517,ok
X_A3_U4_P1_L7_I7_T4,S00,1.4021811409984366,ok
X_A3_U4_P1_L7_I7_T5,S00,1.3967323920005583,ok
X_A3_U4_P1_L7_I8_T1,S00,0.04314270699978806,ok
X_A3_U4_P1_L7_I8_T2,S00,1.3184005370021623,ok
X_A3_U4_P1_L7_I8_T3,S00,1.394787224002357,ok
X_A3_U4_P1_L7_I8_T4,S00,1.3857744119995914,ok
X_A3_U4_P1_L7_I8_T5,S00,1.3970142530015437,ok
X_A3_U4_P2_L7_I0_T1,S00,0.04413440099961008,ok
X_A3_U4_P2_L7_I0_T2,S00,1.402522663000127,ok
X_A3_U4_P2_L7_I0_T3,S00,1.3650512059975881,ok
X_A3_U4_P2_L7_I0_T4,S00,1.3998753129999386,ok
X_A3_U4_P2_L7_I0_T5,S00,1.3922919360011292,ok
X_A3_U4_P2_L7_I1_T1,S00,0.04278002600040054,ok
X_A3_U4_P2_L7_I1_T2,S00,1.4541524009982822,ok
X_A3_U4_P2_L7_I1_T3,S00,1.3861649530008435,ok
X_A3_U4_P2_L7_I1_T4,S00,1.382678752001084,ok
X_A3_U4_P2_L7_I1_T5,S00,1.3855359419976594,ok
X_A3_U4_P2_L7_I2_T1,S00,0.04246963500190759,ok
X_A3_U4_P2_L7_I2_T2,S00,1.3942081130007864,ok
X_A3_U4_P2_L7_I2_T3,S00,1.3165507010016881,ok
X_A3_U4_P2_L7_I2_T4,S00,1.394121722998534,ok
X_A3_U4_P2_L7_I2_T5,S00,1.3849175789982837,ok
X_A3_U4_P2_L7_I3_T1,S00,0.04547109499981161,ok
X_A3_U4_P2_L7_I3_T2,S00,1.3066654459980782,ok
X_A3_U4_P2_L7_I3_T3,S00,1.412662241000362,ok
X_A3_U4_P2_L7_I3_T4,S00,1.4274845249965438,ok
X_A3_U4_P2_L7_I3_T5,S00,1.52639634499792,ok
X_A3_U4_P2_L7_I4_T1,S00,0.04228333400169504,ok
X_A3_U4_P2_L7_I4_T2,S00,1.307282498000859,ok
X_A3_U4_P2_L7_I4_T3,S00,1.5342153429992322,ok
X_A3_U4_P2_L7_I4_T4,S00,1.3969058639995637,ok
X_A3_U4_P2_L7_I4_T5,S00,1.3849105810004403,ok
X_A3_U4_P2_L7_I5_T1,S00,0.042627925002307165,ok
X_A3_U4_P2_L7_I5_T2,S00,1.3076719599994249,ok
X_A3_U4_P2_L7_I5_T3,S00,1.4275640759988164,ok
X_A3_U4_P2_L7_I5_T4,S00,1.404614181999932,ok
X_A3_U4_P2_L7_I5_T5,S00,1.385676453999622,ok
X_A3_U4_P2_L7_I6_T1,S00,0.04205242299940437,ok
X_A3_U4_P2_L7_I6_T2,S00,1.3076136390009196,ok
X_A3_U4_P2_L7_I6_T3,S00,1.3934218020003755,ok
X_A3_U4_P2_L7_I6_T4,S00,1.4099171920024673,ok
X_A3_U4_P2_L7_I6_T5,S00,1.3897795180018875,ok
X_A3_U4_P2_L7_I7_T1,S00,0.042810025999642676,ok
X_A3_U4_P2_L7_I7_T2,S00,1.3082459720026236,ok
X_A3_U4_P2_L7_I7_T3,S00,1.4169689480004308,ok
X_A3_U4_P2_L7_I7_T4,S00,1.4335824780027906,ok
X_A3_U4_P2_L7_I7_T5,S00,1.4328194959998655,ok
X_A3_U4_P2_L7_I8_T1,S00,0.045277125002030516,ok
X_A3_U4_P2_L7_I8_T2,S00,1.3855106339979102,ok
X_A3_U4_P2_L7_I8_T3,S00,1.3864141269987158,ok
X_A3_U4_P2_L7_I8_T4,S00,1.4002714380003454,ok
X_A3_U4_P2_L7_I8_T5,S00,1.383462806999887,ok
X_A3_U4_P3_L7_I0_T1,S00,0.0429031869971368,ok
X_A3_U4_P3_L7_I0_T2,S00,1.3051502009984688,ok
X_A3_U4_P3_L7_I0_T3,S00,1.3942025159994955,ok
X_A3_U4_P3_L7_I0_T4,S00,1.4470458780015178,ok
X_A3_U4_P3_L7_I0_T5,S00,1.3187345209989871,ok
X_A3_U4_P3_L7_I1_T1,S00,0.04600248700080556,ok
X_A3_U4_P3_L7_I1_T2,S00,1.3892475680004281,ok
X_A3_U4_P3_L7_I1_T3,S00,1.385924366000836,ok
X_A3_U4_P3_L7_I1_T4,S00,1.3669366059984895,ok
X_A3_U4_P3_L7_I1_T5,S00,1.4370306720011286,ok
X_A3_U4_P3_L7_I2_T1,S00,0.04288413600079366,ok
X_A3_U4_P3_L7_I2_T2,S00,1.310909313000593,ok
X_A3_U4_P3_L7_I2_T3,S00,1.5567176980002841,ok
X_A3_U4_P3_L7_I2_T4,S00,1.5248809219992836,ok
X_A3_U4_P3_L7_I2_T5,S00,1.3004605850001099,ok
X_A3_U4_P3_L7_I3_T1,S00,0.04687200999978813,ok
X_A3_U4_P3_L7_I3_T2,S00,1.407216953997704,ok
X_A3_U4_P3_L7_I3_T3,S00,1.3916404570009036,ok
X_A3_U4_P3_L7_I3_T4,S00,1.3043243899992376,ok
X_A3_U4_P3_L7_I3_T5,S00,1.457742878003046,ok
X_A3_U4_P3_L7_I4_T1,S00,0.04347333799887565,ok
X_A3_U4_P3_L7_I4_T2,S00,1.3093743169993104,ok
X_A3_U4_P3_L7_I4_T3,S00,1.3085026850021677,ok
X_A3_U4_P3_L7_I4_T4,S00,1.3997887069999706,ok
X_A3_U4_P3_L7_I4_T5,S00,1.3864383079999243,ok
X_A3_U4_P3_L7_I5_T1,S00,0.044900363998749526,ok
X_A3_U4_P3_L7_I5_T2,S00,1.3072729400009848,ok
X_A3_U4_P3_L7_I5_T3,S00,1.3959203039994463,ok
X_A3_U4_P3_L7_I5_T4,S00,1.4051299370003107,ok
X_A3_U4_P3_L7_I5_T5,S00,1.5749570250009128,ok
X_A3_U4_P3_L7_I6_T1,S00,0.04321062800227082,ok
X_A3_U4_P3_L7_I6_T2,S00,1.3065305780000926,ok
X_A3_U4_P3_L7_I6_T3,S00,1.3109183439992194,ok
X_A3_U4_P3_L7_I6_T4,S00,1.445706695998524,ok
X_A3_U4_P3_L7_I6_T5,S00,1.39073932500105,ok
X_A3_U4_P3_L7_I7_T1,S00,0.042452055000467226,ok
X_A3_U4_P3_L7_I7_T2,S00,1.3101857220026432,ok
X_A3_U4_P3_L7_I7_T3,S00,1.5450876169998082,ok
X_A3_U4_P3_L7_I7_T4,S00,1.3859342879986798,ok
X_A3_U4_P3_L7_I7_T5,S00,1.397397569999157,ok
X_A3_U4_P3_L7_I8_T1,S00,0.043134496998391114,ok
X_A3_U4_P3_L7_I8_T2,S00,1.316295093998633,ok
X_A3_U4_P3_L7_I8_T3,S00,1.3170174370025052,ok
X_A3_U4_P3_L7_I8_T4,S00,1.3893591899977764,ok
X_A3_U4_P3_L7_I8_T5,S00,1.443721228002687,ok
X_A3_U4_P4_L7_I0_T1,S00,0.041852841997751966,ok
X_A3_U4_P4_L7_I0_T2,S00,1.3116691780014662,ok
X_A3_U4_P4_L7_I0_T3,S00,1.387210403001518,ok
X_A3_U4_P4_L7_I0_T4,S00,1.4000415699993027,ok
X_A3_U4_P4_L7_I0_T5,S00,1.3079668850004964,ok
X_A3_U4_P4_L7_I1_T1,S00,0.045024173999991035,ok
X_A3_U4_P4_L7_I1_T2,S00,1.396234126001218,ok
X_A3_U4_P4_L7_I1_T3,S00,1.3161806550015172,ok
X_A3_U4_P4_L7_I1_T4,S00,1.4122852350010362,ok
X_A3_U4_P4_L7_I1_T5,S00,1.4526688719997765,ok
X_A3_U4_P4_L7_I2_T1,S00,0.04186110199952964,ok
X_A3_U4_P4_L7_I2_T2,S00,1.3291413219994865,ok
X_A3_U4_P4_L7_I2_T3,S00,1.389509992000967,ok
X_A3_U4_P4_L7_I2_T4,S00,1.4081623799975205,ok
X_A3_U4_P4_L7_I2_T5,S00,1.3188477240000793,ok
X_A3_U4_P4_L7_I3_T1,S00,0.04401122100171051,ok
X_A3_U4_P4_L7_I3_T2,S00,1.3901642749988241,ok
X_A3_U4_P4_L7_I3_T3,S00,1.325574079000944,ok
X_A3_U4_P4_L7_I3_T4,S00,1.4006668420006463,ok
X_A3_U4_P4_L7_I3_T5,S00,1.3102860740000324,ok
X_A3_U4_P4_L7_I4_T1,S00,0.04374640999958501,ok
X_A3_U4_P4_L7_I4_T2,S00,1.4185721190006007,ok
X_A3_U4_P4_L7_I4_T3,S00,1.3991151369991712,ok
X_A3_U4_P4_L7_I4_T4,S00,1.3951163230012753,ok
X_A3_U4_P4_L7_I4_T5,S00,1.3133775560017966,ok
X_A3_U4_P4_L7_I5_T1,S00,0.043505837998964125,ok
X_A3_U4_P4_L7_I5_T2,S00,1.3958323459992243,ok
X_A3_U4_P4_L7_I5_T3,S00,1.3153967630023544,ok
X_A3_U4_P4_L7_I5_T4,S00,1.3123332819995994,ok
X_A3_U4_P4_L7_I5_T5,S00,1.450592705001327,ok
X_A3_U4_P4_L7_I6_T1,S00,0.044242741001653485,ok
X_A3_U4_P4_L7_I6_T2,S00,1.4036068940004043,ok
X_A3_U4_P4_L7_I6_T3,S00,1.3915467509978043,ok
X_A3_U4_P4_L7_I6_T4,S00,1.4021161099990422,ok
X_A3_U4_P4_L7_I6_T5,S00,1.322597048998432,ok
X_A3_U4_P4_L7_I7_T1,S00,0.041703761999087874,ok
X_A3_U4_P4_L7_I7_T2,S00,1.3892318020007224,ok
X_A3_U4_P4_L7_I7_T3,S00,1.3144328400012455,ok
X_A3_U4_P4_L7_I7_T4,S00,1.3173159299985855,ok
X_A3_U4_P4_L7_I7_T5,S00,1.452763163997588,ok
X_A3_U4_P4_L7_I8_T1,S00,0.04459690300063812,ok
X_A3_U4_P4_L7_I8_T2,S00,1.3949885340007313,ok
X_A3_U4_P4_L7_I8_T3,S00,1.3999190620015725,ok
X_A3_U4_P4_L7_I8_T4,S00,1.3171398400008911,ok
X_A3_U4_P4_L7_I8_T5,S00,1.3991696189987124,ok
X_A3_U4_P5_L7_I0_T1,S00,0.04211055300038424,ok
X_A3_U4_P5_L7_I0_T2,S00,1.3165169980020437,ok
X_A3_U4_P5_L7_I0_T3,S00,1.3912302310018276,ok
X_A3_U4_P5_L7_I0_T4,S00,1.31092062800235,ok
X_A3_U4_P5_L7_I0_T5,S00,1.4160315799999807,ok
X_A3_U4_P5_L7_I1_T1,S00,0.0455736860021716,ok
X_A3_U4_P5_L7_I1_T2,S00,1.4283805060003942,ok
X_A3_U4_P5_L7_I1_T3,S00,1.3873498559987638,ok
X_A3_U4_P5_L7_I1_T4,S00,1.3192192280002928,ok
X_A3_U4_P5_L7_I1_T5,S00,1.4140863640022872,ok
X_A3_U4_P5_L7_I2_T1,S00,0.04290423600104987,ok
X_A3_U4_P5_L7_I2_T2,S00,1.3104069560031348,ok
X_A3_U4_P5_L7_I2_T3,S00,1.3872105959999317,ok
X_A3_U4_P5_L7_I2_T4,S00,1.3835757030028617,ok
X_A3_U4_P5_L7_I2_T5,S00,1.3385282490016834,ok
X_A3_U4_P5_L7_I3_T1,S00,0.04212230399934924,ok
X_A3_U4_P5_L7_I3_T2,S00,1.31697533100305,ok
X_A3_U4_P5_L7_I3_T3,S00,1.3943648519998533,ok
X_A3_U4_P5_L7_I3_T4,S00,1.4102711609994003,ok
X_A3_U4_P5_L7_I3_T5,S00,1.3963357700013148,ok
X_A3_U4_P5_L7_I4_T1,S00,0.0418808429967612,ok
X_A3_U4_P5_L7_I4_T2,S00,1.3221911000000546,ok
X_A3_U4_P5_L7_I4_T3,S00,1.3969779920007568,ok
X_A3_U4_P5_L7_I4_T4,S00,1.4543632220011204,ok
X_A3_U4_P5_L7_I4_T5,S00,1.3040138439973816,ok
X_A3_U4_P5_L7_I5_T1,S00,0.043024787002650555,ok
X_A3_U4_P5_L7_I5_T2,S00,1.4604986749982345,ok
X_A3_U4_P5_L7_I5_T3,S00,1.3910475609991408,ok
X_A3_U4_P5_L7_I5_T4,S00,1.3858047419998911,ok
X_A3_U4_P5_L7_I5_T5,S00,1.4030387250022613,ok
X_A3_U4_P5_L7_I6_T1,S00,0.042326994000177365,ok
X_A3_U4_P5_L7_I6_T2,S00,1.309343512999476,ok
X_A3_U4_P5_L7_I6_T3,S00,1.386116123998363,ok
X_A3_U4_P5_L7_I6_T4,S00,1.4417789870021807,ok
X_A3_U4_P5_L7_I6_T5,S00,1.3160705679983948,ok
X_A3_U4_P5_L7_I7_T1,S00,0.04826785600016592,ok
X_A3_U4_P5_L7_I7_T2,S00,1.312376205001783,ok
X_A3_U4_P5_L7_I7_T3,S00,1.38547834199926,ok
X_A3_U4_P5_L7_I7_T4,S00,1.4041604700032622,ok
X_A3_U4_P5_L7_I7_T5,S00,1.3970763239994994,ok
X_A3_U4_P5_L7_I8_T1,S00,0.041628892002336215,ok
X_A3_U4_P5_L7_I8_T2,S00,1.3126172160009446,ok
X_A3_U4_P5_L7_I8_T3,S00,1.358054551998066,ok
X_A3_U4_P5_L7_I8_T4,S00,1.4579553460025636,ok
X_A3_U4_P5_L7_I8_T5,S00,1.2699225210017175,ok
X_A0_R0_L7_I0_T6,S00,9.218177998998726,ok
X_A0_R0_L7_I0_T7,S00,10.508319347001816,ok
X_A0_R0_L7_I0_T8,S00,10.620892187998834,ok
X_A0_R0_L7_I0_T9,S00,10.696326824003336,ok
X_A0_R0_L7_I0_T10,S00,10.71087380699828,ok
X_A0_R0_L7_I1_T6,S00,10.483376667001721,ok
X_A0_R0_L7_I1_T7,S00,10.63708276699981,ok
X_A0_R0_L7_I1_T8,S00,10.665022059001785,ok
X_A0_R0_L7_I1_T9,S00,9.786784121999517,ok
X_A0_R0_L7_I1_T10,S00,10.987724141999934,ok
X_A0_R0_L7_I2_T6,S00,10.763876485001674,ok
X_A0_R0_L7_I2_T7,S00,10.829676195000502,ok
X_A0_R0_L7_I2_T8,S00,10.456521393000003,ok
X_A0_R0_L7_I2_T9,S00,10.921491081000568,ok
X_A0_R0_L7_I2_T10,S00,10.830641849999665,ok
X_A0_R0_L7_I3_T6,S00,10.55315693599914,ok
X_A0_R0_L7_I3_T7,S00,10.403327433999948,ok
X_A0_R0_L7_I3_T8,S00,11.330397229998198,ok
X_A0_R0_L7_I3_T9,S00,10.854980672000238,ok
X_A0_R0_L7_I3_T10,S00,11.471495647001575,ok
X_A0_R0_L7_I4_T6,S00,11.548069627999212,ok
X_A0_R0_L7_I4_T7,S00,11.608357717999752,ok
X_A0_R0_L7_I4_T8,S00,11.58456520099935,ok
X_A0_R0_L7_I4_T9,S00,11.571620614002313,ok
X_A0_R0_L7_I4_T10,S00,10.255211494000832,ok
X_A0_R0_L7_I5_T6,S00,10.279362540000875,ok
X_A0_R0_L7_I5_T7,S00,10.807836554999085,ok
X_A0_R0_L7_I5_T8,S00,11.165751845997875,ok
X_A0_R0_L7_I5_T9,S00,11.189304392999475,ok
X_A0_R0_L7_I5_T10,S00,11.267880850999063,ok
X_A0_R0_L7_I6_T6,S00,11.130282648002321,ok
X_A0_R0_L7_I6_T7,S00,11.238079752001795,ok
X_A0_R0_L7_I6_T8,S00,10.545541346997197,ok
X_A0_R0_L7_I6_T9,S00,10.793663733998983,ok
X_A0_R0_L7_I6_T10,S00,11.550234447000548,ok
X_A0_R0_L7_I7_T6,S00,11.267738654998539,ok
X_A0_R0_L7_I7_T7,S00,11.618790381999133,ok
X_A0_R0_L7_I7_T8,S00,11.590514098003041,ok
X_A0_R0_L7_I7_T9,S00,12.573022956999921,ok
X_A0_R0_L7_I7_T10,S00,11.744435942000564,ok
X_A0_R0_L7_I8_T6,S00,10.527781012999185,ok
X_A0_R0_L7_I8_T7,S00,10.879899653002212,ok
X_A0_R0_L7_I8_T8,S00,11.310923418001039,ok
X_A0_R0_L7_I8_T9,S00,11.475867522000044,ok
X_A0_R0_L7_I8_T10,S00,11.52815619699686,ok
X_A0_R1_L7_I0_T6,S00,11.565625215000182,ok
X_A0_R1_L7_I0_T7,S00,11.562087973001326,ok
X_A0_R1_L7_I0_T8,S00,11.510928157000308,ok
X_A0_R1_L7_I0_T9,S00,10.791400171001442,ok
X_A0_R1_L7_I0_T10,S00,11.692774447001284,ok
X_A0_R1_L7_I1_T6,S00,10.669403367999621,ok
X_A0_R1_L7_I1_T7,S00,11.45448093199957,ok
X_A0_R1_L7_I1_T8,S00,11.339892492000217,ok
X_A0_R1_L7_I1_T9,S00,11.839135613998224,ok
X_A0_R1_L7_I1_T10,S00,11.685694460000377,ok
X_A0_R1_L7_I2_T6,S00,11.179357316999813,ok
X_A0_R1_L7_I2_T7,S00,10.15900811100073,ok
X_A0_R1_L7_I2_T8,S00,11.325816415999725,ok
X_A0_R1_L7_I2_T9,S00,11.8445539739987,ok
X_A0_R1_L7_I2_T10,S00,11.286152068001684,ok
X_A0_R1_L7_I3_T6,S00,11.573563083999034,ok
X_A0_R1_L7_I3_T7,S00,11.2907799780005,ok
X_A0_R1_L7_I3_T8,S00,11.437598776999948,ok
X_A0_R1_L7_I3_T9,S00,11.750208945999475,ok
X_A0_R1_L7_I3_T10,S00,10.702863644997706,ok
X_A0_R1_L7_I4_T6,S00,11.679668200002197,ok
X_A0_R1_L7_I4_T7,S00,11.784233348997077,ok
X_A0_R1_L7_I4_T8,S00,11.621375402999547,ok
X_A0_R1_L7_I4_T9,S00,11.909326803997828,ok
X_A0_R1_L7_I4_T10,S00,11.75290423900151,ok
X_A0_R1_L7_I5_T6,S00,11.61411186999976,ok
X_A0_R1_L7_I5_T7,S00,11.719173397999839,ok
X_A0_R1_L7_I5_T8,S00,10.199806765998801,ok
X_A0_R1_L7_I5_T9,S00,11.264929309003492,ok
X_A0_R1_L7_I5_T10,S00,11.548534977002419,ok
X_A0_R1_L7_I6_T6,S00,11.15616537599999,ok
X_A0_R1_L7_I6_T7,S00,11.387462170001527,ok
X_A0_R1_L7_I6_T8,S00,11.195542014000239,ok
X_A0_R1_L7_I6_T9,S00,11.031810732998565,ok
X_A0_R1_L7_I6_T10,S00,10.795301932001166,ok
X_A0_R1_L7_I7_T6,S00,11.018937467000796,ok
X_A0_R1_L7_I7_T7,S00,11.50518711499899,ok
X_A0_R1_L7_I7_T8,S00,11.67257492600038,ok
X_A0_R1_L7_I7_T9,S00,11.99094384899945,ok
X_A0_R1_L7_I7_T10,S00,10.799605298001552,ok
X_A0_R1_L7_I8_T6,S00,10.19078383699889,ok
X_A0_R1_L7_I8_T7,S00,11.721515411001747,ok
X_A0_R1_L7_I8_T8,S00,11.780082787001447,ok
X_A0_R1_L7_I8_T9,S00,11.64125082800092,ok
X_A0_R1_L7_I8_T10,S00,11.814094184999703,ok
X_A0_R2_L7_I0_T6,S00,11.4149168010008,ok
X_A0_R2_L7_I0_T7,S00,10.64131277100023,ok
X_A0_R2_L7_I0_T8,S00,11.934070024999528,ok
X_A0_R2_L7_I0_T9,S00,11.323660016001668,ok
X_A0_R2_L7_I0_T10,S00,11.613219176000712,ok
X_A0_R2_L7_I1_T6,S00,11.575729508000222,ok
X_A0_R2_L7_I1_T7,S00,11.601825785000983,ok
X_A0_R2_L7_I1_T8,S00,11.133755260998441,ok
X_A0_R2_L7_I1_T9,S00,10.507670146002056,ok
X_A0_R2_L7_I1_T10,S00,10.667821537997952,ok
X_A0_R2_L7_I2_T6,S00,10.931968933000462,ok
X_A0_R2_L7_I2_T7,S00,11.004044751000038,ok
X_A0_R2_L7_I2_T8,S00,11.120877793000545,ok
X_A0_R2_L7_I2_T9,S00,10.776479052998184,ok
X_A0_R2_L7_I2_T10,S00,11.178314454999054,ok
X_A0_R2_L7_I3_T6,S00,11.471462496003369,ok
X_A0_R2_L7_I3_T7,S00,10.957338429998345,ok
X_A0_R2_L7_I3_T8,S00,10.990615285998501,ok
X_A0_R2_L7_I3_T9,S00,10.585989423998399,ok
X_A0_R2_L7_I3_T10,S00,11.680801465001423,ok
X_A0_R2_L7_I4_T6,S00,10.896069282000099,ok
X_A0_R2_L7_I4_T7,S00,11.456746589999966,ok
X_A0_R2_L7_I4_T8,S00,11.43957219799995,ok
X_A0_R2_L7_I4_T9,S00,10.972224852997897,ok
X_A0_R2_L7_I4_T10,S00,11.154968538001413,ok
X_A0_R2_L7_I5_T6,S00,11.06476862600175,ok
X_A0_R2_L7_I5_T7,S00,11.023287494001124,ok
X_A0_R2_L7_I5_T8,S00,10.591974605998985,ok
X_A0_R2_L7_I5_T9,S00,11.21805126700201,ok
X_A0_R2_L7_I5_T10,S00,11.299559398998099,ok
X_A0_R2_L7_I6_T6,S00,10.963237748997926,ok
X_A0_R2_L7_I6_T7,S00,10.750007470000128,ok
X_A0_R2_L7_I6_T8,S00,11.5907527140007,ok
X_A0_R2_L7_I6_T9,S00,10.759449142999074,ok
X_A0_R2_L7_I6_T10,S00,11.08406097400075,ok
X_A0_R2_L7_I7_T6,S00,11.200188036000327,ok
X_A0_R2_L7_I7_T7,S00,11.080530598999758,ok
X_A0_R2_L7_I7_T8,S00,11.643867629001761,ok
X_A0_R2_L7_I7_T9,S00,11.620918535998499,ok
X_A0_R2_L7_I7_T10,S00,11.017506616997707,ok
X_A0_R2_L7_I8_T6,S00,10.95510248500068,ok
X_A0_R2_L7_I8_T7,S00,11.492896790001396,ok
X_A0_R2_L7_I8_T8,S00,10.566158217003249,ok
X_A0_R2_L7_I8_T9,S00,11.697036925997963,ok
X_A0_R2_L7_I8_T10,S00,11.12952026199855,ok
X_A0_R3_L7_I0_T6,S00,11.51625522500035,ok
X_A0_R3_L7_I0_T7,S00,11.522983474002103,ok
X_A0_R3_L7_I0_T8,S00,10.44447233399842,ok
X_A0_R3_L7_I0_T9,S00,10.72286214199994,ok
X_A0_R3_L7_I0_T10,S00,11.163628498001344,ok
X_A0_R3_L7_I1_T6,S00,11.071586136000406,ok
X_A0_R3_L7_I1_T7,S00,11.161130475997197,ok
X_A0_R3_L7_I1_T8,S00,10.56896718599819,ok
X_A0_R3_L7_I1_T9,S00,11.09829192899997,ok
X_A0_R3_L7_I1_T10,S00,10.854706793001242,ok
X_A0_R3_L7_I2_T6,S00,11.150697667999339,ok
X_A0_R3_L7_I2_T7,S00,11.48341977799646,ok
X_A0_R3_L7_I2_T8,S00,10.879771446998348,ok
X_A0_R3_L7_I2_T9,S00,11.504698865999671,ok
X_A0_R3_L7_I2_T10,S00,11.125973122001596,ok
X_A0_R3_L7_I3_T6,S00,11.511791035001806,ok
X_A0_R3_L7_I3_T7,S00,11.174854736997077,ok
X_A0_R3_L7_I3_T8,S00,11.371846115998778,ok
X_A0_R3_L7_I3_T9,S00,10.796911602999899,ok
X_A0_R3_L7_I3_T10,S00,11.365155773000879,ok
X_A0_R3_L7_I4_T6,S00,11.15371781900103,ok
X_A0_R3_L7_I4_T7,S00,11.071901047998836,ok
X_A0_R3_L7_I4_T8,S00,10.665537027001847,ok
X_A0_R3_L7_I4_T9,S00,10.94594644999961,ok
X_A0_R3_L7_I4_T10,S00,11.234251526002481,ok
X_A0_R3_L7_I5_T6,S00,11.078231425999547,ok
X_A0_R3_L7_I5_T7,S00,11.033628878001764,ok
X_A0_R3_L7_I5_T8,S00,10.636510072999954,ok
X_A0_R3_L7_I5_T9,S00,10.70835279899984,ok
X_A0_R3_L7_I5_T10,S00,11.581662581000273,ok
X_A0_R3_L7_I6_T6,S00,11.06710627999928,ok
X_A0_R3_L7_I6_T7,S00,11.15243702099906,ok
X_A0_R3_L7_I6_T8,S00,11.79223087599894,ok
X_A0_R3_L7_I6_T9,S00,11.873913501000061,ok
X_A0_R3_L7_I6_T10,S00,10.590397176998522,ok
X_A0_R3_L7_I7_T6,S00,11.000666814998112,ok
X_A0_R3_L7_I7_T7,S00,11.747311363000335,ok
X_A0_R3_L7_I7_T8,S00,11.03430416899937,ok
X_A0_R3_L7_I7_T9,S00,10.560769595998863,ok
X_A0_R3_L7_I7_T10,S00,10.85855175100005,ok
X_A0_R3_L7_I8_T6,S00,11.180182681000588,ok
X_A0_R3_L7_I8_T7,S00,11.516983017998427,ok
X_A0_R3_L7_I8_T8,S00,10.981810031997156,ok
X_A0_R3_L7_I8_T9,S00,10.716352511000878,ok
X_A0_R3_L7_I8_T10,S00,11.476930868000636,ok
X_A0_R4_L7_I0_T6,S00,11.055580791999091,ok
X_A0_R4_L7_I0_T7,S00,11.629226249999192,ok
X_A0_R4_L7_I0_T8,S00,11.235926065997774,ok
X_A0_R4_L7_I0_T9,S00,11.652905197999644,ok
X_A0_R4_L7_I0_T10,S00,11.855977223000082,ok
X_A0_R4_L7_I1_T6,S00,10.60635320000074,ok
X_A0_R4_L7_I1_T7,S00,11.231106633000309,ok
X_A0_R4_L7_I1_T8,S00,11.222499180999876,ok
X_A0_R4_L7_I1_T9,S00,10.575981604000845,ok
X_A0_R4_L7_I1_T10,S00,11.154674121997232,ok
X_A0_R4_L7_I2_T6,S00,10.67829440100104,ok
X_A0_R4_L7_I2_T7,S00,11.140130261002923,ok
X_A0_R4_L7_I2_T8,S00,11.120954743997572,ok
X_A0_R4_L7_I2_T9,S00,11.324977189000492,ok
X_A0_R4_L7_I2_T10,S00,10.873977625000407,ok
X_A0_R4_L7_I3_T6,S00,11.060168533000251,ok
X_A0_R4_L7_I3_T7,S00,11.74022196399892,ok
X_A0_R4_L7_I3_T8,S00,11.624230662000627,ok
X_A0_R4_L7_I3_T9,S00,11.231131529999402,ok
X_A0_R4_L7_I3_T10,S00,11.552881768999214,ok
X_A0_R4_L7_I4_T6,S00,11.63310472699959,ok
X_A0_R4_L7_I4_T7,S00,10.886504656999023,ok
X_A0_R4_L7_I4_T8,S00,11.102556886002276,ok
X_A0_R4_L7_I4_T9,S00,10.676442448999296,ok
X_A0_R4_L7_I4_T10,S00,11.243742915001349,ok
X_A0_R4_L7_I5_T6,S00,10.640522004996456,ok
X_A0_R4_L7_I5_T7,S00,11.390013439999166,ok
X_A0_R4_L7_I5_T8,S00,11.085193316997902,ok
X_A0_R4_L7_I5_T9,S00,11.270572392000759,ok
X_A0_R4_L7_I5_T10,S00,11.329822977997537,ok
X_A0_R4_L7_I6_T6,S00,10.611243639999884,ok
X_A0_R4_L7_I6_T7,S00,11.471165412000119,ok
X_A0_R4_L7_I6_T8,S00,11.42085140799827,ok
X_A0_R4_L7_I6_T9,S00,10.662766879999253,ok
X_A0_R4_L7_I6_T10,S00,11.86044825299905,ok
X_A0_R4_L7_I7_T6,S00,10.915614211997308,ok
X_A0_R4_L7_I7_T7,S00,11.6577413039995,ok
X_A0_R4_L7_I7_T8,S00,11.067782603000524,ok
X_A0_R4_L7_I7_T9,S00,10.761793314999522,ok
X_A0_R4_L7_I7_T10,S00,10.772132771999168,ok
X_A0_R4_L7_I8_T6,S00,11.064071442000568,ok
X_A0_R4_L7_I8_T7,S00,10.51284330099952,ok
X_A0_R4_L7_I8_T8,S00,10.78876123200098,ok
