trial,train_pairs,heldout_pairs,train_rms_mm,heldout_rms_mm,heldout_median_abs_mm,heldout_p95_abs_mm
0,"A-C,A-D,A-E,A-F,A-G,B-C,B-D,B-E,B-F,B-G,C-D,C-E,C-F,C-H,D-E,D-F,D-H,E-G,F-G,F-H,G-H","A-B,A-H,B-H,C-G,D-G,E-F,E-H",45.34830566253634,59.97158490485452,32.0588649807039,104.64740936004942
1,"A-B,A-E,A-F,A-G,B-C,B-D,B-E,B-F,B-G,B-H,C-D,C-E,C-F,C-G,C-H,D-E,D-G,D-H,E-F,E-H,F-G","A-C,A-D,A-H,D-F,E-G,F-H,G-H",38.769776996758175,71.56462336737542,38.02122893512254,117.65419765531915
2,"A-B,A-C,A-F,A-G,A-H,B-C,B-E,B-G,B-H,C-E,C-F,C-G,C-H,D-G,D-H,E-F,E-G,E-H,F-G,F-H,G-H","A-D,A-E,B-D,B-F,C-D,D-E,D-F",38.57834697955192,79.77613339524021,77.43079550467837,122.1852554679463
3,"A-B,A-C,A-D,A-E,A-G,A-H,B-C,B-D,B-E,B-F,B-G,B-H,C-E,D-E,D-G,D-H,E-F,E-G,E-H,F-G,G-H","A-F,C-D,C-F,C-G,C-H,D-F,F-H",42.26635388812756,60.218777556366746,27.351611615869274,107.94416345962851
4,"A-C,A-E,A-G,B-C,B-D,B-E,B-F,B-G,B-H,C-D,C-E,C-F,C-G,C-H,D-E,D-F,D-H,E-F,E-H,F-H,G-H","A-B,A-D,A-F,A-H,D-G,E-G,F-G",39.25130372790918,78.58462543142441,44.45181287338076,137.05922404799773
5,"A-C,A-D,A-F,A-G,A-H,B-C,B-D,B-F,B-G,B-H,C-F,C-G,C-H,D-E,D-F,D-G,D-H,E-F,E-G,E-H,F-G","A-B,A-E,B-E,C-D,C-E,F-H,G-H",46.89537540004984,41.4308178295662,28.28369455121316,72.66204059798338
6,"A-B,A-D,A-F,A-H,B-C,B-D,B-E,B-F,B-G,B-H,C-D,C-G,C-H,D-E,D-F,D-G,D-H,E-F,E-G,F-H,G-H","A-C,A-E,A-G,C-E,C-F,E-H,F-G",41.46767136042749,64.82629764437195,37.65651649720132,100.53933144424954
7,"A-B,A-D,A-F,A-H,B-C,B-E,B-F,B-G,B-H,C-E,C-F,C-G,D-F,D-G,D-H,E-F,E-G,E-H,F-G,F-H,G-H","A-C,A-E,A-G,B-D,C-D,C-H,D-E",40.3253191170159,78.82688788814355,84.57739860781808,102.53303112733575
8,"A-B,A-C,A-D,A-E,A-F,A-G,A-H,B-D,B-E,B-F,B-G,C-E,C-F,C-G,C-H,D-G,E-G,E-H,F-G,F-H,G-H","B-C,B-H,C-D,D-E,D-F,D-H,E-F",42.56208838208215,62.76852502946644,50.30032473815345,99.71922563468559
9,"A-B,A-C,A-D,A-E,A-G,A-H,B-C,B-D,B-E,B-F,C-D,C-E,C-G,D-E,D-F,D-G,D-H,E-F,E-G,F-H,G-H","A-F,B-G,B-H,C-F,C-H,E-H,F-G",36.275512125083765,73.00771302102127,49.84027178262804,127.40994938981557
10,"A-D,A-E,A-F,A-G,A-H,B-C,B-E,B-F,B-G,B-H,C-D,C-E,C-F,C-G,C-H,D-F,D-H,E-F,E-G,E-H,G-H","A-B,A-C,B-D,D-E,D-G,F-G,F-H",48.87481162200779,27.589935432971647,16.659070206477963,47.34808112242498
11,"A-C,A-D,A-E,A-F,B-C,B-D,B-E,B-G,B-H,C-D,C-E,C-F,C-G,D-E,D-F,D-G,E-F,E-G,E-H,F-G,F-H","A-B,A-G,A-H,B-F,C-H,D-H,G-H",35.46162772340511,78.85250806934789,40.19807216118815,137.85178722538566
12,"A-B,A-C,A-D,A-E,A-G,B-D,B-F,B-G,C-D,C-E,C-F,C-G,C-H,D-F,D-H,E-F,E-G,E-H,F-G,F-H,G-H","A-F,A-H,B-C,B-E,B-H,D-E,D-G",44.66095621838554,46.963872740219415,37.53896526947955,76.74600344191713
13,"A-B,A-C,A-D,A-E,A-F,A-G,A-H,B-C,B-D,B-E,B-F,B-H,C-E,C-F,C-H,D-F,D-H,E-F,E-G,E-H,F-H","B-G,C-D,C-G,D-E,D-G,F-G,G-H",36.952314137692696,113.9148778793769,98.27853927204228,182.84734125145255
14,"A-C,A-D,A-E,A-F,A-G,A-H,B-C,B-D,B-F,B-G,B-H,C-E,D-E,D-F,D-H,E-F,E-G,E-H,F-G,F-H,G-H","A-B,B-E,C-D,C-F,C-G,C-H,D-G",45.10568171332564,48.49773235803664,28.682656856366606,90.15192117484636
15,"A-B,A-C,A-F,A-H,B-C,B-D,B-E,B-G,B-H,C-D,C-E,C-F,C-G,C-H,D-E,D-F,D-H,E-G,E-H,F-H,G-H","A-D,A-E,A-G,B-F,D-G,E-F,F-G",41.81367961789292,60.13620613364543,37.37285143429857,108.60875473465151
16,"A-B,A-C,A-D,A-F,A-G,B-C,B-D,B-E,B-F,B-H,C-D,C-E,C-G,C-H,D-F,D-G,D-H,E-F,E-G,E-H,F-H","A-E,A-H,B-G,C-F,D-E,F-G,G-H",31.36164213311784,86.21483199803548,81.04954175056996,124.59294379399009
17,"A-B,A-D,A-E,A-F,A-G,B-C,B-D,B-E,B-F,B-G,C-D,C-E,C-H,D-E,D-F,D-G,D-H,E-F,E-G,F-H,G-H","A-C,A-H,B-H,C-F,C-G,E-H,F-G",43.619421865476596,52.12065807706044,18.230042307598893,89.95431471717406
18,"A-B,A-D,A-E,A-G,A-H,B-C,B-D,B-F,B-G,C-E,C-F,C-G,C-H,D-E,D-F,D-G,D-H,E-F,E-G,E-H,F-H","A-C,A-F,B-E,B-H,C-D,F-G,G-H",45.362735090880086,52.77477852794699,51.19935026203842,78.31087382724482
19,"A-B,A-D,A-F,A-H,B-D,B-E,B-F,B-G,B-H,C-D,C-E,C-G,D-E,D-G,D-H,E-F,E-G,E-H,F-G,F-H,G-H","A-C,A-E,A-G,B-C,C-F,C-H,D-F",37.85048169105103,72.1561527086053,61.763750340509404,97.7465981828474
20,"A-B,A-C,A-D,A-E,A-F,A-G,A-H,B-C,B-D,B-F,B-H,C-D,C-E,C-F,C-H,D-E,D-G,E-F,E-G,E-H,F-G","B-E,B-G,C-G,D-F,D-H,F-H,G-H",36.258333906041955,74.25566316872445,48.75153995353733,133.47932351028004
21,"A-B,A-C,A-D,A-E,A-F,A-G,B-C,B-D,B-E,B-F,B-G,B-H,C-E,C-F,C-H,D-F,D-H,E-G,E-H,F-H,G-H","A-H,C-D,C-G,D-E,D-G,E-F,F-G",46.912275683219114,38.63613467182247,14.086102337344471,72.36947214932583
22,"A-B,A-C,A-D,A-E,A-F,B-C,B-D,B-E,B-F,B-G,B-H,C-F,C-G,D-E,D-F,D-G,D-H,E-F,E-H,F-G,G-H","A-G,A-H,C-D,C-E,C-H,E-G,F-H",36.831161189454704,83.53673830531848,52.131119643039455,144.02797201778586
23,"A-D,A-F,A-G,A-H,B-D,B-E,B-F,C-D,C-E,C-F,C-G,D-E,D-F,D-G,D-H,E-F,E-G,E-H,F-G,F-H,G-H","A-B,A-C,A-E,B-C,B-G,B-H,C-H",35.79198503085171,84.55218581203272,71.84338542739209,138.25199070208743
24,"A-B,A-D,A-E,A-F,A-G,A-H,B-D,B-E,B-G,C-D,C-E,C-G,C-H,D-G,D-H,E-F,E-G,E-H,F-G,F-H,G-H","A-C,B-C,B-F,B-H,C-F,D-E,D-F",36.775970328091084,76.54728569628942,66.73390901756025,122.32034851076827
25,"A-B,A-C,A-D,A-E,A-F,A-H,B-C,B-D,B-E,B-F,B-H,C-D,C-E,C-G,C-H,D-E,D-F,D-H,E-F,E-G,E-H","A-G,B-G,C-F,D-G,F-G,F-H,G-H",36.627235459834154,79.25665920461223,57.19970204324221,135.39353375505976
26,"A-B,A-E,A-F,A-G,A-H,B-C,B-E,B-G,B-H,C-D,C-E,C-F,C-G,D-E,D-F,D-G,D-H,E-H,F-G,F-H,G-H","A-C,A-D,B-D,B-F,C-H,E-F,E-G",39.90100458656213,60.5455707493543,29.532247718410105,106.30780773257145
27,"A-B,A-C,A-D,A-E,A-F,A-G,A-H,B-C,B-D,B-E,B-F,C-D,C-F,C-H,D-E,D-F,D-G,E-G,F-G,F-H,G-H","B-G,B-H,C-E,C-G,D-H,E-F,E-H",36.72467268469309,80.88426588617517,36.19481943999057,144.27825885957566
28,"A-C,A-D,A-F,A-G,A-H,B-C,B-E,B-F,B-G,C-D,C-E,C-F,C-G,C-H,D-E,D-F,D-G,E-F,E-H,F-H,G-H","A-B,A-E,B-D,B-H,D-H,E-G,F-G",40.43487634773979,62.417179375491656,47.52665961881752,98.18666620354253
29,"A-B,A-C,A-D,A-H,B-C,B-D,B-F,B-G,B-H,C-E,C-G,C-H,D-E,D-F,D-G,D-H,E-F,E-G,E-H,F-H,G-H","A-E,A-F,A-G,B-E,C-D,C-F,F-G",40.44232447479218,64.43892753342409,55.200087759645726,100.20526007443864
30,"A-B,A-C,A-D,A-E,A-F,A-G,A-H,B-E,B-F,B-G,B-H,C-D,C-F,C-H,D-H,E-F,E-G,E-H,F-G,F-H,G-H","B-C,B-D,C-E,C-G,D-E,D-F,D-G",45.49465703779131,69.36788319365975,44.336132937833355,120.48076773306082
31,"A-B,A-C,A-D,A-E,A-F,A-G,A-H,B-E,B-G,B-H,C-D,C-E,C-F,D-F,D-G,E-F,E-G,E-H,F-G,F-H,G-H","B-C,B-D,B-F,C-G,C-H,D-E,D-H",33.07403591363695,106.43510138184038,80.4946229469287,174.64402756680994
32,"A-B,A-C,A-E,A-G,B-C,B-E,B-F,B-G,B-H,C-D,C-E,C-F,C-H,D-E,D-F,D-H,E-F,E-G,E-H,F-G,G-H","A-D,A-F,A-H,B-D,C-G,D-G,F-H",46.32162590109673,40.11674431904701,21.875466645537045,72.00369873704456
33,"A-B,A-C,A-E,A-F,A-G,A-H,B-C,B-D,B-E,B-G,C-E,C-G,D-F,D-G,D-H,E-F,E-G,E-H,F-G,F-H,G-H","A-D,B-F,B-H,C-D,C-F,C-H,D-E",40.966947181312186,58.38106741544411,34.268606354694015,106.16584275627851
34,"A-B,A-C,A-D,A-E,A-F,A-H,B-D,B-E,B-F,B-G,C-D,C-E,C-F,C-G,C-H,D-F,E-F,E-G,E-H,F-H,G-H","A-G,B-C,B-H,D-E,D-G,D-H,F-G",45.08329143695319,46.86063138145043,29.3500379912239,82.00712117074664
35,"A-B,A-C,A-D,A-E,A-F,A-H,B-C,B-D,B-E,B-F,B-G,C-E,C-F,C-G,C-H,D-E,D-G,E-F,E-G,F-H,G-H","A-G,B-H,C-D,D-F,D-H,E-H,F-G",43.26234121384383,54.60250068396836,36.206351542092534,94.33532912781153
36,"A-B,A-C,A-D,A-E,A-F,A-G,A-H,B-C,B-D,B-E,B-F,B-H,C-D,C-E,C-F,C-G,C-H,D-E,D-H,E-G,F-G","B-G,D-F,D-G,E-F,E-H,F-H,G-H",38.99781649194107,73.71254268912833,59.160172182183715,129.1033745831685
37,"A-C,A-F,A-G,A-H,B-C,B-D,B-E,B-F,B-G,C-D,C-E,C-F,C-G,C-H,D-E,D-F,E-F,E-G,F-G,F-H,G-H","A-B,A-D,A-E,B-H,D-G,D-H,E-H",44.5222490744839,54.27658338409847,31.089193729797188,98.27620009881446
38,"A-D,A-F,A-H,B-C,B-D,B-E,B-G,B-H,C-D,C-E,C-G,C-H,D-E,D-F,D-G,D-H,E-F,E-G,E-H,F-G,G-H","A-B,A-C,A-E,A-G,B-F,C-F,F-H",39.34969512894561,60.24922221600064,65.9667885726623,90.21331217276638
39,"A-B,A-C,A-D,A-F,A-H,B-D,B-E,B-F,C-D,C-E,C-F,C-G,C-H,D-E,D-H,E-F,E-G,E-H,F-G,F-H,G-H","A-E,A-G,B-C,B-G,B-H,D-F,D-G",38.4067243804043,67.0788637186428,45.38452384819266,116.14860311947913
40,"A-C,A-D,A-E,A-G,A-H,B-C,B-D,B-E,B-F,C-D,C-E,C-F,C-G,C-H,D-F,D-H,E-F,E-G,E-H,F-G,F-H","A-B,A-F,B-G,B-H,D-E,D-G,G-H",33.38823900189175,100.02461094502227,91.07380092802569,162.43515229831178
41,"A-B,A-C,A-D,A-E,A-H,B-C,B-D,B-E,B-F,B-G,B-H,C-D,C-E,C-F,C-G,D-E,D-F,D-G,D-H,E-F,G-H","A-F,A-G,C-H,E-G,E-H,F-G,F-H",34.64239881737664,99.0492485083735,61.849200768816786,154.46406476875225
42,"A-C,A-F,A-G,A-H,B-E,B-G,B-H,C-D,C-E,C-F,C-H,D-E,D-F,D-G,D-H,E-F,E-G,E-H,F-G,F-H,G-H","A-B,A-D,A-E,B-C,B-D,B-F,C-G",41.47790822770179,71.83534052480779,55.619041983929804,130.42155542917715
43,"A-B,A-C,A-E,A-F,A-G,A-H,B-C,B-D,B-E,B-G,B-H,C-D,C-G,C-H,D-E,D-F,E-F,E-G,F-G,F-H,G-H","A-D,B-F,C-E,C-F,D-G,D-H,E-H",29.932951293465024,117.36775098161824,104.59580007021505,185.86149493679338
44,"A-B,A-C,A-D,A-E,A-F,A-G,A-H,B-D,B-E,B-G,B-H,C-D,C-E,C-F,C-G,C-H,D-G,E-G,F-G,F-H,G-H","B-C,B-F,D-E,D-F,D-H,E-F,E-H",34.088806841467424,92.26245090911972,62.454866114841366,151.36913669961302
45,"A-C,A-D,A-E,A-F,A-H,B-C,B-D,B-F,B-G,B-H,C-D,C-E,C-G,C-H,D-F,D-G,D-H,E-F,E-G,F-G,G-H","A-B,A-G,B-E,C-F,D-E,E-H,F-H",42.88092331352903,58.55701155169344,37.95036810879006,104.06354016577754
46,"A-B,A-C,A-E,A-F,A-G,A-H,B-C,B-D,B-E,B-G,B-H,C-E,C-G,C-H,D-E,D-F,D-G,D-H,E-G,F-G,F-H","A-D,B-F,C-D,C-F,E-F,E-H,G-H",41.55020286287748,57.83801016914916,19.35860228726409,108.00338279731132
47,"A-B,A-C,A-D,A-F,A-G,A-H,B-E,B-F,B-H,C-D,C-G,C-H,D-E,D-F,D-G,D-H,E-F,E-G,E-H,F-H,G-H","A-E,B-C,B-D,B-G,C-E,C-F,F-G",37.39059910252059,73.21241876219376,36.69360555307989,122.64835791638875
48,"A-C,A-D,A-E,A-G,A-H,B-D,B-E,B-F,B-G,B-H,C-D,C-F,C-G,C-H,D-F,D-G,D-H,E-F,E-G,F-G,G-H","A-B,A-F,B-C,C-E,D-E,E-H,F-H",47.21472667795867,43.76748677581562,33.403838226515546,75.9677022906679
49,"A-E,A-F,A-G,A-H,B-D,B-E,B-F,B-G,B-H,C-E,C-F,C-G,C-H,D-E,D-F,D-H,E-F,E-G,F-G,F-H,G-H","A-B,A-C,A-D,B-C,C-D,D-G,E-H",49.716001483501955,21.583198866262318,10.206895690494832,39.90512012035845
50,"A-B,A-C,A-D,A-E,A-F,A-G,A-H,B-D,B-F,B-H,C-F,C-G,C-H,D-E,D-G,D-H,E-G,E-H,F-G,F-H,G-H","B-C,B-E,B-G,C-D,C-E,D-F,E-F",41.45716478750473,57.171806946658045,22.546136083276366,109.4385764386033
51,"A-C,A-E,A-G,A-H,B-C,B-D,B-E,B-F,B-H,C-D,C-E,C-F,C-G,D-F,D-G,D-H,E-G,E-H,F-G,F-H,G-H","A-B,A-D,A-F,B-G,C-H,D-E,E-F",38.302297451748736,70.82843544256133,44.75573490301318,124.35712669772515
52,"A-C,A-E,A-F,A-H,B-C,B-D,B-E,B-F,B-G,C-D,C-E,C-F,C-G,C-H,D-F,D-G,D-H,E-G,E-H,F-G,F-H","A-B,A-D,A-G,B-H,D-E,E-F,G-H",46.38247927261555,42.7942415869879,37.97408073058203,69.97738218444064
53,"A-B,A-D,A-E,A-F,A-G,A-H,B-C,B-G,B-H,C-D,C-E,C-G,D-E,D-F,D-G,D-H,E-F,E-G,E-H,F-G,G-H","A-C,B-D,B-E,B-F,C-F,C-H,F-H",38.88802625996167,70.44987404795373,55.98358279699349,118.34778884092515
54,"A-C,A-D,A-F,A-H,B-C,B-D,B-E,B-F,B-G,B-H,C-D,C-F,C-G,C-H,D-E,D-F,D-G,E-F,F-G,F-H,G-H","A-B,A-E,A-G,C-E,D-H,E-G,E-H",38.569409880101354,69.70596144471287,57.78189840427356,119.30918522739529
55,"A-B,A-C,A-E,A-F,A-G,A-H,B-E,B-F,B-G,C-F,C-H,D-E,D-F,D-G,D-H,E-F,E-G,E-H,F-G,F-H,G-H","A-D,B-C,B-D,B-H,C-D,C-E,C-G",49.66910760364612,21.388454431874106,14.963323716053367,35.20721984071471
56,"A-D,A-E,A-F,A-G,A-H,B-C,B-D,B-E,C-D,C-E,C-F,C-G,D-E,D-F,D-G,D-H,E-F,E-G,E-H,F-G,G-H","A-B,A-C,B-F,B-G,B-H,C-H,F-H",35.43310318991574,75.66004015549862,44.444454781167394,126.05951394081623
57,"A-B,A-C,A-D,A-E,A-G,A-H,B-C,B-E,C-D,C-E,C-G,C-H,D-E,D-G,D-H,E-F,E-G,E-H,F-G,F-H,G-H","A-F,B-D,B-F,B-G,B-H,C-F,D-F",31.0571547216246,79.105070993305,67.4233323218047,117.0243281003502
58,"A-B,A-D,A-E,A-F,A-G,A-H,B-C,B-F,B-H,C-E,C-F,C-H,D-E,D-F,D-G,D-H,E-F,E-H,F-G,F-H,G-H","A-C,B-D,B-E,B-G,C-D,C-G,E-G",38.427880980408354,64.66549064756012,45.635967825402304,111.13393622969053
59,"A-B,A-C,A-E,A-G,A-H,B-C,B-G,B-H,C-D,C-F,C-G,D-E,D-F,D-G,D-H,E-F,E-G,E-H,F-G,F-H,G-H","A-D,A-F,B-D,B-E,B-F,C-E,C-H",38.308889777228586,81.86351814218149,49.35701648124237,147.87890655937167
60,"A-D,A-F,A-G,A-H,B-C,B-D,B-E,B-F,B-G,B-H,C-F,C-G,C-H,D-F,D-G,D-H,E-F,E-G,E-H,F-H,G-H","A-B,A-C,A-E,C-D,C-E,D-E,F-G",46.291941147985646,49.16036933353719,26.079051769485545,90.82996972039248
61,"A-C,A-E,A-F,A-G,A-H,B-D,B-E,B-G,B-H,C-D,C-E,C-F,C-G,D-G,D-H,E-F,E-G,E-H,F-G,F-H,G-H","A-B,A-D,B-C,B-F,C-H,D-E,D-F",37.248018561824715,90.26060441512954,79.1440725098991,143.7026481205097
62,"A-B,A-C,A-D,A-E,A-F,A-H,B-C,B-F,B-G,C-D,C-F,C-G,C-H,D-E,D-F,D-G,D-H,E-G,E-H,F-G,G-H","A-G,B-D,B-E,B-H,C-E,E-F,F-H",47.08229468997603,37.66347605047586,29.889145677122414,65.96218111436994
63,"A-B,A-C,A-D,A-E,A-H,B-C,B-D,B-F,B-G,C-D,C-G,C-H,D-E,D-F,D-G,E-F,E-G,E-H,F-G,F-H,G-H","A-F,A-G,B-E,B-H,C-E,C-F,D-H",38.31127045048358,70.2350048297444,56.329323279891014,106.39310930711206
64,"A-B,A-C,A-E,A-F,A-H,B-D,B-G,B-H,C-D,C-E,C-F,C-H,D-E,D-F,D-G,D-H,E-F,E-G,E-H,F-G,F-H","A-D,A-G,B-C,B-E,B-F,C-G,G-H",39.94597485885178,81.0145342729249,58.11230823047751,146.66583941495753
65,"A-B,A-C,A-D,A-E,A-F,A-G,B-D,B-E,B-F,B-H,C-D,C-F,C-G,C-H,D-E,D-F,D-G,E-F,E-H,F-G,F-H","A-H,B-C,B-G,C-E,D-H,E-G,G-H",33.1426566916785,75.06295451916642,68.51004822861142,118.03720386082767
66,"A-B,A-D,A-E,A-G,A-H,B-C,B-D,B-E,B-G,C-D,C-E,C-H,D-E,D-F,D-G,D-H,E-F,E-G,F-G,F-H,G-H","A-C,A-F,B-F,B-H,C-F,C-G,E-H",39.73931028273748,64.95266644004398,35.831487223903906,117.63829357890128
67,"A-B,A-C,A-E,A-G,A-H,B-C,B-D,B-F,B-G,B-H,C-D,C-F,C-G,C-H,D-F,D-G,D-H,E-F,E-H,F-G,F-H","A-D,A-F,B-E,C-E,D-E,E-G,G-H",41.86533712264656,64.57505963543453,33.55141696738423,115.85126109007743
68,"A-B,A-D,A-E,A-G,B-D,B-E,B-F,B-G,B-H,C-E,C-F,C-G,C-H,D-E,D-F,D-G,E-F,E-H,F-G,F-H,G-H","A-C,A-F,A-H,B-C,C-D,D-H,E-G",39.54234267736006,59.90081473231892,49.02162342552677,98.54913842516623
69,"A-B,A-D,A-E,A-G,A-H,B-C,B-D,B-E,B-F,B-G,B-H,C-D,C-G,D-E,D-F,E-F,E-G,E-H,F-G,F-H,G-H","A-C,A-F,C-E,C-F,C-H,D-G,D-H",39.97305164737646,69.17613659607332,47.51854776897491,120.91338975121899
70,"A-B,A-C,A-D,A-E,A-H,B-D,B-F,B-G,B-H,C-E,C-F,C-G,C-H,D-E,D-F,D-H,E-G,E-H,F-G,F-H,G-H","A-F,A-G,B-C,B-E,C-D,D-G,E-F",45.3532041465276,51.19591225996469,16.15968282083621,94.50381473578678
71,"A-B,A-C,A-D,A-E,A-G,A-H,B-E,B-F,B-G,B-H,C-D,C-E,C-F,C-G,D-F,D-G,E-F,E-H,F-G,F-H,G-H","A-F,B-C,B-D,C-H,D-E,D-H,E-G",40.204796700860875,59.87531989411219,50.17864106098389,92.98591746496147
72,"A-B,A-C,A-E,A-F,A-G,A-H,B-C,B-D,B-F,B-G,B-H,C-F,C-G,C-H,D-E,D-H,E-F,E-H,F-G,F-H,G-H","A-D,B-E,C-D,C-E,D-F,D-G,E-G",40.14461237182003,80.81963735966013,46.44190133046692,134.48014115706252
73,"A-E,A-F,A-G,A-H,B-C,B-D,B-E,B-G,B-H,C-D,C-E,C-G,C-H,D-E,D-F,D-G,E-F,E-H,F-G,F-H,G-H","A-B,A-C,A-D,B-F,C-F,D-H,E-G",33.02949716140205,80.53469782049733,83.5273035990048,120.84503153092987
74,"A-B,A-D,A-E,A-F,A-G,A-H,B-C,B-D,B-F,B-G,B-H,C-D,C-F,C-G,C-H,D-E,D-F,D-H,E-F,E-G,F-H","A-C,B-E,C-E,D-G,E-H,F-G,G-H",48.12954406546768,39.23376152564767,28.320636883584626,58.93391885991707
75,"A-B,A-C,A-D,A-E,A-F,A-H,B-D,B-E,B-F,B-G,B-H,C-F,C-G,C-H,D-E,D-F,D-G,D-H,E-G,E-H,F-G","A-G,B-C,C-D,C-E,E-F,F-H,G-H",47.77249703276271,33.82240928259887,17.896271050992425,63.032389272960124
76,"A-B,A-C,A-E,A-G,A-H,B-C,B-D,B-E,B-F,B-H,C-D,C-G,C-H,D-E,D-F,D-G,D-H,E-G,E-H,F-H,G-H","A-D,A-F,B-G,C-E,C-F,E-F,F-G",37.486828593062974,72.5069161958694,41.25439412825531,125.07099528369794
77,"A-B,A-C,A-E,A-F,A-G,A-H,B-C,B-D,B-F,C-D,C-E,C-G,D-E,D-F,D-G,D-H,E-F,E-G,E-H,F-H,G-H","A-D,B-E,B-G,B-H,C-F,C-H,F-G",37.64854166419655,70.36763712384807,39.9652603855244,126.87081618508293
78,"A-B,A-C,A-D,A-E,A-F,A-G,A-H,B-C,B-D,B-E,B-G,B-H,C-E,C-F,C-G,D-E,D-H,E-G,E-H,F-G,F-H","B-F,C-D,C-H,D-F,D-G,E-F,G-H",40.215835938903645,68.4503463096168,45.2905727050435,121.37355766802658
79,"A-B,A-C,A-D,A-F,A-G,A-H,B-C,B-D,B-E,B-G,C-F,C-G,C-H,D-E,D-F,D-H,E-F,E-H,F-G,F-H,G-H","A-E,B-F,B-H,C-D,C-E,D-G,E-G",39.69123588659208,61.32897092399928,24.60092363636832,109.54574044039863
80,"A-C,A-D,A-E,A-F,A-G,A-H,B-C,B-D,B-G,B-H,C-D,C-E,C-G,D-E,D-F,D-G,D-H,E-G,E-H,F-G,G-H","A-B,B-E,B-F,C-F,C-H,E-F,F-H",40.023882430876625,64.70011147741477,31.978662528371217,114.76105408232543
81,"A-B,A-C,A-D,A-E,A-H,B-D,B-G,B-H,C-D,C-E,C-F,C-G,C-H,D-E,D-F,D-G,D-H,E-F,E-G,F-H,G-H","A-F,A-G,B-C,B-E,B-F,E-H,F-G",36.537470651087276,90.63887815895754,64.20968478700904,157.4602877610102
82,"A-B,A-E,A-F,A-G,A-H,B-C,B-D,B-E,B-F,B-G,B-H,C-D,C-E,C-F,C-G,D-E,D-F,D-H,E-F,E-G,G-H","A-C,A-D,C-H,D-G,E-H,F-G,F-H",47.80052768949408,41.837150893303594,21.15807436731248,75.05894508971434
83,"A-B,A-C,A-D,A-F,A-G,A-H,B-C,B-D,B-E,B-F,B-G,C-D,C-F,C-G,C-H,D-E,D-G,D-H,E-F,E-G,F-H","A-E,B-H,C-E,D-F,E-H,F-G,G-H",45.903918967484245,43.111698302583655,41.241755963760994,65.10794222235697
84,"A-B,A-C,A-E,A-F,A-G,B-C,B-D,B-G,B-H,C-D,C-F,C-G,C-H,D-E,D-F,D-G,D-H,E-F,E-G,F-G,F-H","A-D,A-H,B-E,B-F,C-E,E-H,G-H",35.869435791021694,89.89260730922598,77.56421628802099,153.63792082774282
85,"A-B,A-D,A-F,A-G,A-H,B-C,B-D,B-E,B-F,B-G,B-H,C-D,C-F,C-H,D-F,D-G,D-H,E-F,E-G,E-H,G-H","A-C,A-E,C-E,C-G,D-E,F-G,F-H",45.933241854355465,54.616757257301586,30.642959399237924,97.01708179384447
86,"A-B,A-C,A-D,A-E,A-F,A-G,A-H,B-E,B-F,B-H,C-D,C-E,C-F,D-E,D-H,E-F,E-G,E-H,F-G,F-H,G-H","B-C,B-D,B-G,C-G,C-H,D-F,D-G",38.41801935064865,79.03198344870675,63.38641979337967,133.3685332391784
87,"A-C,A-G,A-H,B-C,B-D,B-F,B-G,B-H,C-E,C-G,C-H,D-E,D-F,D-G,D-H,E-F,E-G,E-H,F-G,F-H,G-H","A-B,A-D,A-E,A-F,B-E,C-D,C-F",43.670409240325775,49.71188461816659,38.118784007627994,86.83504430730095
88,"A-B,A-D,A-E,A-F,A-H,B-C,B-D,B-F,B-G,C-D,C-F,D-E,D-F,D-G,D-H,E-F,E-G,E-H,F-G,F-H,G-H","A-C,A-G,B-E,B-H,C-E,C-G,C-H",44.52418814276236,62.38660295776065,33.86923260999737,95.96133834145658
89,"A-B,A-D,A-F,A-G,A-H,B-C,B-D,B-F,B-G,B-H,C-E,C-F,C-G,D-E,D-G,D-H,E-F,E-G,E-H,F-H,G-H","A-C,A-E,B-E,C-D,C-H,D-F,F-G",43.591738635386164,57.161564524210334,57.19837606047582,81.64451348298515
90,"A-B,A-C,A-F,A-G,A-H,B-C,B-G,B-H,C-D,C-E,C-G,C-H,D-E,D-F,D-G,E-F,E-G,E-H,F-G,F-H,G-H","A-D,A-E,B-D,B-E,B-F,C-F,D-H",31.284682482577217,94.43630064279955,79.61045527599967,144.94246608937794
91,"A-B,A-D,A-F,A-G,B-C,B-D,B-E,B-G,C-D,C-E,C-F,C-G,C-H,D-E,D-F,D-G,E-F,E-G,E-H,F-G,G-H","A-C,A-E,A-H,B-F,B-H,D-H,F-H",34.17052596143073,84.9086444484322,77.58677346718562,138.3144290333397
92,"A-B,A-C,A-D,A-E,A-F,A-G,B-C,B-D,B-F,B-G,C-D,C-F,C-H,D-E,D-F,D-G,D-H,E-F,E-G,E-H,F-H","A-H,B-E,B-H,C-E,C-G,F-G,G-H",44.112745624011815,60.40656675327579,49.963246171962766,103.23279419477664
93,"A-B,A-C,A-E,A-F,B-C,B-D,B-E,B-F,B-G,B-H,C-D,C-E,C-F,C-G,D-E,D-F,D-G,D-H,E-F,E-H,G-H","A-D,A-G,A-H,C-H,E-G,F-G,F-H",36.747524607223724,82.63066655717874,42.11464315400464,143.13419346779946
94,"A-B,A-C,A-D,A-E,A-F,A-H,B-C,B-E,B-F,B-G,C-D,C-F,C-G,D-E,D-F,D-G,D-H,E-G,E-H,F-G,G-H","A-G,B-D,B-H,C-E,C-H,E-F,F-H",46.42672410579062,42.11073107294964,23.25358943978995,73.17424841731084
95,"A-B,A-C,A-D,A-E,A-F,A-G,A-H,B-C,B-E,B-G,B-H,C-D,C-F,C-G,C-H,D-E,D-G,D-H,E-F,E-G,G-H","B-D,B-F,C-E,D-F,E-H,F-G,F-H",41.021290346065484,73.27653095941596,43.723466152814154,134.47767115118486
96,"A-C,A-E,A-G,A-H,B-D,B-F,B-G,B-H,C-D,C-E,C-F,C-G,C-H,D-G,D-H,E-F,E-G,E-H,F-G,F-H,G-H","A-B,A-D,A-F,B-C,B-E,D-E,D-F",45.26073684563278,49.652403721050135,44.38942283719754,82.06512588547771
97,"A-B,A-E,A-F,A-G,B-C,B-D,B-E,B-F,B-G,B-H,C-D,C-E,C-F,D-E,D-F,D-G,D-H,E-G,F-G,F-H,G-H","A-C,A-D,A-H,C-G,C-H,E-F,E-H",46.04534274468304,43.07170222886982,34.30513028707236,69.91139758392677
98,"A-C,A-D,A-E,A-G,A-H,B-C,B-D,B-E,B-F,B-G,B-H,C-D,C-E,C-G,C-H,D-F,D-H,E-F,E-H,F-G,G-H","A-B,A-F,C-F,D-E,D-G,E-G,F-H",39.81580890716591,64.3397076044803,17.490171075071544,117.92963109790792
99,"A-B,A-C,A-D,A-F,A-G,A-H,B-C,B-D,B-E,B-H,C-F,C-G,C-H,D-E,D-F,D-G,D-H,E-F,E-G,F-G,F-H","A-E,B-F,B-G,C-D,C-E,E-H,G-H",35.6488493944122,74.49185081175267,65.68760152448723,118.42197778519835
100,"A-C,A-D,A-E,A-F,A-G,A-H,B-C,B-D,B-E,B-F,B-G,C-D,C-H,D-F,D-G,D-H,E-F,E-G,E-H,F-G,G-H","A-B,B-H,C-E,C-F,C-G,D-E,F-H",45.49197146265156,47.02386938986256,28.392904376262948,85.53812313102856
101,"A-B,A-D,A-E,A-F,A-G,A-H,B-C,B-D,B-F,B-G,C-D,C-E,C-F,C-H,D-E,D-F,D-H,E-F,E-H,F-H,G-H","A-C,B-E,B-H,C-G,D-G,E-G,F-G",42.95937895550063,62.67098069339194,32.92393172588595,114.22612547243233
102,"A-B,A-C,A-D,A-E,A-F,A-H,B-C,B-E,B-G,C-D,C-G,C-H,D-E,D-F,D-G,D-H,E-G,E-H,F-G,F-H,G-H","A-G,B-D,B-F,B-H,C-E,C-F,E-F",38.48478462514614,71.10788185517823,64.22955427372844,107.38698410185401
103,"A-B,A-C,A-F,A-G,A-H,B-C,B-D,B-E,B-H,C-D,C-E,C-F,C-H,D-E,D-F,D-G,D-H,E-F,E-G,E-H,F-H","A-D,A-E,B-F,B-G,C-G,F-G,G-H",35.70451737596123,77.85080701518598,61.209353179073304,127.20076340294253
104,"A-B,A-D,A-G,A-H,B-C,B-D,B-E,B-F,B-G,C-D,C-F,C-G,C-H,D-E,D-F,D-H,E-F,E-G,E-H,F-G,F-H","A-C,A-E,A-F,B-H,C-E,D-G,G-H",45.02823346845892,50.619739188478626,49.534012484249445,74.05908280414477
105,"A-B,A-E,A-F,A-G,B-C,B-D,B-E,B-F,B-G,B-H,C-D,C-E,C-F,C-G,C-H,D-E,D-F,D-H,E-F,F-G,F-H","A-C,A-D,A-H,D-G,E-G,E-H,G-H",40.937469622338696,65.53825948346339,23.540534588522235,118.7212850527704
106,"A-C,A-D,A-E,A-F,A-G,A-H,B-D,B-F,B-G,C-E,C-G,D-E,D-F,D-G,D-H,E-F,E-G,E-H,F-G,F-H,G-H","A-B,B-C,B-E,B-H,C-D,C-F,C-H",45.23906628598935,43.385520425723215,16.722397876422036,80.39229125997372
107,"A-B,A-C,A-D,A-E,A-H,B-C,B-D,B-F,B-G,B-H,C-D,C-F,C-G,D-E,D-F,D-G,E-F,E-G,E-H,F-G,F-H","A-F,A-G,B-E,C-E,C-H,D-H,G-H",42.01735505794056,56.3072737082011,58.19561900495313,84.48563230952338
108,"A-E,A-F,A-G,B-C,B-D,B-E,B-F,B-G,B-H,C-D,C-G,C-H,D-E,D-F,D-G,D-H,E-F,E-G,E-H,F-G,F-H","A-B,A-C,A-D,A-H,C-E,C-F,G-H",43.06455685170463,54.61467619882769,27.76919452224473,93.70294745432979
109,"A-B,A-C,A-E,A-G,B-C,B-D,B-E,B-G,B-H,C-D,C-E,C-G,C-H,D-E,D-H,E-F,E-G,E-H,F-G,F-H,G-H","A-D,A-F,A-H,B-F,C-F,D-F,D-G",35.31298737433348,73.83513232786879,73.24297666310066,116.77892721281887
110,"A-C,A-D,A-F,A-G,A-H,B-C,B-D,B-E,B-G,B-H,C-D,C-E,C-F,C-G,C-H,D-F,D-G,D-H,E-F,E-H,G-H","A-B,A-E,B-F,D-E,E-G,F-G,F-H",36.68789160230311,79.13880935463206,59.77321359490193,119.13010287651078
111,"A-C,A-F,A-G,A-H,B-C,B-D,B-E,B-G,B-H,C-D,C-F,D-E,D-F,D-G,D-H,E-F,E-G,E-H,F-G,F-H,G-H","A-B,A-D,A-E,B-F,C-E,C-G,C-H",41.438550800212084,63.65457475105858,30.938438614723566,113.81429469716066
112,"A-C,A-D,A-E,A-F,B-C,B-D,B-E,B-F,B-G,C-D,C-E,C-G,D-E,D-F,D-G,E-F,E-G,E-H,F-G,F-H,G-H","A-B,A-G,A-H,B-H,C-F,C-H,D-H",38.68201240797379,62.85655465577466,48.77913783837738,95.03179700061882
113,"A-B,A-C,A-E,A-F,A-G,B-D,B-F,B-G,B-H,C-E,C-F,C-G,C-H,D-E,D-F,D-G,D-H,E-F,E-G,E-H,F-H","A-D,A-H,B-C,B-E,C-D,F-G,G-H",44.76821795020956,57.80585895848717,33.589251393926475,98.3547745583955
114,"A-B,A-D,A-E,A-G,A-H,B-C,B-D,B-E,B-F,B-G,C-D,C-E,C-F,C-G,C-H,D-F,D-G,E-G,E-H,F-H,G-H","A-C,A-F,B-H,D-E,D-H,E-F,F-G",44.13266552396866,49.9004094103526,40.53411681189161,78.79583910771858
115,"A-B,A-C,A-D,A-E,A-F,A-G,A-H,B-C,B-D,B-G,B-H,C-E,C-F,C-G,D-E,D-F,D-G,E-F,E-G,E-H,F-H","B-E,B-F,C-D,C-H,D-H,F-G,G-H",35.63474854970066,86.07804842922182,50.570544812016976,154.11678277019712
116,"A-C,A-D,A-E,A-F,A-G,B-D,B-E,B-F,B-G,C-E,C-F,C-H,D-E,D-F,D-G,D-H,E-G,E-H,F-G,F-H,G-H","A-B,A-H,B-C,B-H,C-D,C-G,E-F",45.24536800112849,60.06667153753129,40.37806172494851,102.03651907303787
117,"A-B,A-C,A-D,A-E,A-F,A-G,A-H,B-C,B-E,B-F,B-G,C-F,C-G,D-E,D-F,D-G,E-F,E-G,E-H,F-G,F-H","B-D,B-H,C-D,C-E,C-H,D-H,G-H",43.40022686058462,64.04905325693866,39.1001957476428,116.28901307432372
118,"A-B,A-C,A-D,A-E,A-F,A-G,A-H,B-D,B-F,B-G,B-H,C-E,C-F,C-H,D-E,D-F,E-F,E-G,E-H,F-H,G-H","B-C,B-E,C-D,C-G,D-G,D-H,F-G",45.99518894613068,52.58454312968126,31.329465715110302,97.23674419252883
119,"A-B,A-C,A-D,A-E,B-C,B-D,B-E,B-G,B-H,C-D,C-G,C-H,D-E,D-G,D-H,E-F,E-G,E-H,F-G,F-H,G-H","A-F,A-G,A-H,B-F,C-E,C-F,D-F",32.983419365763474,78.09652589095641,59.476321874689745,114.80259867303127
120,"A-B,A-D,A-E,A-F,A-H,B-E,B-F,B-G,B-H,C-D,C-F,C-G,C-H,D-E,D-F,D-G,D-H,E-F,E-G,E-H,F-G","A-C,A-G,B-C,B-D,C-E,F-H,G-H",46.59429959184102,45.90794547431168,28.954527899812604,82.15882720804136
121,"A-B,A-E,A-F,A-G,A-H,B-C,B-D,B-F,B-G,B-H,C-D,C-E,C-F,C-H,D-F,D-G,E-F,E-G,E-H,F-H,G-H","A-C,A-D,B-E,C-G,D-E,D-H,F-G",46.054360632035355,44.143229218018504,23.986787558148762,81.63535724263707
122,"A-B,A-C,A-D,A-F,A-H,B-D,B-F,B-G,B-H,C-D,C-E,C-F,C-G,C-H,D-H,E-F,E-G,E-H,F-G,F-H,G-H","A-E,A-G,B-C,B-E,D-E,D-F,D-G",42.746718336369874,59.50563163041398,67.42660434842065,84.76251520132766
123,"A-B,A-C,A-D,A-G,A-H,B-C,B-D,B-E,B-G,B-H,C-D,C-E,C-F,C-G,C-H,D-F,D-H,E-F,E-G,E-H,G-H","A-E,A-F,B-F,D-E,D-G,F-G,F-H",33.80546842740431,107.16861416041068,90.52272691742417,168.11880603061215
124,"A-B,A-D,A-E,A-F,A-H,B-C,B-D,B-E,B-F,B-H,C-D,C-E,C-F,C-H,D-F,D-G,D-H,E-F,E-G,F-H,G-H","A-C,A-G,B-G,C-G,D-E,E-H,F-G",40.0550984852343,67.48631128049506,47.125862551891174,114.4057447654919
125,"A-B,A-C,A-F,A-G,A-H,B-D,B-E,B-F,B-G,B-H,C-D,C-E,C-F,C-G,C-H,D-H,E-F,E-G,E-H,F-G,G-H","A-D,A-E,B-C,D-E,D-F,D-G,F-H",43.567844229884535,71.52543522714822,61.93573825903218,98.59307058271487
126,"A-B,A-C,A-D,A-E,A-F,A-G,A-H,B-C,B-D,B-E,B-F,B-H,C-D,C-E,C-H,D-F,E-F,E-G,E-H,F-H,G-H","B-G,C-F,C-G,D-E,D-G,D-H,F-G",32.49307537708916,95.64097776637443,72.24071532399668,149.50926256052713
127,"A-B,A-C,A-D,A-E,A-G,A-H,B-C,B-E,B-F,B-H,C-E,C-F,C-H,D-F,D-G,D-H,E-F,E-G,F-G,F-H,G-H","A-F,B-D,B-G,C-D,C-G,D-E,E-H",40.43648048049914,67.0830224344168,38.655933695359835,127.29773086206728
128,"A-B,A-C,A-E,A-F,A-G,A-H,B-C,B-D,B-E,B-G,B-H,C-D,C-E,C-G,C-H,D-F,D-G,E-G,E-H,F-H,G-H","A-D,B-F,C-F,D-E,D-H,E-F,F-G",35.23877591292219,82.49756832623193,36.601200976665325,137.16230408503253
129,"A-C,A-D,A-E,A-F,A-G,B-D,B-E,B-F,B-G,B-H,C-D,C-E,C-F,C-G,C-H,D-E,D-H,E-F,E-G,E-H,F-G","A-B,A-H,B-C,D-F,D-G,F-H,G-H",44.04090527153692,58.33630228939265,29.247043280107533,94.45426616099459
130,"A-B,A-D,A-E,A-F,A-G,A-H,B-D,B-G,B-H,C-D,C-E,C-F,C-G,C-H,D-F,D-G,D-H,E-F,E-H,F-H,G-H","A-C,B-C,B-E,B-F,D-E,E-G,F-G",36.34493183084076,84.09193095223006,49.726405439704564,143.15253554039342
131,"A-B,A-C,A-D,A-G,A-H,B-C,B-D,B-E,B-F,B-G,C-D,C-F,C-H,D-E,D-F,E-F,E-G,E-H,F-G,F-H,G-H","A-E,A-F,B-H,C-E,C-G,D-G,D-H",43.69315533825735,54.566706410651435,46.28042627673747,93.10312882656349
132,"A-E,A-F,A-G,A-H,B-C,B-D,B-E,B-F,B-G,C-E,C-F,C-G,C-H,D-G,D-H,E-F,E-G,E-H,F-G,F-H,G-H","A-B,A-C,A-D,B-H,C-D,D-E,D-F",45.85839202586191,49.39485100414118,38.932407672863405,87.52871428279778
133,"A-D,A-F,A-G,A-H,B-C,B-D,B-E,B-F,B-G,B-H,C-D,C-G,C-H,D-E,D-G,D-H,E-F,E-G,E-H,F-G,F-H","A-B,A-C,A-E,C-E,C-F,D-F,G-H",41.58767694010431,61.22954002244738,37.3045787682172,105.90900469650822
134,"A-B,A-D,A-F,A-G,A-H,B-C,B-D,B-E,B-F,B-G,B-H,C-F,C-H,D-E,D-G,D-H,E-F,E-G,E-H,F-G,F-H","A-C,A-E,C-D,C-E,C-G,D-F,G-H",46.08163488434661,40.37840905063687,37.06246256050514,65.14368845673003
135,"A-B,A-C,A-D,A-E,A-F,A-H,B-C,B-D,B-E,B-G,C-D,C-E,C-F,C-G,C-H,D-E,D-G,D-H,E-F,E-G,F-H","A-G,B-F,B-H,D-F,E-H,F-G,G-H",40.14796677675972,66.02003113405173,45.23434533005556,115.26686176382775
136,"A-B,A-E,A-F,A-H,B-C,B-E,B-F,B-G,B-H,C-D,C-E,C-F,C-G,C-H,D-E,D-F,D-G,E-F,E-G,F-H,G-H","A-C,A-D,A-G,B-D,D-H,E-H,F-G",44.385666030471185,55.32474734267248,45.46570806493281,92.26869333070061
137,"A-C,A-D,A-E,A-F,A-G,B-C,B-D,B-F,B-G,B-H,C-D,C-F,C-G,D-E,D-H,E-F,E-G,E-H,F-G,F-H,G-H","A-B,A-H,B-E,C-E,C-H,D-F,D-G",43.58922737691547,53.471939968521404,52.718164149231654,81.79950936193815
138,"A-B,A-C,A-D,A-E,A-F,A-G,A-H,B-C,B-D,B-E,B-H,C-D,C-E,C-F,C-G,D-E,D-G,E-F,E-H,F-G,F-H","B-F,B-G,C-H,D-F,D-H,E-G,G-H",26.134050968725404,86.43575998143253,66.8913638336991,120.49842245209568
139,"A-B,A-C,A-D,A-E,A-G,A-H,B-C,B-D,B-G,B-H,C-D,C-E,C-F,C-G,D-E,D-G,E-F,E-G,E-H,F-H,G-H","A-F,B-E,B-F,C-H,D-F,D-H,F-G",32.11901752947736,91.38985658790025,54.7773756347853,157.7356336268272
140,"A-B,A-C,A-D,A-E,A-F,A-G,A-H,B-C,B-E,B-F,B-G,B-H,C-G,C-H,D-F,D-G,D-H,E-F,E-H,F-H,G-H","B-D,C-D,C-E,C-F,D-E,E-G,F-G",40.53078193397435,65.47734262538698,16.726957977013797,120.87716390956479
141,"A-D,A-E,A-G,A-H,B-C,B-D,B-E,B-F,B-G,B-H,C-D,C-F,C-G,C-H,D-E,D-F,D-G,E-F,E-G,E-H,F-H","A-B,A-C,A-F,C-E,D-H,F-G,G-H",44.71185020753901,48.59867079435551,30.17287597781018,87.11110848411413
142,"A-B,A-C,A-D,A-E,A-G,B-C,B-E,B-F,B-G,B-H,C-F,C-H,D-E,D-F,D-G,D-H,E-G,E-H,F-G,F-H,G-H","A-F,A-H,B-D,C-D,C-E,C-G,E-F",46.190814277730084,40.23543524020737,20.46783027550096,72.01616521715792
143,"A-B,A-D,A-E,A-F,A-G,A-H,B-C,B-D,B-E,B-G,B-H,C-D,C-F,C-G,D-E,D-F,E-F,E-H,F-G,F-H,G-H","A-C,B-F,C-E,C-H,D-G,D-H,E-G",34.70261603187578,88.62776909651964,50.75436965869031,154.6220085017353
144,"A-B,A-C,A-D,A-E,A-F,B-C,B-E,B-F,B-G,B-H,C-D,C-E,C-F,C-G,C-H,D-F,D-G,D-H,E-G,E-H,G-H","A-G,A-H,B-D,D-E,E-F,F-G,F-H",44.96828195205983,46.882329206795745,36.243130363327836,74.34906852435864
145,"A-B,A-D,A-E,A-F,A-G,A-H,B-C,B-D,B-F,B-G,B-H,C-D,C-E,C-G,C-H,D-F,E-G,E-H,F-G,F-H,G-H","A-C,B-E,C-F,D-E,D-G,D-H,E-F",40.959866031979196,66.13954627141531,30.579762179171098,114.97576374112542
146,"A-B,A-C,A-E,A-F,A-H,B-C,B-E,B-G,B-H,C-D,C-F,C-G,C-H,D-F,D-G,D-H,E-G,E-H,F-G,F-H,G-H","A-D,A-G,B-D,B-F,C-E,D-E,E-F",40.94800402963236,69.27294946023422,55.500413153144734,118.79433462267096
147,"A-B,A-C,A-E,A-F,A-G,A-H,B-C,B-D,B-E,B-G,C-D,C-E,C-F,C-G,C-H,D-E,E-G,E-H,F-G,F-H,G-H","A-D,B-F,B-H,D-F,D-G,D-H,E-F",36.44690541571135,80.94704841049838,32.80453578413895,140.92794711000147
148,"A-B,A-C,A-D,A-F,A-G,A-H,B-D,B-E,B-G,B-H,C-E,C-F,C-G,C-H,D-E,D-F,D-G,D-H,E-F,E-H,G-H","A-E,B-C,B-F,C-D,E-G,F-G,F-H",38.2028205326408,73.53873772569798,54.03082799709878,125.02251870132382
149,"A-B,A-C,A-D,A-E,A-F,A-G,B-C,B-D,B-E,B-G,B-H,C-D,C-F,C-H,D-E,D-F,D-H,E-F,E-G,F-H,G-H","A-H,B-F,C-E,C-G,D-G,E-H,F-G",38.73895853651669,88.65100551106495,57.70882908867355,158.17818441197966
150,"A-B,A-C,A-E,A-G,A-H,B-D,B-E,B-F,B-H,C-D,C-E,C-F,C-G,C-H,D-F,D-G,E-F,E-H,F-G,F-H,G-H","A-D,A-F,B-C,B-G,D-E,D-H,E-G",33.776447930015394,79.90814968607714,72.03500686127873,131.34965798527148
151,"A-B,A-C,A-D,A-E,A-F,A-G,A-H,B-D,B-E,B-F,B-G,C-E,C-H,D-E,D-F,D-H,E-F,E-H,F-G,F-H,G-H","B-C,B-H,C-D,C-F,C-G,D-G,E-G",39.776125001830216,75.80677825056074,28.832518185890507,135.10547430645258
152,"A-B,A-C,A-E,A-F,A-G,A-H,B-C,B-D,B-G,B-H,C-D,C-E,C-G,C-H,D-E,D-G,D-H,E-H,F-G,F-H,G-H","A-D,B-E,B-F,C-F,D-F,E-F,E-G",29.052516380351538,93.94676937134416,97.45296534967947,126.59945651285676
153,"A-B,A-C,A-E,A-F,A-G,A-H,B-C,B-D,B-H,C-E,C-F,C-G,C-H,D-F,D-G,D-H,E-F,E-G,E-H,F-G,F-H","A-D,B-E,B-F,B-G,C-D,D-E,G-H",36.003526569684226,73.83748850364334,43.9953419405264,124.54159356014124
154,"A-C,A-D,A-F,A-G,A-H,B-C,B-D,B-E,B-F,B-G,B-H,C-D,C-F,D-E,D-F,D-G,D-H,E-F,E-G,F-H,G-H","A-B,A-E,C-E,C-G,C-H,E-H,F-G",46.11231441717963,51.054096109056,12.002388532556097,95.03213791139743
155,"A-C,A-D,A-E,A-F,A-G,B-C,B-D,B-F,B-G,B-H,C-D,C-E,C-F,C-G,C-H,D-G,D-H,E-F,E-H,F-H,G-H","A-B,A-H,B-E,D-E,D-F,E-G,F-G",36.69278434313915,79.25376731802596,74.17140045571682,131.6827884761602
156,"A-C,A-D,A-E,A-F,A-H,B-C,B-D,B-F,B-G,B-H,C-D,C-F,C-G,C-H,D-E,D-G,D-H,E-F,E-H,F-H,G-H","A-B,A-G,B-E,C-E,D-F,E-G,F-G",35.551493597005084,94.87731536438599,78.92634231592689,162.0630486394087
157,"A-B,A-C,A-E,A-G,A-H,B-C,B-D,B-F,B-G,B-H,C-D,C-E,C-F,C-G,C-H,D-E,D-H,E-G,E-H,F-G,F-H","A-D,A-F,B-E,D-F,D-G,E-F,G-H",45.22709466184001,48.108078049018516,49.274730327231026,73.12382425050374
158,"A-B,A-D,A-E,A-F,A-G,B-D,B-E,B-G,C-D,C-F,C-G,C-H,D-E,D-F,D-H,E-F,E-G,E-H,F-G,F-H,G-H","A-C,A-H,B-C,B-F,B-H,C-E,D-G",39.01818913347152,78.65603915409443,42.7572701229505,146.12763982755166
159,"A-B,A-C,A-D,A-E,A-G,B-C,B-D,B-E,B-F,B-G,B-H,C-D,C-F,C-G,C-H,D-E,D-G,D-H,E-F,F-G,F-H","A-F,A-H,C-E,D-F,E-G,E-H,G-H",38.87446105171073,67.18082458651527,39.37817257749046,114.94670276705513
160,"A-B,A-D,A-E,A-F,A-G,B-D,B-E,B-F,B-H,C-D,C-E,C-F,C-H,D-E,D-F,D-G,D-H,E-F,E-H,F-G,F-H","A-C,A-H,B-C,B-G,C-G,E-G,G-H",34.08328256708819,79.01191806459651,74.48120519481529,124.49396978952393
161,"A-B,A-C,A-D,A-E,A-G,A-H,B-D,B-E,B-F,B-G,C-D,C-G,C-H,D-E,D-F,D-G,D-H,E-F,E-H,F-H,G-H","A-F,B-C,B-H,C-E,C-F,E-G,F-G",39.23047775580064,69.06388916308626,40.547998344197026,120.49049628035209
162,"A-B,A-F,A-H,B-D,B-E,B-F,B-H,C-D,C-E,C-F,C-G,D-E,D-F,D-G,D-H,E-F,E-G,E-H,F-G,F-H,G-H","A-C,A-D,A-E,A-G,B-C,B-G,C-H",36.32896967505468,77.82460841471342,74.16433518860137,119.34395278137134
163,"A-B,A-C,A-D,A-E,A-F,A-G,A-H,B-C,B-D,B-F,B-G,B-H,C-E,C-H,D-E,D-F,E-F,E-G,E-H,F-G,F-H","B-E,C-D,C-F,C-G,D-G,D-H,G-H",41.77234777023093,61.35216218836433,24.82933367365152,108.44056296444734
164,"A-C,A-E,A-F,A-G,A-H,B-C,B-E,B-G,B-H,C-D,C-E,C-G,C-H,D-F,D-G,D-H,E-F,E-G,E-H,F-G,G-H","A-B,A-D,B-D,B-F,C-F,D-E,F-H",41.029136513167245,62.13745579186708,37.66710212381096,115.35276330773999
165,"A-B,A-D,A-E,A-F,A-G,A-H,B-C,B-E,B-F,B-G,C-D,C-E,C-F,C-G,C-H,D-F,D-G,D-H,E-G,E-H,F-H","A-C,B-D,B-H,D-E,E-F,F-G,G-H",47.4264484290549,38.52071944991228,38.269062957423984,51.02858734231809
166,"A-B,A-C,A-D,A-F,B-C,B-D,B-E,B-G,B-H,C-D,C-E,C-F,C-H,D-E,D-G,D-H,E-F,E-G,E-H,F-H,G-H","A-E,A-G,A-H,B-F,C-G,D-F,F-G",35.9258720039086,80.16523431952749,53.72778669706534,131.9381067110657
167,"A-C,A-E,A-G,A-H,B-C,B-D,B-E,B-F,B-G,B-H,C-D,C-E,C-F,C-G,C-H,D-E,D-F,D-H,E-G,F-G,F-H","A-B,A-D,A-F,D-G,E-F,E-H,G-H",47.765102982953934,37.14601246178806,16.683565069431836,68.68510563524048
168,"A-C,A-D,A-E,A-H,B-C,B-D,B-E,B-G,C-D,C-E,C-F,C-G,C-H,D-E,D-F,D-G,D-H,E-F,E-H,F-G,G-H","A-B,A-F,A-G,B-F,B-H,E-G,F-H",32.88147187267623,89.07313695840188,112.41958257990694,118.45117259276051
169,"A-B,A-C,A-E,A-F,A-G,B-C,B-D,B-F,B-G,B-H,C-D,C-F,C-G,C-H,D-E,D-G,D-H,E-F,E-G,F-H,G-H","A-D,A-H,B-E,C-E,D-F,E-H,F-G",44.529710189250636,53.285524735686124,30.81156367415207,87.78521066448899
170,"A-B,A-C,A-D,A-F,A-H,B-C,B-D,B-E,B-F,B-G,B-H,C-D,C-H,D-E,D-F,D-G,D-H,E-F,E-G,E-H,G-H","A-E,A-G,C-E,C-F,C-G,F-G,F-H",41.66881990205694,65.88946406542206,40.322083820186435,105.81553645400041
171,"A-C,A-D,A-E,A-F,A-G,A-H,B-D,B-E,B-F,B-G,B-H,C-D,C-G,D-F,D-G,D-H,E-F,E-H,F-G,F-H,G-H","A-B,B-C,C-E,C-F,C-H,D-E,E-G",39.92207262760352,66.03282099118283,28.87383987906668,121.1874215048955
172,"A-B,A-C,A-E,A-G,A-H,B-D,B-E,B-F,B-G,B-H,C-D,C-F,C-G,D-E,D-F,D-G,D-H,E-F,E-G,E-H,F-G","A-D,A-F,B-C,C-E,C-H,F-H,G-H",46.74340214260376,41.10066447697763,33.27439757518073,70.37897770903808
173,"A-B,A-D,A-E,A-F,A-G,A-H,B-C,B-D,B-H,C-D,C-E,C-F,C-G,C-H,D-E,D-G,D-H,E-G,E-H,F-G,F-H","A-C,B-E,B-F,B-G,D-F,E-F,G-H",34.22735188438544,75.72255998107325,65.56195969768794,117.54315077939206
174,"A-B,A-E,A-F,B-C,B-D,B-E,B-F,B-G,B-H,C-D,C-E,C-G,D-E,D-F,D-G,E-F,E-G,E-H,F-G,F-H,G-H","A-C,A-D,A-G,A-H,C-F,C-H,D-H",38.56580566384698,66.73766770651017,53.47488944855098,99.53875279160638
175,"A-B,A-D,A-E,A-G,A-H,B-C,B-D,B-E,B-F,B-G,B-H,C-D,C-E,C-F,C-G,C-H,D-H,E-F,E-G,E-H,G-H","A-C,A-F,D-E,D-F,D-G,F-G,F-H",44.063305194824494,60.01113966184266,63.29407293365571,82.11745267898979
176,"A-B,A-D,A-E,A-F,A-H,B-C,B-D,B-F,B-G,B-H,C-D,C-E,C-F,C-G,C-H,D-E,D-F,D-G,E-H,F-G,F-H","A-C,A-G,B-E,D-H,E-F,E-G,G-H",37.199912260230356,82.53366115156453,60.61388424743805,144.71509267948733
177,"A-B,A-C,A-F,A-G,A-H,B-D,B-F,B-G,B-H,C-D,C-E,C-F,C-G,C-H,D-G,D-H,E-F,E-H,F-G,F-H,G-H","A-D,A-E,B-C,B-E,D-E,D-F,E-G",39.157584100031414,72.25357031886927,62.31605321267425,110.58381108713667
178,"A-B,A-C,A-E,A-F,A-G,A-H,B-D,B-F,B-G,B-H,C-D,C-F,C-G,C-H,D-F,D-G,D-H,E-F,E-G,E-H,G-H","A-D,B-C,B-E,C-E,D-E,F-G,F-H",49.017896737021466,25.298500385164694,15.728626725840087,42.91860617566472
179,"A-C,A-D,A-E,A-F,A-G,A-H,B-D,B-E,B-G,B-H,C-E,C-F,C-H,D-F,D-G,D-H,E-F,E-G,E-H,F-G,F-H","A-B,B-C,B-F,C-D,C-G,D-E,G-H",41.239601743037895,79.14517598700061,51.91877267333791,144.09711348776935
180,"A-B,A-C,A-D,A-E,A-F,A-G,A-H,B-C,B-D,B-E,B-G,B-H,C-D,C-E,C-F,C-H,E-F,E-G,E-H,F-H,G-H","B-F,C-G,D-E,D-F,D-G,D-H,F-G",33.784538169894724,98.46209371713178,74.62154488637111,161.78245610618725
181,"A-C,A-D,A-E,A-F,A-G,A-H,B-C,B-D,B-F,B-G,B-H,C-F,C-G,D-E,D-F,D-G,E-F,E-G,F-G,F-H,G-H","A-B,B-E,C-D,C-E,C-H,D-H,E-H",42.582873415016266,74.61087557449144,50.005156360875674,133.25017049974488
182,"A-B,A-E,A-H,B-C,B-E,B-F,B-H,C-D,C-E,C-F,C-G,C-H,D-F,D-G,D-H,E-F,E-G,E-H,F-G,F-H,G-H","A-C,A-D,A-F,A-G,B-D,B-G,D-E",32.78399504096403,103.04322447824914,121.53969725244869,137.57351835062286
183,"A-B,A-C,A-D,A-E,A-F,A-G,B-D,B-E,B-F,B-G,C-D,C-E,C-F,C-G,D-E,D-F,D-G,D-H,E-H,F-H,G-H","A-H,B-C,B-H,C-H,E-F,E-G,F-G",40.25953756867867,69.9267300982451,34.07840106015219,125.00095100381749
184,"A-C,A-E,A-F,A-G,A-H,B-C,B-E,B-F,C-D,C-E,C-F,C-G,C-H,D-E,D-F,D-G,D-H,E-F,E-G,E-H,F-H","A-B,A-D,B-D,B-G,B-H,F-G,G-H",37.32620079093062,94.95287879729761,65.71668347392949,165.87498657403464
185,"A-C,A-F,A-G,A-H,B-C,B-D,B-E,B-G,C-D,C-F,C-G,C-H,D-E,D-F,D-G,D-H,E-F,E-G,F-G,F-H,G-H","A-B,A-D,A-E,B-F,B-H,C-E,E-H",42.0257970796444,64.55031893260518,26.012681078223125,119.62969315897345
186,"A-B,A-D,A-E,A-F,A-G,A-H,B-C,B-D,B-E,B-H,C-D,C-E,C-G,D-E,D-F,D-G,D-H,E-G,E-H,F-G,F-H","A-C,B-F,B-G,C-F,C-H,E-F,G-H",34.042114468523486,71.72943920383108,60.23826331775399,116.74509970756122
187,"A-B,A-C,A-E,A-F,B-D,B-E,B-F,B-G,C-D,C-F,C-G,C-H,D-E,D-F,D-G,D-H,E-F,E-G,E-H,F-H,G-H","A-D,A-G,A-H,B-C,B-H,C-E,F-G",45.34887414520294,47.76391980038131,24.646712184329076,80.3476953397798
188,"A-B,A-C,A-D,A-E,A-F,A-G,A-H,B-C,B-D,B-E,B-F,B-G,B-H,C-D,C-E,C-F,C-H,D-F,D-G,D-H,E-F","C-G,D-E,E-G,E-H,F-G,F-H,G-H",45.13627250222066,47.447394823693045,20.120728199282127,89.83630317137067
189,"A-B,A-C,A-D,A-E,A-F,A-G,B-C,B-G,B-H,C-D,C-F,C-H,D-E,D-F,D-G,D-H,E-F,E-H,F-G,F-H,G-H","A-H,B-D,B-E,B-F,C-E,C-G,E-G",30.384529716928018,99.6011985837968,114.3133654931923,137.32937129474118
190,"A-B,A-C,A-D,A-E,A-F,A-H,B-C,B-D,B-F,B-G,B-H,C-F,C-G,C-H,D-E,D-F,D-G,E-F,E-G,E-H,G-H","A-G,B-E,C-D,C-E,D-H,F-G,F-H",44.89473970281552,49.45809729657268,27.112633906150265,90.89388726564484
191,"A-B,A-C,A-D,A-F,A-G,B-C,B-D,B-F,B-G,B-H,C-D,C-G,C-H,D-E,D-F,D-G,E-G,E-H,F-G,F-H,G-H","A-E,A-H,B-E,C-E,C-F,D-H,E-F",35.267923025891136,86.06481068880187,77.84147735540199,117.79167866044097
192,"A-B,A-C,A-E,A-G,A-H,B-D,B-E,B-F,B-H,C-E,C-G,C-H,D-E,D-F,D-G,D-H,E-F,E-G,F-G,F-H,G-H","A-D,A-F,B-C,B-G,C-D,C-F,E-H",37.94549813138463,71.9019078028346,42.11154125570607,127.00415202153394
193,"A-B,A-E,A-G,A-H,B-C,B-E,B-G,B-H,C-D,C-E,C-G,C-H,D-E,D-F,D-G,D-H,E-G,E-H,F-G,F-H,G-H","A-C,A-D,A-F,B-D,B-F,C-F,E-F",39.335619606261844,67.13970169858781,41.875841462885404,116.66544008098121
194,"A-B,A-E,A-F,A-H,B-C,B-E,B-F,B-G,B-H,C-D,C-E,C-G,C-H,D-E,D-F,D-G,E-F,E-H,F-G,F-H,G-H","A-C,A-D,A-G,B-D,C-F,D-H,E-G",31.199741361885568,94.48341389149002,63.336195866232345,140.5056474689188
195,"A-B,A-C,A-E,A-F,A-G,A-H,B-C,B-D,B-F,B-G,C-D,C-E,C-F,C-G,D-E,D-H,E-F,E-G,E-H,F-G,F-H","A-D,B-E,B-H,C-H,D-F,D-G,G-H",44.937968052688596,52.07326570246486,41.32878003849817,83.23167959587757
196,"A-B,A-C,A-E,B-C,B-D,B-E,B-F,B-H,C-D,C-E,C-F,C-G,D-E,D-F,D-G,D-H,E-F,E-G,E-H,F-G,G-H","A-D,A-F,A-G,A-H,B-G,C-H,F-H",35.578121432362195,77.83205039821891,67.01008946131572,125.71746080997643
197,"A-B,A-C,A-F,A-G,A-H,B-E,B-F,B-G,B-H,C-D,C-F,C-G,C-H,D-E,D-F,E-F,E-G,E-H,F-G,F-H,G-H","A-D,A-E,B-C,B-D,C-E,D-G,D-H",43.458161637018314,68.90158115685658,55.200191910026234,116.7045233510544
198,"A-B,A-D,A-E,A-F,A-G,A-H,B-C,B-E,B-F,B-H,C-D,C-E,C-F,C-G,D-E,D-F,D-G,E-G,E-H,F-G,F-H","A-C,B-D,B-G,C-H,D-H,E-F,G-H",33.6545816222739,86.06348731325618,56.175511777809334,143.15982614778926
199,"A-B,A-C,A-E,A-F,A-G,A-H,B-C,B-D,B-F,B-G,C-D,C-E,C-F,C-G,C-H,D-F,D-H,E-F,E-H,F-H,G-H","A-D,B-E,B-H,D-E,D-G,E-G,F-G",43.444597375422894,58.835421648595705,23.005331441215517,113.79303073013686
