version,ID,path,location,height,facing,status,N_frames,mean_x,mean_y,mean_z,X_std,Y_std,Z_std,D3_std,radial_p50,radial_p75,radial_p95,radial_max,median_anchors,pct_ge7,pct_ge8
v1-old,ID01,/home/zekaixiao/Documents/nRF_dev/BioSpur_UWB_before_start/autopos_pipeline/outdoor_20260513/Static_Test/ID01_20260513_152958,edge,low,ABEF,ok,601,1436.4757393666994,1101.0922490482671,67.60229556865092,29.770076029073334,21.60571139246358,33.57308825306583,49.8017715186858,41.92785193719549,57.61506696206033,81.38307886165232,184.18657952529773,7.0,99.66722129783693,24.958402662229616
v1-old,ID02,/home/zekaixiao/Documents/nRF_dev/BioSpur_UWB_before_start/autopos_pipeline/outdoor_20260513/Static_Test/ID02_20260513_153316,edge,mid,ABEF,ok,601,1638.5748047790341,1080.9308738897307,-825.1930122285871,19.640061935507536,18.681450673671197,41.356792105286694,49.44808272666682,41.058833263126544,58.04274118225807,82.42682866458068,137.77338135265776,7.0,99.83361064891847,26.955074875207984
v1-old,ID03,/home/zekaixiao/Documents/nRF_dev/BioSpur_UWB_before_start/autopos_pipeline/outdoor_20260513/Static_Test/ID03_20260513_154008,edge,high,ABEF,ok,600,1598.4416359044612,1106.2905365188076,-1463.4828184647172,23.81469972036225,19.21300725980084,24.20202582020709,39.01304428698371,33.53181889799857,45.805532018441774,62.80030377635908,122.6250813455117,7.0,100.0,30.5
v1-old,ID04,/home/zekaixiao/Documents/nRF_dev/BioSpur_UWB_before_start/autopos_pipeline/outdoor_20260513/Static_Test/ID04_20260513_163638,edge,low,BCGF,ok,601,2264.6573394535976,2478.04447128452,30.859407824935168,29.53310351211722,15.907749980871156,45.81061746275163,56.77916329807882,41.02043327289134,58.87266222225042,90.92711297003072,340.30396749170365,8.0,99.83361064891847,58.069883527454245
v1-old,ID05,/home/zekaixiao/Documents/nRF_dev/BioSpur_UWB_before_start/autopos_pipeline/outdoor_20260513/Static_Test/ID05_20260513_163117,edge,mid,BCGF,ok,601,2176.7389245682443,2463.4676246334884,-1043.6052281672046,28.018728210956706,15.80040503414791,39.58190305653374,51.004205506795444,42.13534453103778,57.752939351382565,87.55713331984236,157.99547277164532,7.0,100.0,26.622296173044923
v1-old,ID06,/home/zekaixiao/Documents/nRF_dev/BioSpur_UWB_before_start/autopos_pipeline/outdoor_20260513/Static_Test/ID06_20260513_154321,edge,high,BCGF,ok,600,2001.3458322438667,2500.643102140519,-1470.229761212257,22.01995392273217,14.381220586278369,19.132348621600393,32.52298633411297,27.713612742499638,38.46721976893441,54.45350161621219,82.03785331380247,7.0,99.83333333333333,35.66666666666667
v1-old,ID07,/home/zekaixiao/Documents/nRF_dev/BioSpur_UWB_before_start/autopos_pipeline/outdoor_20260513/Static_Test/ID07_20260513_164048,edge,low,CDHG,ok,600,608.4844456224639,2570.610826583738,112.38667375783538,27.044462522607883,20.21783277028422,68.80496212534142,76.64389426518976,57.710062237976615,84.4165164744654,138.91252365239723,265.21954468883763,7.0,100.0,14.833333333333334
v1-old,ID08,/home/zekaixiao/Documents/nRF_dev/BioSpur_UWB_before_start/autopos_pipeline/outdoor_20260513/Static_Test/ID08_20260513_162857,edge,mid,CDHG,ok,601,1601.8914007960273,3678.8921064007827,-986.8985348183136,56.386948095413885,29.06464188554235,88.55308925533882,108.9306703372091,85.23770172592519,124.5372376245159,185.5471850380225,402.8605828645072,7.0,99.83361064891847,19.467554076539102
v1-old,ID09,/home/zekaixiao/Documents/nRF_dev/BioSpur_UWB_before_start/autopos_pipeline/outdoor_20260513/Static_Test/ID09_20260513_154629,edge,high,CDHG,ok,601,1546.5958723132762,3468.1098450098148,-1430.42986596552,33.35140195664839,21.97667110960907,39.483008594667474,56.162247579850664,46.359369278808586,64.44295327259184,95.15838135838827,146.05612216605587,7.0,100.0,35.44093178036606
v1-old,ID10,,edge,low,ADHE,missing,,,,,,,,,,,,,,,
v1-old,ID11,/home/zekaixiao/Documents/nRF_dev/BioSpur_UWB_before_start/autopos_pipeline/outdoor_20260513/Static_Test/ID11_20260513_162534,edge,mid,ADHE,ok,601,821.4670953581273,2551.8944594927243,-860.0350173658602,20.812618517102706,16.716884520149957,40.34613905271736,48.37799348939227,38.21012534720711,53.670921852530256,83.4946495359714,180.63616411854963,7.0,100.0,25.9567387687188
v1-old,ID12,/home/zekaixiao/Documents/nRF_dev/BioSpur_UWB_before_start/autopos_pipeline/outdoor_20260513/Static_Test/ID12_20260513_154958,edge,high,ADHE,ok,601,806.4358703196914,2482.581074533415,-1392.4363561017447,28.320548607281737,19.25764550960756,37.43104953028099,50.734542995177,41.15122005744455,57.09213354642834,90.27382201616852,141.3047116474509,7.0,100.0,26.12312811980033
v1-old,ID13,/home/zekaixiao/Documents/nRF_dev/BioSpur_UWB_before_start/autopos_pipeline/outdoor_20260513/Static_Test/ID13_20260513_161529,center,mid,ABEF,ok,601,1660.5842070972403,2555.991982643226,-840.5314560256083,26.295452860651274,14.363863411481798,49.89907971255599,58.20386215201235,45.11598129039562,63.707592996067085,99.49408868819383,286.65771329109,7.0,99.83361064891847,39.93344425956739
v1-old,ID14,/home/zekaixiao/Documents/nRF_dev/BioSpur_UWB_before_start/autopos_pipeline/outdoor_20260513/Static_Test/ID14_20260513_161800,center,mid,BCGF,ok,600,1623.2989079363592,2588.089639550026,-871.4346351149027,24.99506132834205,15.03932870536378,38.31291931213588,48.154068207512786,39.863833539760506,53.68653656066412,83.83936122825652,162.20716503192764,7.0,99.66666666666667,29.833333333333336
v1-old,ID15,/home/zekaixiao/Documents/nRF_dev/BioSpur_UWB_before_start/autopos_pipeline/outdoor_20260513/Static_Test/ID15_20260513_162010,center,mid,CDHG,ok,600,1618.1846553350551,2597.451776433948,-925.4705477014902,22.586305108261403,13.944444021714045,35.226638232181294,44.10787615221536,37.11171006231062,50.36747356753902,76.51321038222792,124.4707769430559,7.0,99.83333333333333,31.666666666666664
v1-old,ID16,/home/zekaixiao/Documents/nRF_dev/BioSpur_UWB_before_start/autopos_pipeline/outdoor_20260513/Static_Test/ID16_20260513_162320,center,mid,ADHE,ok,601,1652.7021729364853,2577.657303278782,-922.8078307021901,29.726568501596574,20.41040079322928,34.22574838696747,49.71574386518193,40.963704365630015,55.59931628095339,81.59618820860928,230.28262359151813,7.0,99.83361064891847,28.1198003327787
v1-old,ID17,/home/zekaixiao/Documents/nRF_dev/BioSpur_UWB_before_start/autopos_pipeline/outdoor_20260513/Static_Test/ID17_20260513_161228,center,low,ABEF,ok,601,1475.1223488622604,2564.1963448725655,18.958593094054844,30.10287916086739,21.09441828275278,49.17156492857928,61.39218691321402,49.14531126299065,68.65022980990182,108.03547357441846,279.26828295600563,7.0,99.83361064891847,35.77371048252912
v1-old,ID18,/home/zekaixiao/Documents/nRF_dev/BioSpur_UWB_before_start/autopos_pipeline/outdoor_20260513/Static_Test/ID18_20260513_161018,center,low,BCGF,ok,601,1619.3767306011769,2424.710056198813,-7.638888798393192,29.749805983094028,14.361767655374889,63.011933628687544,71.14643424546892,52.377721587822855,73.68294775397335,117.11705536248863,366.5957277294276,7.0,100.0,39.93344425956739
v1-old,ID19,/home/zekaixiao/Documents/nRF_dev/BioSpur_UWB_before_start/autopos_pipeline/outdoor_20260513/Static_Test/ID19_20260513_160549,center,low,CDHG,ok,601,1696.7365612392002,2628.637699613328,29.075437152775898,36.30962893378377,17.594143420598066,45.77154371832828,61.016204817839,44.495687569858895,64.28205605076694,101.82089164322052,270.72025268896505,7.0,100.0,27.953410981697168
v1-old,ID20,/home/zekaixiao/Documents/nRF_dev/BioSpur_UWB_before_start/autopos_pipeline/outdoor_20260513/Static_Test/ID20_20260513_160806,center,low,ADHE,ok,601,1593.521844399283,2734.6076203624366,-86.85242108453025,26.526023344784807,15.897626996421197,49.93442071430312,58.73509028407493,45.2814409085522,63.349587449855356,106.19345345620718,205.54555692883523,7.0,100.0,49.750415973377706
v1-old,ID21,/home/zekaixiao/Documents/nRF_dev/BioSpur_UWB_before_start/autopos_pipeline/outdoor_20260513/Static_Test/ID21_20260513_155713,center,high,ABEF,ok,600,1563.354650472778,2527.4042443366397,-1437.2434553635323,23.439165716568326,14.007733274932848,33.496248117606235,43.2158503207637,37.77897323781927,50.47611686683716,71.94818661370122,112.37603675629943,7.0,100.0,25.0
v1-old,ID22,/home/zekaixiao/Documents/nRF_dev/BioSpur_UWB_before_start/autopos_pipeline/outdoor_20260513/Static_Test/ID22_20260513_160059,center,high,BCGF,ok,601,1545.3368712994945,2521.015984360125,-1524.6308008669203,29.514303723971558,18.845101710861833,36.144133436325234,50.32524579837095,42.067519848585455,57.40160654443504,86.07028041093962,134.93959042991727,7.0,99.83361064891847,35.77371048252912
v1-old,ID23,/home/zekaixiao/Documents/nRF_dev/BioSpur_UWB_before_start/autopos_pipeline/outdoor_20260513/Static_Test/ID23_20260513_160315,center,high,CDHG,ok,601,1578.108747070392,2562.5050235858325,-1457.6073478946882,28.048728040033357,15.436896051876037,29.356091570629967,43.43741494015719,36.867242652098966,49.94766278377804,71.75133006444679,139.7198988978968,7.0,100.0,31.78036605657238
v1-old,ID24,/home/zekaixiao/Documents/nRF_dev/BioSpur_UWB_before_start/autopos_pipeline/outdoor_20260513/Static_Test/ID24_20260513_155348,center,high,ADHE,ok,601,1570.038362646601,2563.197156431811,-1450.2293499866926,26.26539809815435,15.55872963346573,26.792441121220353,40.617485228604124,33.79688860103989,45.55407281076712,71.94541274475645,107.81172580842494,7.0,99.83361064891847,33.61064891846922
v2,ID01,/home/zekaixiao/Documents/nRF_dev/BioSpur_UWB_before_start/autopos_pipeline/outdoor_20260513/Static_Test/ID01_20260513_152958,edge,low,ABEF,ok,601,1472.0264724247336,1115.0012663844386,64.6255773817192,26.309046203818568,21.377323003600875,33.28158841632261,47.505999394481144,39.97032039820345,54.190674442535354,77.80309285080097,166.6896195305761,7.0,99.66722129783693,24.958402662229616
v2,ID02,/home/zekaixiao/Documents/nRF_dev/BioSpur_UWB_before_start/autopos_pipeline/outdoor_20260513/Static_Test/ID02_20260513_153316,edge,mid,ABEF,ok,601,1678.1772420306945,1075.014773568943,-783.8223827868896,18.315806078909425,17.201135260084705,40.37161312697725,47.55223394363578,38.884868473371135,54.24656549515585,82.26333679406353,168.45629557524526,7.0,99.83361064891847,26.955074875207984
v2,ID03,/home/zekaixiao/Documents/nRF_dev/BioSpur_UWB_before_start/autopos_pipeline/outdoor_20260513/Static_Test/ID03_20260513_154008,edge,high,ABEF,ok,600,1625.9275706241815,1090.6449625271416,-1437.484689887639,23.20797618004824,18.313268814165145,25.29500769614207,38.907883357765,33.54199032956007,45.328268140575915,63.14941023667143,112.80597850369942,7.0,100.0,30.5
v2,ID04,/home/zekaixiao/Documents/nRF_dev/BioSpur_UWB_before_start/autopos_pipeline/outdoor_20260513/Static_Test/ID04_20260513_163638,edge,low,BCGF,ok,601,2298.4296127503517,2489.252875462693,-17.207182252334842,24.14519180713673,14.127137610305901,43.26669652146316,51.522551687046075,36.71294030439588,52.56691836763156,82.27711301362575,308.79380774365427,8.0,99.83361064891847,58.069883527454245
v2,ID05,/home/zekaixiao/Documents/nRF_dev/BioSpur_UWB_before_start/autopos_pipeline/outdoor_20260513/Static_Test/ID05_20260513_163117,edge,mid,BCGF,ok,601,2213.6399047165714,2455.771775357979,-1014.6649414082217,28.58667839440198,16.02673314019376,39.62670366607952,51.423049308760696,41.76738147719842,59.16138809584479,87.24471606470777,184.60846888222903,7.0,100.0,26.622296173044923
v2,ID06,/home/zekaixiao/Documents/nRF_dev/BioSpur_UWB_before_start/autopos_pipeline/outdoor_20260513/Static_Test/ID06_20260513_154321,edge,high,BCGF,ok,600,2040.0778509034935,2481.2120148363797,-1445.431144882571,21.318036564790148,14.099260710431972,19.835580863896794,32.352714009285975,28.233686899119462,38.23451843528128,54.49235954180788,78.23605887314766,7.0,99.83333333333333,35.66666666666667
v2,ID07,/home/zekaixiao/Documents/nRF_dev/BioSpur_UWB_before_start/autopos_pipeline/outdoor_20260513/Static_Test/ID07_20260513_164048,edge,low,CDHG,ok,600,677.0327333803224,2579.861291859689,125.52527733374339,27.18210909635267,17.800382711026295,64.2690400439413,72.01548574962716,54.508689274604365,79.03913139090672,134.5459238311152,214.2175436299591,7.0,100.0,14.833333333333334
v2,ID08,/home/zekaixiao/Documents/nRF_dev/BioSpur_UWB_before_start/autopos_pipeline/outdoor_20260513/Static_Test/ID08_20260513_162857,edge,mid,CDHG,ok,601,1718.3895713052952,3662.517973127962,-858.8269252330289,40.107331268852825,28.768503049659675,66.7779722587965,83.03928207917245,58.67897663660736,82.46886710913928,147.86217252190227,646.6693938263501,7.0,99.83361064891847,19.467554076539102
v2,ID09,/home/zekaixiao/Documents/nRF_dev/BioSpur_UWB_before_start/autopos_pipeline/outdoor_20260513/Static_Test/ID09_20260513_154629,edge,high,CDHG,ok,601,1616.460098912337,3435.315630993683,-1420.2015199367092,40.59479477605034,21.56682190734198,54.5847053739441,71.36214143965223,57.68456400197418,79.93356977940883,125.48082446992684,191.04050212843399,7.0,100.0,35.44093178036606
v2,ID10,,edge,low,ADHE,missing,,,,,,,,,,,,,,,
v2,ID11,/home/zekaixiao/Documents/nRF_dev/BioSpur_UWB_before_start/autopos_pipeline/outdoor_20260513/Static_Test/ID11_20260513_162534,edge,mid,ADHE,ok,601,871.7682019473748,2546.6895003092454,-843.5081322842096,20.698609868616902,17.474256567563327,40.61148016857332,48.816743178592525,38.98495950194454,53.63773096081221,82.7465368422712,196.00143235630583,7.0,100.0,25.9567387687188
v2,ID12,/home/zekaixiao/Documents/nRF_dev/BioSpur_UWB_before_start/autopos_pipeline/outdoor_20260513/Static_Test/ID12_20260513_154958,edge,high,ADHE,ok,601,835.8094184859921,2466.628407133767,-1367.3148424677856,26.5095061324614,17.38311814687918,36.447633378254885,48.30483092580957,38.809625517574055,55.31222878419324,83.13579980555865,132.95144659187164,7.0,100.0,26.12312811980033
v2,ID13,/home/zekaixiao/Documents/nRF_dev/BioSpur_UWB_before_start/autopos_pipeline/outdoor_20260513/Static_Test/ID13_20260513_161529,center,mid,ABEF,ok,601,1708.2002244903579,2546.7179120981377,-819.283553253895,22.965516101214796,13.239072004642267,42.844034800487414,50.38153704805596,39.75154791210675,55.905772773423,86.03599360412984,252.34758455257554,7.0,99.83361064891847,39.93344425956739
v2,ID14,/home/zekaixiao/Documents/nRF_dev/BioSpur_UWB_before_start/autopos_pipeline/outdoor_20260513/Static_Test/ID14_20260513_161800,center,mid,BCGF,ok,600,1679.753337880227,2582.5067973882697,-833.3483603155158,22.8639722999525,14.310084251697363,37.77451971333972,46.416097209881436,37.548937364078625,53.07968046970879,79.1406384474689,133.08557134443257,7.0,99.66666666666667,29.833333333333336
v2,ID15,/home/zekaixiao/Documents/nRF_dev/BioSpur_UWB_before_start/autopos_pipeline/outdoor_20260513/Static_Test/ID15_20260513_162010,center,mid,CDHG,ok,600,1665.7553540112106,2587.944887785859,-900.014638894229,21.64711853965787,13.580245080130023,36.28473017533478,44.380203260048795,37.0178123193871,50.21423360570324,77.67874045368391,128.11601227775228,7.0,99.83333333333333,31.666666666666664
v2,ID16,/home/zekaixiao/Documents/nRF_dev/BioSpur_UWB_before_start/autopos_pipeline/outdoor_20260513/Static_Test/ID16_20260513_162320,center,mid,ADHE,ok,601,1709.200899657805,2569.6675180256134,-889.612964817885,26.704662766567324,18.52379003800612,34.70290686708127,47.54536313746629,38.542736574100765,52.88524734097231,78.05954624851981,235.45080435799196,7.0,99.83361064891847,28.1198003327787
v2,ID17,/home/zekaixiao/Documents/nRF_dev/BioSpur_UWB_before_start/autopos_pipeline/outdoor_20260513/Static_Test/ID17_20260513_161228,center,low,ABEF,ok,601,1538.0778718475678,2575.402182298698,-5.583812263676702,26.17600391824022,18.684910364872295,46.47485401927864,56.51744078233107,44.97777322095876,64.96531147772089,99.94484352358066,231.64423870134502,7.0,99.83361064891847,35.77371048252912
v2,ID18,/home/zekaixiao/Documents/nRF_dev/BioSpur_UWB_before_start/autopos_pipeline/outdoor_20260513/Static_Test/ID18_20260513_161018,center,low,BCGF,ok,601,1655.7134192482386,2436.608655445836,-39.68195249664711,22.799893329018364,14.17228452360158,53.826885238313935,60.14999882702535,42.23401123174877,62.98868847393459,102.01976506138878,322.0423889882068,7.0,100.0,39.93344425956739
v2,ID19,/home/zekaixiao/Documents/nRF_dev/BioSpur_UWB_before_start/autopos_pipeline/outdoor_20260513/Static_Test/ID19_20260513_160549,center,low,CDHG,ok,601,1761.5300954199554,2637.3874433289493,-10.16503868225505,31.803122499283642,16.630721234154283,44.68008214404355,57.309067606017386,43.47375400830217,63.41651682754063,101.56890357420957,223.7604283972573,7.0,100.0,27.953410981697168
v2,ID20,/home/zekaixiao/Documents/nRF_dev/BioSpur_UWB_before_start/autopos_pipeline/outdoor_20260513/Static_Test/ID20_20260513_160806,center,low,ADHE,ok,601,1638.4953054406333,2743.29803888985,-123.57517598446438,24.860896893310333,15.792811992449579,48.59818694988311,56.82658602964334,45.9698370341868,60.56021759479608,104.02674976797944,191.100497455244,7.0,100.0,49.750415973377706
v2,ID21,/home/zekaixiao/Documents/nRF_dev/BioSpur_UWB_before_start/autopos_pipeline/outdoor_20260513/Static_Test/ID21_20260513_155713,center,high,ABEF,ok,600,1605.2857593350707,2510.4873443238325,-1415.6333687737292,22.230899893171944,13.849060679587156,34.503883447351434,43.3189030876306,37.24843892060743,49.94630224100881,73.5016929675442,114.35850430109791,7.0,100.0,25.0
v2,ID22,/home/zekaixiao/Documents/nRF_dev/BioSpur_UWB_before_start/autopos_pipeline/outdoor_20260513/Static_Test/ID22_20260513_160059,center,high,BCGF,ok,601,1575.8345534845344,2500.547546269201,-1525.360300082527,27.19329417397949,16.255854148121934,29.27440061993282,43.13604726645596,35.17501197936388,48.35618234834703,74.94004205027807,116.97999928337677,7.0,99.83361064891847,35.77371048252912
v2,ID23,/home/zekaixiao/Documents/nRF_dev/BioSpur_UWB_before_start/autopos_pipeline/outdoor_20260513/Static_Test/ID23_20260513_160315,center,high,CDHG,ok,601,1618.1082545617141,2541.307123889588,-1437.1796971324916,26.393977725312,14.696931228953678,32.49012897117447,44.364967353492,36.533716249659626,51.44362247062826,74.53675981295693,148.97110066189637,7.0,100.0,31.78036605657238
v2,ID24,/home/zekaixiao/Documents/nRF_dev/BioSpur_UWB_before_start/autopos_pipeline/outdoor_20260513/Static_Test/ID24_20260513_155348,center,high,ADHE,ok,601,1607.0657962783189,2543.976811477516,-1427.6652562286615,24.923623984305085,14.587247207612993,27.16885359891171,39.64998637434997,32.62952036816775,46.295705770347,65.97017807564693,107.03168411014688,7.0,99.83361064891847,33.61064891846922
v3-lite,ID01,/home/zekaixiao/Documents/nRF_dev/BioSpur_UWB_before_start/autopos_pipeline/outdoor_20260513/Static_Test/ID01_20260513_152958,edge,low,ABEF,ok,601,1470.9965443545045,1115.1969058884856,62.84916631242417,26.50544732178418,21.582358722333485,33.332525098475095,47.743001321532276,40.317312072314216,54.5411093259708,78.90127452533814,167.86099250746034,7.0,99.66722129783693,24.958402662229616
v3-lite,ID02,/home/zekaixiao/Documents/nRF_dev/BioSpur_UWB_before_start/autopos_pipeline/outdoor_20260513/Static_Test/ID02_20260513_153316,edge,mid,ABEF,ok,601,1677.1634073592088,1075.880336413187,-785.0078107091584,18.294628312406385,17.191098957039074,40.093614988290234,47.30460095243445,38.74736405685101,53.69259890516131,81.8384579695796,166.87139513654853,7.0,99.83361064891847,26.955074875207984
v3-lite,ID03,/home/zekaixiao/Documents/nRF_dev/BioSpur_UWB_before_start/autopos_pipeline/outdoor_20260513/Static_Test/ID03_20260513_154008,edge,high,ABEF,ok,600,1624.8110918023774,1091.8651811032823,-1437.5983924758334,23.220746937341588,18.329007672555594,25.25706360270538,38.89826310286573,33.580819822387056,45.2882510283703,63.203007406369665,112.89305837154079,7.0,100.0,30.5
v3-lite,ID04,/home/zekaixiao/Documents/nRF_dev/BioSpur_UWB_before_start/autopos_pipeline/outdoor_20260513/Static_Test/ID04_20260513_163638,edge,low,BCGF,ok,601,2298.4595657201203,2489.308469934024,-18.94981910700692,24.226622115886908,14.105449059571043,43.4391216339452,51.6996150918633,36.70128048289406,53.02533994113444,81.94865441884636,310.22584563517137,8.0,99.83361064891847,58.069883527454245
v3-lite,ID05,/home/zekaixiao/Documents/nRF_dev/BioSpur_UWB_before_start/autopos_pipeline/outdoor_20260513/Static_Test/ID05_20260513_163117,edge,mid,BCGF,ok,601,2212.2895042745727,2456.885152144877,-1015.0252569639089,28.57872351568723,16.004172656809715,39.500116774342196,51.31409363324797,41.72257667778311,58.7188153548331,87.21070024208358,183.39862482937656,7.0,100.0,26.622296173044923
v3-lite,ID06,/home/zekaixiao/Documents/nRF_dev/BioSpur_UWB_before_start/autopos_pipeline/outdoor_20260513/Static_Test/ID06_20260513_154321,edge,high,BCGF,ok,600,2038.3690424663794,2482.6393134935283,-1444.8483232139108,21.33000668599019,14.09423865478802,19.820561909864274,32.34921054531732,28.272201421964546,38.266440235458525,54.681686489568904,78.18156805645728,7.0,99.83333333333333,35.66666666666667
v3-lite,ID07,/home/zekaixiao/Documents/nRF_dev/BioSpur_UWB_before_start/autopos_pipeline/outdoor_20260513/Static_Test/ID07_20260513_164048,edge,low,CDHG,ok,600,675.4049165754893,2579.8512266118205,125.48048167996855,27.244516692719667,17.870677345412414,64.28619546972985,72.07176788851534,53.87556775105486,79.3231596956125,135.16518391915815,215.5822033630734,7.0,100.0,14.833333333333334
v3-lite,ID08,/home/zekaixiao/Documents/nRF_dev/BioSpur_UWB_before_start/autopos_pipeline/outdoor_20260513/Static_Test/ID08_20260513_162857,edge,mid,CDHG,ok,601,1716.3003340412413,3663.528896925169,-857.8990725373508,39.98895133155575,28.756765616531894,66.21764193702195,82.52783712797357,58.26963897363463,82.14055873863153,147.26803562545658,645.7063195928888,7.0,99.83361064891847,19.467554076539102
v3-lite,ID09,/home/zekaixiao/Documents/nRF_dev/BioSpur_UWB_before_start/autopos_pipeline/outdoor_20260513/Static_Test/ID09_20260513_154629,edge,high,CDHG,ok,601,1614.4632489929297,3437.174399287104,-1416.964350635772,40.473398791152924,21.72997675106257,53.79722180056034,70.74198875327228,57.177180998506465,78.92584738915379,124.86685023835186,190.94279560207198,7.0,100.0,35.44093178036606
v3-lite,ID10,,edge,low,ADHE,missing,,,,,,,,,,,,,,,
v3-lite,ID11,/home/zekaixiao/Documents/nRF_dev/BioSpur_UWB_before_start/autopos_pipeline/outdoor_20260513/Static_Test/ID11_20260513_162534,edge,mid,ADHE,ok,601,870.1517473216179,2547.2917114887186,-842.2883441886299,20.67079764618648,17.452827102649724,40.53308931970704,48.7320672555959,39.3219540689064,53.53610688763276,82.47334132111828,195.57123808745018,7.0,100.0,25.9567387687188
v3-lite,ID12,/home/zekaixiao/Documents/nRF_dev/BioSpur_UWB_before_start/autopos_pipeline/outdoor_20260513/Static_Test/ID12_20260513_154958,edge,high,ADHE,ok,601,833.6787896001342,2467.6081835627997,-1365.3894709862966,26.568194619309438,17.406312239705965,36.751672541810635,48.57503582845944,38.781357499485196,55.67495012474781,83.82932578991743,133.46061450990362,7.0,100.0,26.12312811980033
v3-lite,ID13,/home/zekaixiao/Documents/nRF_dev/BioSpur_UWB_before_start/autopos_pipeline/outdoor_20260513/Static_Test/ID13_20260513_161529,center,mid,ABEF,ok,601,1706.8867768671403,2547.5745732879586,-818.9501274687426,23.01046299742742,13.250262144961175,42.807455400112154,50.373892961520845,39.62771225833599,56.087712532438935,86.06177421259142,252.95252159939974,7.0,99.83361064891847,39.93344425956739
v3-lite,ID14,/home/zekaixiao/Documents/nRF_dev/BioSpur_UWB_before_start/autopos_pipeline/outdoor_20260513/Static_Test/ID14_20260513_161800,center,mid,BCGF,ok,600,1678.2554326963323,2583.3574194775456,-833.3396736682014,22.929118898099034,14.322960419286307,37.71502269355843,46.40382123695453,37.695935839806786,53.08839846993642,78.95252350834986,133.3091410259206,7.0,99.66666666666667,29.833333333333336
v3-lite,ID15,/home/zekaixiao/Documents/nRF_dev/BioSpur_UWB_before_start/autopos_pipeline/outdoor_20260513/Static_Test/ID15_20260513_162010,center,mid,CDHG,ok,600,1664.3296094831262,2588.850100489091,-899.5677004319855,21.638238172888016,13.577520748586279,36.215542281548856,44.31848286721435,37.023788268900994,50.17985156823895,77.53554854227671,127.88285124260497,7.0,99.83333333333333,31.666666666666664
v3-lite,ID16,/home/zekaixiao/Documents/nRF_dev/BioSpur_UWB_before_start/autopos_pipeline/outdoor_20260513/Static_Test/ID16_20260513_162320,center,mid,ADHE,ok,601,1707.5809273899115,2570.5321817691197,-889.4344316023191,26.77390628977668,18.558149474911993,34.66369229554314,47.56909220814516,38.5101812234407,52.783505343219936,78.0352648340609,234.6657809057705,7.0,99.83361064891847,28.1198003327787
v3-lite,ID17,/home/zekaixiao/Documents/nRF_dev/BioSpur_UWB_before_start/autopos_pipeline/outdoor_20260513/Static_Test/ID17_20260513_161228,center,low,ABEF,ok,601,1537.170645065152,2575.6605240344093,-5.61513951416314,26.139821533561605,18.696023939797964,46.38401175370328,56.42967417353775,45.01029071541553,65.02807491971551,99.7821224813556,231.73187746513662,7.0,99.83361064891847,35.77371048252912
v3-lite,ID18,/home/zekaixiao/Documents/nRF_dev/BioSpur_UWB_before_start/autopos_pipeline/outdoor_20260513/Static_Test/ID18_20260513_161018,center,low,BCGF,ok,601,1655.648997214099,2436.515427032695,-40.302629427155615,22.55605483477188,14.087576679280982,53.95568348818766,60.153563544326644,42.02832471863558,62.690533665180666,101.74008165189134,323.11494166631945,7.0,100.0,39.93344425956739
v3-lite,ID19,/home/zekaixiao/Documents/nRF_dev/BioSpur_UWB_before_start/autopos_pipeline/outdoor_20260513/Static_Test/ID19_20260513_160549,center,low,CDHG,ok,601,1760.4357948857707,2637.8299136514115,-10.824236792875006,31.94846588051882,16.668654772929376,44.78937855909937,57.48597181720151,43.74308799145778,63.84153258992328,102.77120467245365,225.21154587117866,7.0,100.0,27.953410981697168
v3-lite,ID20,/home/zekaixiao/Documents/nRF_dev/BioSpur_UWB_before_start/autopos_pipeline/outdoor_20260513/Static_Test/ID20_20260513_160806,center,low,ADHE,ok,601,1637.6682039558489,2743.5842801692347,-123.77315546130954,25.005200122817882,15.830882753124381,48.744793111614975,57.02571119608671,45.972187255020074,60.70656590849724,104.14022224057777,191.3963235384431,7.0,100.0,49.750415973377706
v3-lite,ID21,/home/zekaixiao/Documents/nRF_dev/BioSpur_UWB_before_start/autopos_pipeline/outdoor_20260513/Static_Test/ID21_20260513_155713,center,high,ABEF,ok,600,1603.5652635445663,2511.8436049035563,-1414.4468290760087,22.243291531746337,13.858335359788848,34.517129939341395,43.33877866714763,37.14164541616559,50.021401560381065,73.46312340389778,114.3913038981681,7.0,100.0,25.0
v3-lite,ID22,/home/zekaixiao/Documents/nRF_dev/BioSpur_UWB_before_start/autopos_pipeline/outdoor_20260513/Static_Test/ID22_20260513_160059,center,high,BCGF,ok,601,1574.0546310051566,2501.9147948821314,-1524.4735905288383,27.26933180016489,16.29173323391596,29.456994792290065,43.32149086522266,35.22981704439699,48.60029978563357,75.72408321859027,117.11486800191624,7.0,99.83361064891847,35.77371048252912
v3-lite,ID23,/home/zekaixiao/Documents/nRF_dev/BioSpur_UWB_before_start/autopos_pipeline/outdoor_20260513/Static_Test/ID23_20260513_160315,center,high,CDHG,ok,601,1616.1779873129472,2542.7317875049116,-1436.1650979832327,26.441278536396176,14.71357240055051,32.410442002533465,44.34035604531285,36.57015996394898,51.143584355199266,74.03190535731564,147.7710528798312,7.0,100.0,31.78036605657238
v3-lite,ID24,/home/zekaixiao/Documents/nRF_dev/BioSpur_UWB_before_start/autopos_pipeline/outdoor_20260513/Static_Test/ID24_20260513_155348,center,high,ADHE,ok,601,1605.0309448624976,2545.2118984112435,-1426.5697393576877,24.96421597387685,14.60131901533137,27.23100104574574,39.723267918579545,33.01516968970562,46.21421879711168,66.09800592325823,107.07374349156022,7.0,99.83361064891847,33.61064891846922
v3-full,ID01,/home/zekaixiao/Documents/nRF_dev/BioSpur_UWB_before_start/autopos_pipeline/outdoor_20260513/Static_Test/ID01_20260513_152958,edge,low,ABEF,ok,601,1410.4607689710797,1056.3522402487347,-4.479056023700937,32.288811075471806,23.023027614771472,39.210254631957234,55.76801224287059,46.03681367026518,62.03509530816255,89.50968316559727,273.76655833890044,7.0,99.66722129783693,24.958402662229616
v3-full,ID02,/home/zekaixiao/Documents/nRF_dev/BioSpur_UWB_before_start/autopos_pipeline/outdoor_20260513/Static_Test/ID02_20260513_153316,edge,mid,ABEF,ok,601,1670.4642947005414,1001.004317593453,-869.2379242109625,19.265365933180053,16.2580860715952,31.764191273050066,40.551738982214346,33.20632294187981,46.8572635515824,70.67658190740546,123.29255973156003,7.0,99.83361064891847,26.955074875207984
v3-full,ID03,/home/zekaixiao/Documents/nRF_dev/BioSpur_UWB_before_start/autopos_pipeline/outdoor_20260513/Static_Test/ID03_20260513_154008,edge,high,ABEF,ok,600,1646.765317168794,979.9513051444903,-1471.8325895109233,25.20366381488851,23.25850785431257,29.075812005894733,44.96204734112062,39.679081076047645,52.34918281956912,71.44750815088467,170.20083450572753,7.0,100.0,30.5
v3-full,ID04,/home/zekaixiao/Documents/nRF_dev/BioSpur_UWB_before_start/autopos_pipeline/outdoor_20260513/Static_Test/ID04_20260513_163638,edge,low,BCGF,ok,601,2311.93838408715,2413.4563848353614,-63.52973980991012,29.688223038144574,15.441754746201621,50.85998356764262,60.88165820101598,45.18111082655371,64.32132935348308,97.0592007780449,374.73470229741355,8.0,99.83361064891847,58.069883527454245
v3-full,ID05,/home/zekaixiao/Documents/nRF_dev/BioSpur_UWB_before_start/autopos_pipeline/outdoor_20260513/Static_Test/ID05_20260513_163117,edge,mid,BCGF,ok,601,2258.3899869071847,2355.663495535507,-1063.905823065917,32.879741287025205,20.29841166851745,53.05816166219591,65.63742394654159,53.43616477958968,74.64269289699003,117.03305056504296,211.60772441643738,7.0,100.0,26.622296173044923
v3-full,ID06,/home/zekaixiao/Documents/nRF_dev/BioSpur_UWB_before_start/autopos_pipeline/outdoor_20260513/Static_Test/ID06_20260513_154321,edge,high,BCGF,ok,600,2087.5561488173175,2358.7213271630503,-1538.3496532530776,27.77101425547524,17.373822085495082,30.60746094585196,44.83185912036326,37.200924689949744,51.41888217160452,78.02245594450908,117.83756986988716,7.0,99.83333333333333,35.66666666666667
v3-full,ID07,/home/zekaixiao/Documents/nRF_dev/BioSpur_UWB_before_start/autopos_pipeline/outdoor_20260513/Static_Test/ID07_20260513_164048,edge,low,CDHG,ok,600,673.9276997351469,2563.3205222192246,9.464599299570269,34.16667475628127,23.109431584425337,82.37141066747462,92.12196691021363,64.92383756780407,101.5401693675199,178.26004801939746,293.7004938138956,7.0,100.0,14.833333333333334
v3-full,ID08,/home/zekaixiao/Documents/nRF_dev/BioSpur_UWB_before_start/autopos_pipeline/outdoor_20260513/Static_Test/ID08_20260513_162857,edge,mid,CDHG,ok,601,1733.5775781347136,3571.6936401312005,-1123.5285345050902,97.37563012318509,31.766922777713436,187.69747923176294,213.82585071644317,206.1202113343436,255.7835638077099,332.5975953800178,516.7355814613479,7.0,99.83361064891847,19.467554076539102
v3-full,ID09,/home/zekaixiao/Documents/nRF_dev/BioSpur_UWB_before_start/autopos_pipeline/outdoor_20260513/Static_Test/ID09_20260513_154629,edge,high,CDHG,ok,601,1634.5891582677634,3297.7357284434497,-1632.5342392855907,35.97514653880645,21.108670158246614,63.56909195230963,76.03168139650369,61.1853118847225,87.34510630635079,136.34848695680245,230.80442205992352,7.0,100.0,35.44093178036606
v3-full,ID10,,edge,low,ADHE,missing,,,,,,,,,,,,,,,
v3-full,ID11,/home/zekaixiao/Documents/nRF_dev/BioSpur_UWB_before_start/autopos_pipeline/outdoor_20260513/Static_Test/ID11_20260513_162534,edge,mid,ADHE,ok,601,914.9228726564786,2486.876365391993,-969.0311539656296,24.840778057937364,20.48093135545807,46.88759230169826,56.8768768091301,45.89319768162986,65.82647048933234,94.96119699336515,211.82366016840132,7.0,100.0,25.9567387687188
v3-full,ID12,/home/zekaixiao/Documents/nRF_dev/BioSpur_UWB_before_start/autopos_pipeline/outdoor_20260513/Static_Test/ID12_20260513_154958,edge,high,ADHE,ok,601,907.420642995548,2390.0442553107623,-1474.8369840341788,27.10375443405814,19.50172323539599,31.258835484619247,45.738883998477725,38.37967196284052,52.41767561224956,75.90266495305927,125.51259284938148,7.0,100.0,26.12312811980033
v3-full,ID13,/home/zekaixiao/Documents/nRF_dev/BioSpur_UWB_before_start/autopos_pipeline/outdoor_20260513/Static_Test/ID13_20260513_161529,center,mid,ABEF,ok,601,1734.8775280165992,2456.665869986066,-926.3099931166199,25.548782266005592,14.205513335378626,43.63285805088106,52.52012172573211,41.821430080248604,59.37980911534843,85.8477921213525,247.5077128937074,7.0,99.83361064891847,39.93344425956739
v3-full,ID14,/home/zekaixiao/Documents/nRF_dev/BioSpur_UWB_before_start/autopos_pipeline/outdoor_20260513/Static_Test/ID14_20260513_161800,center,mid,BCGF,ok,600,1735.2563848726222,2506.601235150087,-902.7561521051025,23.546149468349924,15.496535585942569,42.75477537163456,51.21068821087243,39.58350500755224,58.2466020837855,88.72784622275688,198.7472134816413,7.0,99.66666666666667,29.833333333333336
v3-full,ID15,/home/zekaixiao/Documents/nRF_dev/BioSpur_UWB_before_start/autopos_pipeline/outdoor_20260513/Static_Test/ID15_20260513_162010,center,mid,CDHG,ok,600,1686.7444810286509,2489.7948642603283,-1037.9543905537312,27.52449812600131,14.949527223144434,41.850820555110154,52.27406185116875,41.957908013731384,58.3854958284626,90.66952847539271,166.47994852364016,7.0,99.83333333333333,31.666666666666664
v3-full,ID16,/home/zekaixiao/Documents/nRF_dev/BioSpur_UWB_before_start/autopos_pipeline/outdoor_20260513/Static_Test/ID16_20260513_162320,center,mid,ADHE,ok,601,1778.8188750558613,2496.442269348355,-961.2571356150734,27.594495447850484,18.83251952293761,36.816363811988,49.71483294691763,42.21499131204226,56.26649634451281,79.8673537364441,238.8673767042702,7.0,99.83361064891847,28.1198003327787
v3-full,ID17,/home/zekaixiao/Documents/nRF_dev/BioSpur_UWB_before_start/autopos_pipeline/outdoor_20260513/Static_Test/ID17_20260513_161228,center,low,ABEF,ok,601,1543.7424220927603,2527.478312866678,-75.99085342352481,28.978422276368363,21.871013383032945,64.6128460130581,74.11416904975381,57.40882709486367,82.09621145457872,135.71600333814632,348.2616224843557,7.0,99.83361064891847,35.77371048252912
v3-full,ID18,/home/zekaixiao/Documents/nRF_dev/BioSpur_UWB_before_start/autopos_pipeline/outdoor_20260513/Static_Test/ID18_20260513_161018,center,low,BCGF,ok,601,1684.4817362833223,2392.585248551098,-58.506472025375004,34.70527601930513,14.827975742491283,68.98270453207957,78.63166393226241,59.82306025862729,86.02340668835399,131.9897398555363,342.70865550413345,7.0,100.0,39.93344425956739
v3-full,ID19,/home/zekaixiao/Documents/nRF_dev/BioSpur_UWB_before_start/autopos_pipeline/outdoor_20260513/Static_Test/ID19_20260513_160549,center,low,CDHG,ok,601,1758.9296093561684,2586.6969193414134,-72.28877451409883,34.1376971132265,16.81235840751967,54.345192821423524,66.3433323116573,53.81022609302046,76.83230530391367,115.39523664571601,191.12724383664664,7.0,100.0,27.953410981697168
v3-full,ID20,/home/zekaixiao/Documents/nRF_dev/BioSpur_UWB_before_start/autopos_pipeline/outdoor_20260513/Static_Test/ID20_20260513_160806,center,low,ADHE,ok,601,1655.6947560640556,2683.591874666354,-215.9528585134457,28.99970101404635,14.745653147856203,61.942773472820015,69.96659296525776,54.85596225502442,78.61817258642532,129.34351745302448,265.4799241916417,7.0,100.0,49.750415973377706
v3-full,ID21,/home/zekaixiao/Documents/nRF_dev/BioSpur_UWB_before_start/autopos_pipeline/outdoor_20260513/Static_Test/ID21_20260513_155713,center,high,ABEF,ok,600,1638.2209306812254,2388.2071777438528,-1544.5816443174983,27.95496479899294,16.650730364459047,35.561402574790314,48.201039736391124,40.763901009969224,54.57778036259133,80.49479088385489,162.40136485702502,7.0,100.0,25.0
v3-full,ID22,/home/zekaixiao/Documents/nRF_dev/BioSpur_UWB_before_start/autopos_pipeline/outdoor_20260513/Static_Test/ID22_20260513_160059,center,high,BCGF,ok,601,1642.433994131245,2396.912361261023,-1591.14411698891,27.33716954379143,16.350640931353404,26.11830662783458,41.19259931878097,34.7119750103591,48.76631920288884,70.34482208930095,100.10325308870691,7.0,99.83361064891847,35.77371048252912
v3-full,ID23,/home/zekaixiao/Documents/nRF_dev/BioSpur_UWB_before_start/autopos_pipeline/outdoor_20260513/Static_Test/ID23_20260513_160315,center,high,CDHG,ok,601,1669.4295620834473,2423.866358069814,-1541.8852575376413,35.23606250890784,18.59433326419876,40.27847371941611,56.6540799575586,46.43436433242398,63.47623835978374,95.47830809819123,191.29056782620123,7.0,100.0,31.78036605657238
v3-full,ID24,/home/zekaixiao/Documents/nRF_dev/BioSpur_UWB_before_start/autopos_pipeline/outdoor_20260513/Static_Test/ID24_20260513_155348,center,high,ADHE,ok,601,1678.149440685624,2444.8990544031935,-1508.5183789830025,30.2237756553225,18.064942933492304,28.47505174335507,45.28407390949214,38.97029584729884,51.818937436357224,77.06783567146826,130.95939795995065,7.0,99.83361064891847,33.61064891846922
v4-io,ID01,/home/zekaixiao/Documents/nRF_dev/BioSpur_UWB_before_start/autopos_pipeline/outdoor_20260513/Static_Test/ID01_20260513_152958,edge,low,ABEF,ok,601,1473.667424266123,1097.7229237345516,63.57505924881445,27.15489289818007,22.12470876121801,33.451303651034166,48.43429221155233,40.94238803485263,54.32775323556459,78.42201277101977,180.66714762013146,7.0,99.66722129783693,24.958402662229616
v4-io,ID02,/home/zekaixiao/Documents/nRF_dev/BioSpur_UWB_before_start/autopos_pipeline/outdoor_20260513/Static_Test/ID02_20260513_153316,edge,mid,ABEF,ok,601,1684.2712498192898,1056.2144263055459,-795.373533691629,18.933952908321498,17.231978188732,39.925221048632835,47.42846108418094,38.19034445791207,54.745681207471186,82.02262298133839,170.25835790120948,7.0,99.83361064891847,26.955074875207984
v4-io,ID03,/home/zekaixiao/Documents/nRF_dev/BioSpur_UWB_before_start/autopos_pipeline/outdoor_20260513/Static_Test/ID03_20260513_154008,edge,high,ABEF,ok,600,1634.6625572848855,1067.4179170434866,-1444.2978307298665,23.629658667355244,19.221738287024493,24.79909353748728,39.27888786347729,33.833039810153316,45.92109612902711,63.32521508575858,139.2895461264852,7.0,100.0,30.5
v4-io,ID04,/home/zekaixiao/Documents/nRF_dev/BioSpur_UWB_before_start/autopos_pipeline/outdoor_20260513/Static_Test/ID04_20260513_163638,edge,low,BCGF,ok,601,2309.8649560920753,2465.976493199768,-25.502534779572546,25.684640799808278,14.017570202330123,44.44052701731053,53.20858472999198,37.66926942773576,54.225572895217546,84.48954641771074,333.7698440968033,8.0,99.83361064891847,58.069883527454245
v4-io,ID05,/home/zekaixiao/Documents/nRF_dev/BioSpur_UWB_before_start/autopos_pipeline/outdoor_20260513/Static_Test/ID05_20260513_163117,edge,mid,BCGF,ok,601,2226.9531413680656,2432.8771225163755,-1024.4028584791329,29.632466022908098,16.917973806247183,41.168667313853796,53.471114152469674,43.524369803690114,61.50881060335377,89.4568560161846,195.5725015057795,7.0,100.0,26.622296173044923
v4-io,ID06,/home/zekaixiao/Documents/nRF_dev/BioSpur_UWB_before_start/autopos_pipeline/outdoor_20260513/Static_Test/ID06_20260513_154321,edge,high,BCGF,ok,600,2055.3999500543277,2456.0762518957667,-1458.4614516739064,21.684741284325355,14.23459303164862,20.03525493109746,32.775952823660965,27.599472351263415,39.210476600343085,55.101175918048774,79.60419522842525,7.0,99.83333333333333,35.66666666666667
v4-io,ID07,/home/zekaixiao/Documents/nRF_dev/BioSpur_UWB_before_start/autopos_pipeline/outdoor_20260513/Static_Test/ID07_20260513_164048,edge,low,CDHG,ok,600,686.4549624133144,2571.623048881814,120.83332395830882,28.320557500576157,19.04051411358648,68.82326948366439,76.81951299815833,55.646359146781315,85.9781601298316,145.65129319566762,226.18526237228772,7.0,100.0,14.833333333333334
v4-io,ID08,/home/zekaixiao/Documents/nRF_dev/BioSpur_UWB_before_start/autopos_pipeline/outdoor_20260513/Static_Test/ID08_20260513_162857,edge,mid,CDHG,ok,601,1732.385641825491,3643.3335987231385,-895.6831948308256,51.132114560924094,30.180935065396767,90.09947454570441,107.90411157275334,67.78814707347681,98.96125337378754,212.39399822009975,629.6679849354041,7.0,99.83361064891847,19.467554076539102
v4-io,ID09,/home/zekaixiao/Documents/nRF_dev/BioSpur_UWB_before_start/autopos_pipeline/outdoor_20260513/Static_Test/ID09_20260513_154629,edge,high,CDHG,ok,601,1601.6242962270849,3399.9699301614755,-1493.7194163431159,44.1629869840427,21.01100043172114,64.96132947348686,81.31301178444582,65.14576445677045,96.82718581909839,142.810172252565,216.96083598356768,7.0,100.0,35.44093178036606
v4-io,ID10,,edge,low,ADHE,missing,,,,,,,,,,,,,,,
v4-io,ID11,/home/zekaixiao/Documents/nRF_dev/BioSpur_UWB_before_start/autopos_pipeline/outdoor_20260513/Static_Test/ID11_20260513_162534,edge,mid,ADHE,ok,601,883.7647388837271,2531.043190730283,-874.0432228558992,21.411268397298056,17.8950258115455,41.51969020689775,50.025583835211506,39.89849364181957,56.19106432491889,85.08243716390749,198.989067219138,7.0,100.0,25.9567387687188
v4-io,ID12,/home/zekaixiao/Documents/nRF_dev/BioSpur_UWB_before_start/autopos_pipeline/outdoor_20260513/Static_Test/ID12_20260513_154958,edge,high,ADHE,ok,601,856.2326374428018,2446.9366106317066,-1394.8323072950063,26.608516544310895,18.59667928371404,34.257086691936465,47.195313556422484,38.43608832369233,54.371554092477695,81.01919888353935,129.8175243598597,7.0,100.0,26.12312811980033
v4-io,ID13,/home/zekaixiao/Documents/nRF_dev/BioSpur_UWB_before_start/autopos_pipeline/outdoor_20260513/Static_Test/ID13_20260513_161529,center,mid,ABEF,ok,601,1716.6024995856797,2523.9737411781784,-850.0735606574999,23.58604517117125,13.450765783172036,43.23859245939268,51.05683602456905,40.61511661001901,56.371807408570696,86.63588177769564,264.14417398944164,7.0,99.83361064891847,39.93344425956739
v4-io,ID14,/home/zekaixiao/Documents/nRF_dev/BioSpur_UWB_before_start/autopos_pipeline/outdoor_20260513/Static_Test/ID14_20260513_161800,center,mid,BCGF,ok,600,1697.5852315089994,2562.5059284521685,-851.3555046279239,22.481356380364474,14.031739018958282,37.70586113781399,46.08723303411935,37.828600614366124,53.12003767719253,79.82700247385094,118.89667630739235,7.0,99.66666666666667,29.833333333333336
v4-io,ID15,/home/zekaixiao/Documents/nRF_dev/BioSpur_UWB_before_start/autopos_pipeline/outdoor_20260513/Static_Test/ID15_20260513_162010,center,mid,CDHG,ok,600,1676.205737940391,2564.3839544273715,-929.2489156685481,22.78802439233478,13.877808596891207,35.908273621883936,44.735799329638425,36.671004831547975,51.4402619288335,77.26571856941531,127.55344071360452,7.0,99.83333333333333,31.666666666666664
v4-io,ID16,/home/zekaixiao/Documents/nRF_dev/BioSpur_UWB_before_start/autopos_pipeline/outdoor_20260513/Static_Test/ID16_20260513_162320,center,mid,ADHE,ok,601,1729.1811071221316,2551.831663343367,-906.9581064859052,26.55190758025817,18.277871883144947,34.8398901112634,47.46474838964325,39.809856634392915,52.92996019409765,76.10684184014804,250.30392682182182,7.0,99.83361064891847,28.1198003327787
v4-io,ID17,/home/zekaixiao/Documents/nRF_dev/BioSpur_UWB_before_start/autopos_pipeline/outdoor_20260513/Static_Test/ID17_20260513_161228,center,low,ABEF,ok,601,1540.0272508334706,2558.397721441226,-16.370691478067283,26.934145971844057,19.731392206047868,50.90844867694712,60.880589717206654,47.38189858461518,68.93749920687493,108.76105567994986,241.85283786779596,7.0,99.83361064891847,35.77371048252912
v4-io,ID18,/home/zekaixiao/Documents/nRF_dev/BioSpur_UWB_before_start/autopos_pipeline/outdoor_20260513/Static_Test/ID18_20260513_161018,center,low,BCGF,ok,601,1670.9396178403663,2416.481184734579,-43.792489283437654,26.351525572049763,13.909078037435009,60.27100843799107,67.23436479924712,49.624055186867956,70.82363218739118,112.97292638113466,340.3705812796742,7.0,100.0,39.93344425956739
v4-io,ID19,/home/zekaixiao/Documents/nRF_dev/BioSpur_UWB_before_start/autopos_pipeline/outdoor_20260513/Static_Test/ID19_20260513_160549,center,low,CDHG,ok,601,1761.112776140901,2620.653235331324,-19.10790247204475,33.35514267495455,16.49950675911926,47.62230241996546,60.43743007391566,45.39049980095456,66.05077615867631,109.51134305809575,236.4697431368046,7.0,100.0,27.953410981697168
v4-io,ID20,/home/zekaixiao/Documents/nRF_dev/BioSpur_UWB_before_start/autopos_pipeline/outdoor_20260513/Static_Test/ID20_20260513_160806,center,low,ADHE,ok,601,1646.817341099371,2722.4077299529063,-139.9411872508469,25.538845549392665,15.426824560122014,50.37803476502042,58.55054171218337,46.70134930786835,63.75225219292714,107.0954598270434,217.72131874071016,7.0,100.0,49.750415973377706
v4-io,ID21,/home/zekaixiao/Documents/nRF_dev/BioSpur_UWB_before_start/autopos_pipeline/outdoor_20260513/Static_Test/ID21_20260513_155713,center,high,ABEF,ok,600,1615.4175160190407,2482.3327087572507,-1441.4211864395625,23.966609421092514,14.397149508374351,33.22882198022763,43.42615446137665,38.05290471746403,50.37491387294823,73.24244253490735,107.58697356825614,7.0,100.0,25.0
v4-io,ID22,/home/zekaixiao/Documents/nRF_dev/BioSpur_UWB_before_start/autopos_pipeline/outdoor_20260513/Static_Test/ID22_20260513_160059,center,high,BCGF,ok,601,1589.6750466643402,2475.496507862707,-1539.685205056393,25.947764865884313,15.302678967149552,26.414622259192974,40.06483188786289,33.628535448132205,45.52671421220689,69.77296334967035,101.20161371848536,7.0,99.83361064891847,35.77371048252912
v4-io,ID23,/home/zekaixiao/Documents/nRF_dev/BioSpur_UWB_before_start/autopos_pipeline/outdoor_20260513/Static_Test/ID23_20260513_160315,center,high,CDHG,ok,601,1633.3092067165496,2514.4841712894286,-1459.2410631109635,28.273458279210477,15.31953446522911,31.735116121893114,45.17957696313278,37.08645071627182,53.62112231092214,73.88127502429514,151.88475319310618,7.0,100.0,31.78036605657238
v4-io,ID24,/home/zekaixiao/Documents/nRF_dev/BioSpur_UWB_before_start/autopos_pipeline/outdoor_20260513/Static_Test/ID24_20260513_155348,center,high,ADHE,ok,601,1627.515961052955,2522.2536699021234,-1446.1947058249611,26.454266635645016,15.57237962614206,26.354311900405925,40.458336423960425,34.637550917884525,46.94653094083603,65.45072232652547,109.56327138712548,7.0,99.83361064891847,33.61064891846922
v4-io-roto,ID01,/home/zekaixiao/Documents/nRF_dev/BioSpur_UWB_before_start/autopos_pipeline/outdoor_20260513/Static_Test/ID01_20260513_152958,edge,low,ABEF,ok,601,1478.702828469735,1123.237648753305,31.508262254106853,21.693045713017526,16.486559595168256,34.79091983117913,44.19053045949591,36.4831595050347,50.10771277210813,73.35839131490528,164.49178080731272,7.0,99.66722129783693,24.958402662229616
v4-io-roto,ID02,/home/zekaixiao/Documents/nRF_dev/BioSpur_UWB_before_start/autopos_pipeline/outdoor_20260513/Static_Test/ID02_20260513_153316,edge,mid,ABEF,ok,601,1699.7810131959268,1059.7279995705985,-794.2974265912546,18.060121057930573,17.710605803004416,37.728564049366746,45.423320835928436,38.00943728311541,52.470010014944165,76.69690726933365,135.43869905611598,7.0,99.83361064891847,26.955074875207984
v4-io-roto,ID03,/home/zekaixiao/Documents/nRF_dev/BioSpur_UWB_before_start/autopos_pipeline/outdoor_20260513/Static_Test/ID03_20260513_154008,edge,high,ABEF,ok,600,1648.7098198247293,1068.1040497186682,-1425.7996130355214,23.265257677646826,19.340963066505495,25.434004841080945,39.5251017633524,34.06624454259678,46.37895810502053,64.03892507237721,139.06963193545485,7.0,100.0,30.5
v4-io-roto,ID04,/home/zekaixiao/Documents/nRF_dev/BioSpur_UWB_before_start/autopos_pipeline/outdoor_20260513/Static_Test/ID04_20260513_163638,edge,low,BCGF,ok,601,2275.025520430112,2492.320080418348,-43.06521512850329,24.5206889939448,17.21062619344549,41.472119995585075,51.160595966392776,38.22002448722701,55.325599122768374,87.5884367471658,275.7518599953793,8.0,99.83361064891847,58.069883527454245
v4-io-roto,ID05,/home/zekaixiao/Documents/nRF_dev/BioSpur_UWB_before_start/autopos_pipeline/outdoor_20260513/Static_Test/ID05_20260513_163117,edge,mid,BCGF,ok,601,2228.0032218064275,2432.751793614346,-1017.0559773339879,25.225642705458295,14.946108116635918,37.212310408637016,47.37589306478946,37.96462986405777,54.14270848333218,81.23008808879902,174.21526614558618,7.0,100.0,26.622296173044923
v4-io-roto,ID06,/home/zekaixiao/Documents/nRF_dev/BioSpur_UWB_before_start/autopos_pipeline/outdoor_20260513/Static_Test/ID06_20260513_154321,edge,high,BCGF,ok,600,2063.234703816997,2454.911117025887,-1444.4091919253744,20.715446339593395,13.991583237160476,20.018025843161656,32.02523188344545,27.629434173601336,38.17800240255687,53.96175504402433,77.76457694294616,7.0,99.83333333333333,35.66666666666667
v4-io-roto,ID07,/home/zekaixiao/Documents/nRF_dev/BioSpur_UWB_before_start/autopos_pipeline/outdoor_20260513/Static_Test/ID07_20260513_164048,edge,low,CDHG,ok,600,679.2986766388541,2573.9245960375424,51.757685605754226,24.500643685732594,16.88026739617904,62.45550053500759,69.18030438976159,50.33489392229268,77.29801156006296,128.77077486488656,213.56595878331552,7.0,100.0,14.833333333333334
v4-io-roto,ID08,/home/zekaixiao/Documents/nRF_dev/BioSpur_UWB_before_start/autopos_pipeline/outdoor_20260513/Static_Test/ID08_20260513_162857,edge,mid,CDHG,ok,601,1726.16290873206,3634.336642979566,-910.9968555939081,38.37644010515296,27.18932561612983,68.11766785218926,82.77697298298304,56.970036823975136,83.31587250741946,151.1123901814876,618.6428581460634,7.0,99.83361064891847,19.467554076539102
v4-io-roto,ID09,/home/zekaixiao/Documents/nRF_dev/BioSpur_UWB_before_start/autopos_pipeline/outdoor_20260513/Static_Test/ID09_20260513_154629,edge,high,CDHG,ok,601,1636.6222213061994,3406.9307669104883,-1448.9915182487662,42.237324136386704,24.355507713682485,57.08515592799314,75.0726137384115,59.54862688328722,84.85747143684623,133.972932431744,193.93273639490306,7.0,100.0,35.44093178036606
v4-io-roto,ID10,,edge,low,ADHE,missing,,,,,,,,,,,,,,,
v4-io-roto,ID11,/home/zekaixiao/Documents/nRF_dev/BioSpur_UWB_before_start/autopos_pipeline/outdoor_20260513/Static_Test/ID11_20260513_162534,edge,mid,ADHE,ok,601,895.578179062632,2521.439505572764,-896.8740091256609,21.014190307731177,18.41946242615098,41.78888277881708,50.27110018946915,40.9528571637035,55.15704303596441,89.10091169142662,157.86508978636476,7.0,100.0,25.9567387687188
v4-io-roto,ID12,/home/zekaixiao/Documents/nRF_dev/BioSpur_UWB_before_start/autopos_pipeline/outdoor_20260513/Static_Test/ID12_20260513_154958,edge,high,ADHE,ok,601,873.6172785369886,2434.7425390526673,-1418.0419869845991,26.876829491981244,17.75962122802674,35.84839330015704,48.19621781744658,38.3419052556024,56.08559491738378,82.95610900018536,130.45965479009712,7.0,100.0,26.12312811980033
v4-io-roto,ID13,/home/zekaixiao/Documents/nRF_dev/BioSpur_UWB_before_start/autopos_pipeline/outdoor_20260513/Static_Test/ID13_20260513_161529,center,mid,ABEF,ok,601,1727.657657730758,2524.643528435582,-857.3566880854747,27.30868887074051,15.167892334808407,45.15162569819564,54.90445108467261,44.76921755347926,61.983812943832056,97.19401016340103,225.22655912781926,7.0,99.83361064891847,39.93344425956739
v4-io-roto,ID14,/home/zekaixiao/Documents/nRF_dev/BioSpur_UWB_before_start/autopos_pipeline/outdoor_20260513/Static_Test/ID14_20260513_161800,center,mid,BCGF,ok,600,1694.9157091232948,2560.5066142926844,-864.2572973372381,23.308833593504968,15.040951703913631,37.782868566235884,46.87298911678904,38.29916306825491,53.37355814393091,80.36242630811243,141.17793040445432,7.0,99.66666666666667,29.833333333333336
v4-io-roto,ID15,/home/zekaixiao/Documents/nRF_dev/BioSpur_UWB_before_start/autopos_pipeline/outdoor_20260513/Static_Test/ID15_20260513_162010,center,mid,CDHG,ok,600,1681.9303622655816,2568.625888728539,-925.4769347650315,24.952936137993593,15.441836160090626,36.70424579114168,46.99256308181552,39.35144493896373,53.364944881006906,79.25409122838694,129.9401347321188,7.0,99.83333333333333,31.666666666666664
v4-io-roto,ID16,/home/zekaixiao/Documents/nRF_dev/BioSpur_UWB_before_start/autopos_pipeline/outdoor_20260513/Static_Test/ID16_20260513_162320,center,mid,ADHE,ok,601,1729.5112651147208,2542.884473478022,-922.1146014611196,31.424474837827486,21.062602245462784,36.30250005882547,52.43092925654523,44.284544411996905,59.28369571491621,83.48400227366335,235.35387940326328,7.0,99.83361064891847,28.1198003327787
v4-io-roto,ID17,/home/zekaixiao/Documents/nRF_dev/BioSpur_UWB_before_start/autopos_pipeline/outdoor_20260513/Static_Test/ID17_20260513_161228,center,low,ABEF,ok,601,1533.1257958157303,2566.4929857371476,-65.33178518473557,26.209660073012998,18.386529065768848,48.76737633443076,58.337532744994036,47.25342452477345,65.72268898372997,100.73600082691426,252.75733702865713,7.0,99.83361064891847,35.77371048252912
v4-io-roto,ID18,/home/zekaixiao/Documents/nRF_dev/BioSpur_UWB_before_start/autopos_pipeline/outdoor_20260513/Static_Test/ID18_20260513_161018,center,low,BCGF,ok,601,1614.000311140594,2455.624513792334,-73.16007292219798,26.66731115012117,17.399878237884792,45.81962989926954,55.797309350690284,43.04044770050085,58.75201378994779,93.81886445547738,246.21122854231433,7.0,100.0,39.93344425956739
v4-io-roto,ID19,/home/zekaixiao/Documents/nRF_dev/BioSpur_UWB_before_start/autopos_pipeline/outdoor_20260513/Static_Test/ID19_20260513_160549,center,low,CDHG,ok,601,1773.6215653415147,2619.3941772866515,-50.299256583813595,28.724553259637304,15.936190837972303,42.540489402622164,53.74714296597188,42.29312451828901,59.26345428891905,97.68485505618263,178.7424683774173,7.0,100.0,27.953410981697168
v4-io-roto,ID20,/home/zekaixiao/Documents/nRF_dev/BioSpur_UWB_before_start/autopos_pipeline/outdoor_20260513/Static_Test/ID20_20260513_160806,center,low,ADHE,ok,601,1633.33956963297,2734.764503787425,-177.4233427883051,22.88178165956159,15.197144228671153,43.60975552161229,51.5396924833441,40.887051911497075,56.32752062653591,91.95825651630604,193.99984371223698,7.0,100.0,49.750415973377706
v4-io-roto,ID21,/home/zekaixiao/Documents/nRF_dev/BioSpur_UWB_before_start/autopos_pipeline/outdoor_20260513/Static_Test/ID21_20260513_155713,center,high,ABEF,ok,600,1634.5624116171139,2480.2470395159758,-1428.3872772929074,23.410564698623702,14.353336504838435,35.02071069809252,44.50306715417563,38.618560730696366,50.868484857486116,73.81104055100599,118.48727809451836,7.0,100.0,25.0
v4-io-roto,ID22,/home/zekaixiao/Documents/nRF_dev/BioSpur_UWB_before_start/autopos_pipeline/outdoor_20260513/Static_Test/ID22_20260513_160059,center,high,BCGF,ok,601,1606.1180850339933,2470.397948119315,-1545.2728409055233,27.256723979522153,16.193240689078362,30.498433797558786,43.99209599705789,35.716001034211644,51.04829489382458,77.72555591720771,123.68738438625086,7.0,99.83361064891847,35.77371048252912
v4-io-roto,ID23,/home/zekaixiao/Documents/nRF_dev/BioSpur_UWB_before_start/autopos_pipeline/outdoor_20260513/Static_Test/ID23_20260513_160315,center,high,CDHG,ok,601,1646.0944561771282,2514.1811239734966,-1451.4200878519678,30.231666778475624,17.175959570535298,32.98920720245626,47.9296886618309,39.65660570830136,54.99558914818711,81.59332897650721,133.3591048331771,7.0,100.0,31.78036605657238
v4-io-roto,ID24,/home/zekaixiao/Documents/nRF_dev/BioSpur_UWB_before_start/autopos_pipeline/outdoor_20260513/Static_Test/ID24_20260513_155348,center,high,ADHE,ok,601,1638.8341469124866,2515.4616985644666,-1446.0844916451772,26.44210851906887,15.824602564318978,27.381195471045412,41.222967077546265,35.61174905145321,47.81784564469195,69.19249339820853,110.8273699605087,7.0,99.83361064891847,33.61064891846922
v4-io-wand,ID01,/home/zekaixiao/Documents/nRF_dev/BioSpur_UWB_before_start/autopos_pipeline/outdoor_20260513/Static_Test/ID01_20260513_152958,edge,low,ABEF,ok,601,1479.498284962267,1104.976569008802,65.46234222205874,26.53461305207683,21.816522691575837,32.89794409380617,47.56386315023923,39.7167811281776,54.2940085010197,77.16942871641147,160.25278963148241,7.0,99.66722129783693,24.958402662229616
v4-io-wand,ID02,/home/zekaixiao/Documents/nRF_dev/BioSpur_UWB_before_start/autopos_pipeline/outdoor_20260513/Static_Test/ID02_20260513_153316,edge,mid,ABEF,ok,601,1683.8200004598114,1068.1763782176401,-800.0010325219266,18.604961764672016,17.538787556809204,39.526397391558504,47.07536257941298,38.42436136456804,53.45493086356112,79.69516344052435,169.28903530153116,7.0,99.83361064891847,26.955074875207984
v4-io-wand,ID03,/home/zekaixiao/Documents/nRF_dev/BioSpur_UWB_before_start/autopos_pipeline/outdoor_20260513/Static_Test/ID03_20260513_154008,edge,high,ABEF,ok,600,1635.9709691105197,1085.2853787048318,-1439.82597705665,23.779984514373414,19.251308525824683,24.357040840770132,39.107109097698256,33.37333886316096,45.184302604443786,63.54734672033161,144.22829044858227,7.0,100.0,30.5
v4-io-wand,ID04,/home/zekaixiao/Documents/nRF_dev/BioSpur_UWB_before_start/autopos_pipeline/outdoor_20260513/Static_Test/ID04_20260513_163638,edge,low,BCGF,ok,601,2311.7320772941225,2473.370823385682,-17.66060789603626,25.639911965192347,14.188055599002375,44.89058986601658,53.608498074298886,38.54743709227783,54.72290134286952,87.50423759354963,327.2571345637032,8.0,99.83361064891847,58.069883527454245
v4-io-wand,ID05,/home/zekaixiao/Documents/nRF_dev/BioSpur_UWB_before_start/autopos_pipeline/outdoor_20260513/Static_Test/ID05_20260513_163117,edge,mid,BCGF,ok,601,2223.447388401669,2445.5030647563376,-1025.9557681246222,28.059733871202457,15.89404078900463,38.80630964169333,50.45690106944966,41.39012881094786,57.65128948109006,86.38072484448679,184.49663657504436,7.0,100.0,26.622296173044923
v4-io-wand,ID06,/home/zekaixiao/Documents/nRF_dev/BioSpur_UWB_before_start/autopos_pipeline/outdoor_20260513/Static_Test/ID06_20260513_154321,edge,high,BCGF,ok,600,2050.6693638364654,2474.220275197147,-1449.8138290261713,21.75508974714756,14.252011146551498,19.154536863030227,32.300155325711,27.00044196488722,38.7634358977794,54.02148117952851,80.32315737584834,7.0,99.83333333333333,35.66666666666667
v4-io-wand,ID07,/home/zekaixiao/Documents/nRF_dev/BioSpur_UWB_before_start/autopos_pipeline/outdoor_20260513/Static_Test/ID07_20260513_164048,edge,low,CDHG,ok,600,680.5577604269387,2570.914794315937,114.54647004874292,26.735021077461795,18.516265328046238,67.66564975048227,75.07498644599195,55.23059658698631,83.3681664038317,139.54313237029012,235.79020427731623,7.0,100.0,14.833333333333334
v4-io-wand,ID08,/home/zekaixiao/Documents/nRF_dev/BioSpur_UWB_before_start/autopos_pipeline/outdoor_20260513/Static_Test/ID08_20260513_162857,edge,mid,CDHG,ok,601,1719.9861567506698,3652.179713315357,-892.5674529411962,46.98726219729111,29.196653688345425,78.21363332781478,95.79989474802159,64.99662615579942,94.46542970178282,168.25672523670983,581.2857252006185,7.0,99.83361064891847,19.467554076539102
v4-io-wand,ID09,/home/zekaixiao/Documents/nRF_dev/BioSpur_UWB_before_start/autopos_pipeline/outdoor_20260513/Static_Test/ID09_20260513_154629,edge,high,CDHG,ok,601,1606.6643400378562,3422.7702347369627,-1443.0172013594772,46.53407370050572,23.081860216169755,60.26844462635773,79.56429917923771,67.54365519233973,92.33342314848979,135.2266359493976,193.88185812066803,7.0,100.0,35.44093178036606
v4-io-wand,ID10,,edge,low,ADHE,missing,,,,,,,,,,,,,,,
v4-io-wand,ID11,/home/zekaixiao/Documents/nRF_dev/BioSpur_UWB_before_start/autopos_pipeline/outdoor_20260513/Static_Test/ID11_20260513_162534,edge,mid,ADHE,ok,601,881.1881703560922,2540.3484321094666,-863.5130655449085,20.68255660404563,17.497662293959763,40.38620995027639,48.6310835534313,39.50289807221967,53.74084028463723,81.13317987434112,182.51920257054363,7.0,100.0,25.9567387687188
v4-io-wand,ID12,/home/zekaixiao/Documents/nRF_dev/BioSpur_UWB_before_start/autopos_pipeline/outdoor_20260513/Static_Test/ID12_20260513_154958,edge,high,ADHE,ok,601,854.496068642236,2460.5173945972956,-1383.1139058298756,26.929875292399217,18.661869870037556,35.325351016631544,48.18053543453643,38.76928714756175,55.1555908798685,82.5576581013066,131.40792485737592,7.0,100.0,26.12312811980033
v4-io-wand,ID13,/home/zekaixiao/Documents/nRF_dev/BioSpur_UWB_before_start/autopos_pipeline/outdoor_20260513/Static_Test/ID13_20260513_161529,center,mid,ABEF,ok,601,1714.6909120302862,2537.0826164434097,-846.9123707428428,24.55269542841628,13.946730343022686,43.98873149934293,52.27192974228949,41.67479132602112,57.31032891829639,87.01313653658573,252.8674168251437,7.0,99.83361064891847,39.93344425956739
v4-io-wand,ID14,/home/zekaixiao/Documents/nRF_dev/BioSpur_UWB_before_start/autopos_pipeline/outdoor_20260513/Static_Test/ID14_20260513_161800,center,mid,BCGF,ok,600,1688.326952564862,2572.2150346201497,-854.7267109033274,22.89060685695964,14.187006478285905,36.45768645639101,45.325643259057344,37.44065936822593,52.59893298492039,76.58610145335766,126.58817110204316,7.0,99.66666666666667,29.833333333333336
v4-io-wand,ID15,/home/zekaixiao/Documents/nRF_dev/BioSpur_UWB_before_start/autopos_pipeline/outdoor_20260513/Static_Test/ID15_20260513_162010,center,mid,CDHG,ok,600,1674.1846386917969,2577.7266553593436,-923.6721180611511,23.206913409857524,14.18857883901294,35.42534815566293,44.66354096389405,37.42345670388772,51.27796477038282,76.22676901896992,127.45457335798434,7.0,99.83333333333333,31.666666666666664
v4-io-wand,ID16,/home/zekaixiao/Documents/nRF_dev/BioSpur_UWB_before_start/autopos_pipeline/outdoor_20260513/Static_Test/ID16_20260513_162320,center,mid,ADHE,ok,601,1716.590144499485,2559.1450029849652,-903.4281379150157,27.763876094548362,19.14522489897543,34.287645518320296,48.09381547991148,40.95918033334276,54.726826749572,77.71985324992424,223.56693212283068,7.0,99.83361064891847,28.1198003327787
v4-io-wand,ID17,/home/zekaixiao/Documents/nRF_dev/BioSpur_UWB_before_start/autopos_pipeline/outdoor_20260513/Static_Test/ID17_20260513_161228,center,low,ABEF,ok,601,1538.2777362490494,2562.3410857942495,-11.8274007964594,27.888062284492023,19.619461929123787,48.32623154862529,59.14466975191754,47.14595352639,67.424764885362,104.85397892455117,254.83667306922922,7.0,99.83361064891847,35.77371048252912
v4-io-wand,ID18,/home/zekaixiao/Documents/nRF_dev/BioSpur_UWB_before_start/autopos_pipeline/outdoor_20260513/Static_Test/ID18_20260513_161018,center,low,BCGF,ok,601,1667.5591163604038,2419.9493134901054,-48.066584773011655,25.257365597497092,14.029574946741299,57.00103299966052,63.90525215614323,45.617594247902844,66.61199458406152,106.58678434626056,345.4937571440893,7.0,100.0,39.93344425956739
v4-io-wand,ID19,/home/zekaixiao/Documents/nRF_dev/BioSpur_UWB_before_start/autopos_pipeline/outdoor_20260513/Static_Test/ID19_20260513_160549,center,low,CDHG,ok,601,1761.6954893090826,2625.2258100793288,-12.114924173034241,33.317629205652594,16.823643230407164,45.813267861786365,59.092765205269984,44.45543187351848,63.660147453713144,101.4502993073392,247.15550388342925,7.0,100.0,27.953410981697168
v4-io-wand,ID20,/home/zekaixiao/Documents/nRF_dev/BioSpur_UWB_before_start/autopos_pipeline/outdoor_20260513/Static_Test/ID20_20260513_160806,center,low,ADHE,ok,601,1646.7127835558401,2728.41855061516,-127.91635619688383,25.09893332171347,15.603747186579527,49.58819951841658,57.727141897280845,45.09875576438324,62.86139314349829,106.27264451056192,199.70625474194867,7.0,100.0,49.750415973377706
v4-io-wand,ID21,/home/zekaixiao/Documents/nRF_dev/BioSpur_UWB_before_start/autopos_pipeline/outdoor_20260513/Static_Test/ID21_20260513_155713,center,high,ABEF,ok,600,1614.5496312317441,2499.8750244287207,-1424.6314051700601,23.814490493359017,14.231727319439102,33.36848897978125,43.39502364035465,37.65851443460929,50.4604695680796,72.23021095420579,113.79798807886625,7.0,100.0,25.0
v4-io-wand,ID22,/home/zekaixiao/Documents/nRF_dev/BioSpur_UWB_before_start/autopos_pipeline/outdoor_20260513/Static_Test/ID22_20260513_160059,center,high,BCGF,ok,601,1584.6006228675801,2492.481609780394,-1527.4466531390394,27.03939434147719,15.87526876917563,27.896812573482638,41.96885936748211,34.71392146911932,47.94796014294207,73.17461299604514,112.50471009165545,7.0,99.83361064891847,35.77371048252912
v4-io-wand,ID23,/home/zekaixiao/Documents/nRF_dev/BioSpur_UWB_before_start/autopos_pipeline/outdoor_20260513/Static_Test/ID23_20260513_160315,center,high,CDHG,ok,601,1630.3532743343685,2533.2837557234593,-1445.8196479248418,28.657180624070445,15.717636039911866,30.87850093586404,44.96398452150222,37.26606625073106,52.604237757567994,73.61318787743546,135.25887831838395,7.0,100.0,31.78036605657238
v4-io-wand,ID24,/home/zekaixiao/Documents/nRF_dev/BioSpur_UWB_before_start/autopos_pipeline/outdoor_20260513/Static_Test/ID24_20260513_155348,center,high,ADHE,ok,601,1623.1922713151082,2538.4735318822454,-1436.6542491650016,26.364777879067763,15.656185453945634,25.634527443760426,39.96681939866902,33.969083865663336,46.5696631422922,66.8203388200504,110.02171092846284,7.0,99.83361064891847,33.61064891846922
v5,ID01,/home/zekaixiao/Documents/nRF_dev/BioSpur_UWB_before_start/autopos_pipeline/outdoor_20260513/Static_Test/ID01_20260513_152958,edge,low,ABEF,ok,601,1473.667424266123,1097.7229237345516,63.57505924881445,27.15489289818007,22.12470876121801,33.451303651034166,48.43429221155233,40.94238803485263,54.32775323556459,78.42201277101977,180.66714762013146,7.0,99.66722129783693,24.958402662229616
v5,ID02,/home/zekaixiao/Documents/nRF_dev/BioSpur_UWB_before_start/autopos_pipeline/outdoor_20260513/Static_Test/ID02_20260513_153316,edge,mid,ABEF,ok,601,1684.2712498192898,1056.2144263055459,-795.373533691629,18.933952908321498,17.231978188732,39.925221048632835,47.42846108418094,38.19034445791207,54.745681207471186,82.02262298133839,170.25835790120948,7.0,99.83361064891847,26.955074875207984
v5,ID03,/home/zekaixiao/Documents/nRF_dev/BioSpur_UWB_before_start/autopos_pipeline/outdoor_20260513/Static_Test/ID03_20260513_154008,edge,high,ABEF,ok,600,1634.6625572848855,1067.4179170434866,-1444.2978307298665,23.629658667355244,19.221738287024493,24.79909353748728,39.27888786347729,33.833039810153316,45.92109612902711,63.32521508575858,139.2895461264852,7.0,100.0,30.5
v5,ID04,/home/zekaixiao/Documents/nRF_dev/BioSpur_UWB_before_start/autopos_pipeline/outdoor_20260513/Static_Test/ID04_20260513_163638,edge,low,BCGF,ok,601,2309.8649560920753,2465.976493199768,-25.502534779572546,25.684640799808278,14.017570202330123,44.44052701731053,53.20858472999198,37.66926942773576,54.225572895217546,84.48954641771074,333.7698440968033,8.0,99.83361064891847,58.069883527454245
v5,ID05,/home/zekaixiao/Documents/nRF_dev/BioSpur_UWB_before_start/autopos_pipeline/outdoor_20260513/Static_Test/ID05_20260513_163117,edge,mid,BCGF,ok,601,2226.9531413680656,2432.8771225163755,-1024.4028584791329,29.632466022908098,16.917973806247183,41.168667313853796,53.471114152469674,43.524369803690114,61.50881060335377,89.4568560161846,195.5725015057795,7.0,100.0,26.622296173044923
v5,ID06,/home/zekaixiao/Documents/nRF_dev/BioSpur_UWB_before_start/autopos_pipeline/outdoor_20260513/Static_Test/ID06_20260513_154321,edge,high,BCGF,ok,600,2055.3999500543277,2456.0762518957667,-1458.4614516739064,21.684741284325355,14.23459303164862,20.03525493109746,32.775952823660965,27.599472351263415,39.210476600343085,55.101175918048774,79.60419522842525,7.0,99.83333333333333,35.66666666666667
v5,ID07,/home/zekaixiao/Documents/nRF_dev/BioSpur_UWB_before_start/autopos_pipeline/outdoor_20260513/Static_Test/ID07_20260513_164048,edge,low,CDHG,ok,600,686.4549624133144,2571.623048881814,120.83332395830882,28.320557500576157,19.04051411358648,68.82326948366439,76.81951299815833,55.646359146781315,85.9781601298316,145.65129319566762,226.18526237228772,7.0,100.0,14.833333333333334
v5,ID08,/home/zekaixiao/Documents/nRF_dev/BioSpur_UWB_before_start/autopos_pipeline/outdoor_20260513/Static_Test/ID08_20260513_162857,edge,mid,CDHG,ok,601,1732.385641825491,3643.3335987231385,-895.6831948308256,51.132114560924094,30.180935065396767,90.09947454570441,107.90411157275334,67.78814707347681,98.96125337378754,212.39399822009975,629.6679849354041,7.0,99.83361064891847,19.467554076539102
v5,ID09,/home/zekaixiao/Documents/nRF_dev/BioSpur_UWB_before_start/autopos_pipeline/outdoor_20260513/Static_Test/ID09_20260513_154629,edge,high,CDHG,ok,601,1601.6242962270849,3399.9699301614755,-1493.7194163431159,44.1629869840427,21.01100043172114,64.96132947348686,81.31301178444582,65.14576445677045,96.82718581909839,142.810172252565,216.96083598356768,7.0,100.0,35.44093178036606
v5,ID10,,edge,low,ADHE,missing,,,,,,,,,,,,,,,
v5,ID11,/home/zekaixiao/Documents/nRF_dev/BioSpur_UWB_before_start/autopos_pipeline/outdoor_20260513/Static_Test/ID11_20260513_162534,edge,mid,ADHE,ok,601,883.7647388837271,2531.043190730283,-874.0432228558992,21.411268397298056,17.8950258115455,41.51969020689775,50.025583835211506,39.89849364181957,56.19106432491889,85.08243716390749,198.989067219138,7.0,100.0,25.9567387687188
v5,ID12,/home/zekaixiao/Documents/nRF_dev/BioSpur_UWB_before_start/autopos_pipeline/outdoor_20260513/Static_Test/ID12_20260513_154958,edge,high,ADHE,ok,601,856.2326374428018,2446.9366106317066,-1394.8323072950063,26.608516544310895,18.59667928371404,34.257086691936465,47.195313556422484,38.43608832369233,54.371554092477695,81.01919888353935,129.8175243598597,7.0,100.0,26.12312811980033
v5,ID13,/home/zekaixiao/Documents/nRF_dev/BioSpur_UWB_before_start/autopos_pipeline/outdoor_20260513/Static_Test/ID13_20260513_161529,center,mid,ABEF,ok,601,1716.6024995856797,2523.9737411781784,-850.0735606574999,23.58604517117125,13.450765783172036,43.23859245939268,51.05683602456905,40.61511661001901,56.371807408570696,86.63588177769564,264.14417398944164,7.0,99.83361064891847,39.93344425956739
v5,ID14,/home/zekaixiao/Documents/nRF_dev/BioSpur_UWB_before_start/autopos_pipeline/outdoor_20260513/Static_Test/ID14_20260513_161800,center,mid,BCGF,ok,600,1697.5852315089994,2562.5059284521685,-851.3555046279239,22.481356380364474,14.031739018958282,37.70586113781399,46.08723303411935,37.828600614366124,53.12003767719253,79.82700247385094,118.89667630739235,7.0,99.66666666666667,29.833333333333336
v5,ID15,/home/zekaixiao/Documents/nRF_dev/BioSpur_UWB_before_start/autopos_pipeline/outdoor_20260513/Static_Test/ID15_20260513_162010,center,mid,CDHG,ok,600,1676.205737940391,2564.3839544273715,-929.2489156685481,22.78802439233478,13.877808596891207,35.908273621883936,44.735799329638425,36.671004831547975,51.4402619288335,77.26571856941531,127.55344071360452,7.0,99.83333333333333,31.666666666666664
v5,ID16,/home/zekaixiao/Documents/nRF_dev/BioSpur_UWB_before_start/autopos_pipeline/outdoor_20260513/Static_Test/ID16_20260513_162320,center,mid,ADHE,ok,601,1729.1811071221316,2551.831663343367,-906.9581064859052,26.55190758025817,18.277871883144947,34.8398901112634,47.46474838964325,39.809856634392915,52.92996019409765,76.10684184014804,250.30392682182182,7.0,99.83361064891847,28.1198003327787
v5,ID17,/home/zekaixiao/Documents/nRF_dev/BioSpur_UWB_before_start/autopos_pipeline/outdoor_20260513/Static_Test/ID17_20260513_161228,center,low,ABEF,ok,601,1540.0272508334706,2558.397721441226,-16.370691478067283,26.934145971844057,19.731392206047868,50.90844867694712,60.880589717206654,47.38189858461518,68.93749920687493,108.76105567994986,241.85283786779596,7.0,99.83361064891847,35.77371048252912
v5,ID18,/home/zekaixiao/Documents/nRF_dev/BioSpur_UWB_before_start/autopos_pipeline/outdoor_20260513/Static_Test/ID18_20260513_161018,center,low,BCGF,ok,601,1670.9396178403663,2416.481184734579,-43.792489283437654,26.351525572049763,13.909078037435009,60.27100843799107,67.23436479924712,49.624055186867956,70.82363218739118,112.97292638113466,340.3705812796742,7.0,100.0,39.93344425956739
v5,ID19,/home/zekaixiao/Documents/nRF_dev/BioSpur_UWB_before_start/autopos_pipeline/outdoor_20260513/Static_Test/ID19_20260513_160549,center,low,CDHG,ok,601,1761.112776140901,2620.653235331324,-19.10790247204475,33.35514267495455,16.49950675911926,47.62230241996546,60.43743007391566,45.39049980095456,66.05077615867631,109.51134305809575,236.4697431368046,7.0,100.0,27.953410981697168
v5,ID20,/home/zekaixiao/Documents/nRF_dev/BioSpur_UWB_before_start/autopos_pipeline/outdoor_20260513/Static_Test/ID20_20260513_160806,center,low,ADHE,ok,601,1646.817341099371,2722.4077299529063,-139.9411872508469,25.538845549392665,15.426824560122014,50.37803476502042,58.55054171218337,46.70134930786835,63.75225219292714,107.0954598270434,217.72131874071016,7.0,100.0,49.750415973377706
v5,ID21,/home/zekaixiao/Documents/nRF_dev/BioSpur_UWB_before_start/autopos_pipeline/outdoor_20260513/Static_Test/ID21_20260513_155713,center,high,ABEF,ok,600,1615.4175160190407,2482.3327087572507,-1441.4211864395625,23.966609421092514,14.397149508374351,33.22882198022763,43.42615446137665,38.05290471746403,50.37491387294823,73.24244253490735,107.58697356825614,7.0,100.0,25.0
v5,ID22,/home/zekaixiao/Documents/nRF_dev/BioSpur_UWB_before_start/autopos_pipeline/outdoor_20260513/Static_Test/ID22_20260513_160059,center,high,BCGF,ok,601,1589.6750466643402,2475.496507862707,-1539.685205056393,25.947764865884313,15.302678967149552,26.414622259192974,40.06483188786289,33.628535448132205,45.52671421220689,69.77296334967035,101.20161371848536,7.0,99.83361064891847,35.77371048252912
v5,ID23,/home/zekaixiao/Documents/nRF_dev/BioSpur_UWB_before_start/autopos_pipeline/outdoor_20260513/Static_Test/ID23_20260513_160315,center,high,CDHG,ok,601,1633.3092067165496,2514.4841712894286,-1459.2410631109635,28.273458279210477,15.31953446522911,31.735116121893114,45.17957696313278,37.08645071627182,53.62112231092214,73.88127502429514,151.88475319310618,7.0,100.0,31.78036605657238
v5,ID24,/home/zekaixiao/Documents/nRF_dev/BioSpur_UWB_before_start/autopos_pipeline/outdoor_20260513/Static_Test/ID24_20260513_155348,center,high,ADHE,ok,601,1627.515961052955,2522.2536699021234,-1446.1947058249611,26.454266635645016,15.57237962614206,26.354311900405925,40.458336423960425,34.637550917884525,46.94653094083603,65.45072232652547,109.56327138712548,7.0,99.83361064891847,33.61064891846922
