figure_path,figure_kind,phase,experiment_id,capture_id,tag,metric_context,baseline_id,comparison_id,notes
runs/phase0_baseline/20260604T161756Z/figs/full/B0_A0_U4_P0_T1/B0_A0_U4_P0_T1__R01__BS2DCE__xz.png,trajectory_xz_overlay,phase0,B0_A0_U4_P0_T1,R01,BS2DCE,Opti/UWB/output top-view,,B0_A0_U4_P0_T1,full per-track PNG
runs/phase0_baseline/20260604T161756Z/figs/full/B0_A0_U4_P0_T1/B0_A0_U4_P0_T1__R01__BSDC91__xz.png,trajectory_xz_overlay,phase0,B0_A0_U4_P0_T1,R01,BSDC91,Opti/UWB/output top-view,,B0_A0_U4_P0_T1,full per-track PNG
runs/phase0_baseline/20260604T161756Z/figs/full/B0_A0_U4_P0_T1/B0_A0_U4_P0_T1__R02__BS2DCE__xz.png,trajectory_xz_overlay,phase0,B0_A0_U4_P0_T1,R02,BS2DCE,Opti/UWB/output top-view,,B0_A0_U4_P0_T1,full per-track PNG
runs/phase0_baseline/20260604T161756Z/figs/full/B0_A0_U4_P0_T1/B0_A0_U4_P0_T1__R02__BSDC91__xz.png,trajectory_xz_overlay,phase0,B0_A0_U4_P0_T1,R02,BSDC91,Opti/UWB/output top-view,,B0_A0_U4_P0_T1,full per-track PNG
runs/phase0_baseline/20260604T161756Z/figs/full/B0_A0_U4_P0_T1/B0_A0_U4_P0_T1__R03__BS2DCE__xz.png,trajectory_xz_overlay,phase0,B0_A0_U4_P0_T1,R03,BS2DCE,Opti/UWB/output top-view,,B0_A0_U4_P0_T1,full per-track PNG
runs/phase0_baseline/20260604T161756Z/figs/full/B0_A0_U4_P0_T1/B0_A0_U4_P0_T1__R03__BSDC91__xz.png,trajectory_xz_overlay,phase0,B0_A0_U4_P0_T1,R03,BSDC91,Opti/UWB/output top-view,,B0_A0_U4_P0_T1,full per-track PNG
runs/phase0_baseline/20260604T161756Z/figs/full/B0_A0_U4_P0_T1/B0_A0_U4_P0_T1__R04__BS2DCE__xz.png,trajectory_xz_overlay,phase0,B0_A0_U4_P0_T1,R04,BS2DCE,Opti/UWB/output top-view,,B0_A0_U4_P0_T1,full per-track PNG
runs/phase0_baseline/20260604T161756Z/figs/full/B0_A0_U4_P0_T1/B0_A0_U4_P0_T1__R04__BSDC91__xz.png,trajectory_xz_overlay,phase0,B0_A0_U4_P0_T1,R04,BSDC91,Opti/UWB/output top-view,,B0_A0_U4_P0_T1,full per-track PNG
runs/phase0_baseline/20260604T161756Z/figs/full/B0_A0_U4_P0_T1/B0_A0_U4_P0_T1__R05__BS2DCE__xz.png,trajectory_xz_overlay,phase0,B0_A0_U4_P0_T1,R05,BS2DCE,Opti/UWB/output top-view,,B0_A0_U4_P0_T1,full per-track PNG
runs/phase0_baseline/20260604T161756Z/figs/full/B0_A0_U4_P0_T1/B0_A0_U4_P0_T1__R05__BSDC91__xz.png,trajectory_xz_overlay,phase0,B0_A0_U4_P0_T1,R05,BSDC91,Opti/UWB/output top-view,,B0_A0_U4_P0_T1,full per-track PNG
runs/phase0_baseline/20260604T161756Z/figs/full/B0_A0_U4_P0_T1/B0_A0_U4_P0_T1__R06__BS2DCE__xz.png,trajectory_xz_overlay,phase0,B0_A0_U4_P0_T1,R06,BS2DCE,Opti/UWB/output top-view,,B0_A0_U4_P0_T1,full per-track PNG
runs/phase0_baseline/20260604T161756Z/figs/full/B0_A0_U4_P0_T1/B0_A0_U4_P0_T1__R06__BSDC91__xz.png,trajectory_xz_overlay,phase0,B0_A0_U4_P0_T1,R06,BSDC91,Opti/UWB/output top-view,,B0_A0_U4_P0_T1,full per-track PNG
runs/phase0_baseline/20260604T161756Z/figs/full/B0_A0_U4_P0_T1/B0_A0_U4_P0_T1__R07__BS2DCE__xz.png,trajectory_xz_overlay,phase0,B0_A0_U4_P0_T1,R07,BS2DCE,Opti/UWB/output top-view,,B0_A0_U4_P0_T1,full per-track PNG
runs/phase0_baseline/20260604T161756Z/figs/full/B0_A0_U4_P0_T1/B0_A0_U4_P0_T1__R07__BSDC91__xz.png,trajectory_xz_overlay,phase0,B0_A0_U4_P0_T1,R07,BSDC91,Opti/UWB/output top-view,,B0_A0_U4_P0_T1,full per-track PNG
runs/phase0_baseline/20260604T161756Z/figs/full/B0_A0_U4_P0_T1/B0_A0_U4_P0_T1__R08__BS2DCE__xz.png,trajectory_xz_overlay,phase0,B0_A0_U4_P0_T1,R08,BS2DCE,Opti/UWB/output top-view,,B0_A0_U4_P0_T1,full per-track PNG
runs/phase0_baseline/20260604T161756Z/figs/full/B0_A0_U4_P0_T1/B0_A0_U4_P0_T1__R08__BSDC91__xz.png,trajectory_xz_overlay,phase0,B0_A0_U4_P0_T1,R08,BSDC91,Opti/UWB/output top-view,,B0_A0_U4_P0_T1,full per-track PNG
runs/phase0_baseline/20260604T161756Z/figs/full/B0_A0_U4_P0_T1/B0_A0_U4_P0_T1__R09__BS2DCE__xz.png,trajectory_xz_overlay,phase0,B0_A0_U4_P0_T1,R09,BS2DCE,Opti/UWB/output top-view,,B0_A0_U4_P0_T1,full per-track PNG
runs/phase0_baseline/20260604T161756Z/figs/full/B0_A0_U4_P0_T1/B0_A0_U4_P0_T1__R09__BSDC91__xz.png,trajectory_xz_overlay,phase0,B0_A0_U4_P0_T1,R09,BSDC91,Opti/UWB/output top-view,,B0_A0_U4_P0_T1,full per-track PNG
runs/phase0_baseline/20260604T161756Z/figs/full/B0_A0_U4_P0_T1/B0_A0_U4_P0_T1__R10__BS2DCE__xz.png,trajectory_xz_overlay,phase0,B0_A0_U4_P0_T1,R10,BS2DCE,Opti/UWB/output top-view,,B0_A0_U4_P0_T1,full per-track PNG
runs/phase0_baseline/20260604T161756Z/figs/full/B0_A0_U4_P0_T1/B0_A0_U4_P0_T1__R10__BSDC91__xz.png,trajectory_xz_overlay,phase0,B0_A0_U4_P0_T1,R10,BSDC91,Opti/UWB/output top-view,,B0_A0_U4_P0_T1,full per-track PNG
runs/phase0_baseline/20260604T161756Z/figs/full/B0_A0_U4_P0_T1/B0_A0_U4_P0_T1__R11__BS2DCE__xz.png,trajectory_xz_overlay,phase0,B0_A0_U4_P0_T1,R11,BS2DCE,Opti/UWB/output top-view,,B0_A0_U4_P0_T1,full per-track PNG
runs/phase0_baseline/20260604T161756Z/figs/full/B0_A0_U4_P0_T1/B0_A0_U4_P0_T1__R11__BSDC91__xz.png,trajectory_xz_overlay,phase0,B0_A0_U4_P0_T1,R11,BSDC91,Opti/UWB/output top-view,,B0_A0_U4_P0_T1,full per-track PNG
runs/phase0_baseline/20260604T161756Z/figs/full/B0_A0_U4_P0_T1/B0_A0_U4_P0_T1__R12__BS2DCE__xz.png,trajectory_xz_overlay,phase0,B0_A0_U4_P0_T1,R12,BS2DCE,Opti/UWB/output top-view,,B0_A0_U4_P0_T1,full per-track PNG
runs/phase0_baseline/20260604T161756Z/figs/full/B0_A0_U4_P0_T1/B0_A0_U4_P0_T1__R12__BSDC91__xz.png,trajectory_xz_overlay,phase0,B0_A0_U4_P0_T1,R12,BSDC91,Opti/UWB/output top-view,,B0_A0_U4_P0_T1,full per-track PNG
runs/phase0_baseline/20260604T161756Z/figs/full/B0_A0_U4_P0_T1/B0_A0_U4_P0_T1__R13__BS2DCE__xz.png,trajectory_xz_overlay,phase0,B0_A0_U4_P0_T1,R13,BS2DCE,Opti/UWB/output top-view,,B0_A0_U4_P0_T1,full per-track PNG
runs/phase0_baseline/20260604T161756Z/figs/full/B0_A0_U4_P0_T1/B0_A0_U4_P0_T1__R13__BSDC91__xz.png,trajectory_xz_overlay,phase0,B0_A0_U4_P0_T1,R13,BSDC91,Opti/UWB/output top-view,,B0_A0_U4_P0_T1,full per-track PNG
runs/phase0_baseline/20260604T161756Z/figs/full/B0_A0_U4_P0_T1/B0_A0_U4_P0_T1__R14__BS2DCE__xz.png,trajectory_xz_overlay,phase0,B0_A0_U4_P0_T1,R14,BS2DCE,Opti/UWB/output top-view,,B0_A0_U4_P0_T1,full per-track PNG
runs/phase0_baseline/20260604T161756Z/figs/full/B0_A0_U4_P0_T1/B0_A0_U4_P0_T1__R14__BSDC91__xz.png,trajectory_xz_overlay,phase0,B0_A0_U4_P0_T1,R14,BSDC91,Opti/UWB/output top-view,,B0_A0_U4_P0_T1,full per-track PNG
runs/phase0_baseline/20260604T161756Z/figs/full/B0_A0_U4_P0_T1/B0_A0_U4_P0_T1__R15__BS2DCE__xz.png,trajectory_xz_overlay,phase0,B0_A0_U4_P0_T1,R15,BS2DCE,Opti/UWB/output top-view,,B0_A0_U4_P0_T1,full per-track PNG
runs/phase0_baseline/20260604T161756Z/figs/full/B0_A0_U4_P0_T1/B0_A0_U4_P0_T1__R15__BSDC91__xz.png,trajectory_xz_overlay,phase0,B0_A0_U4_P0_T1,R15,BSDC91,Opti/UWB/output top-view,,B0_A0_U4_P0_T1,full per-track PNG
runs/phase0_baseline/20260604T161756Z/figs/full/B0_A0_U4_P0_T1/B0_A0_U4_P0_T1__R16__BS2DCE__xz.png,trajectory_xz_overlay,phase0,B0_A0_U4_P0_T1,R16,BS2DCE,Opti/UWB/output top-view,,B0_A0_U4_P0_T1,full per-track PNG
runs/phase0_baseline/20260604T161756Z/figs/full/B0_A0_U4_P0_T1/B0_A0_U4_P0_T1__R16__BSDC91__xz.png,trajectory_xz_overlay,phase0,B0_A0_U4_P0_T1,R16,BSDC91,Opti/UWB/output top-view,,B0_A0_U4_P0_T1,full per-track PNG
runs/phase0_baseline/20260604T161756Z/figs/full/B0_A0_U4_P0_T1/B0_A0_U4_P0_T1__R17__BS2DCE__xz.png,trajectory_xz_overlay,phase0,B0_A0_U4_P0_T1,R17,BS2DCE,Opti/UWB/output top-view,,B0_A0_U4_P0_T1,full per-track PNG
runs/phase0_baseline/20260604T161756Z/figs/full/B0_A0_U4_P0_T1/B0_A0_U4_P0_T1__R17__BSDC91__xz.png,trajectory_xz_overlay,phase0,B0_A0_U4_P0_T1,R17,BSDC91,Opti/UWB/output top-view,,B0_A0_U4_P0_T1,full per-track PNG
runs/phase0_baseline/20260604T161756Z/figs/full/B1_A1_U4_P0_T1/B1_A1_U4_P0_T1__R01__BS2DCE__xz.png,trajectory_xz_overlay,phase0,B1_A1_U4_P0_T1,R01,BS2DCE,Opti/UWB/output top-view,B0,B1_A1_U4_P0_T1,full per-track PNG
runs/phase0_baseline/20260604T161756Z/figs/full/B1_A1_U4_P0_T1/B1_A1_U4_P0_T1__R01__BSDC91__xz.png,trajectory_xz_overlay,phase0,B1_A1_U4_P0_T1,R01,BSDC91,Opti/UWB/output top-view,B0,B1_A1_U4_P0_T1,full per-track PNG
runs/phase0_baseline/20260604T161756Z/figs/full/B1_A1_U4_P0_T1/B1_A1_U4_P0_T1__R02__BS2DCE__xz.png,trajectory_xz_overlay,phase0,B1_A1_U4_P0_T1,R02,BS2DCE,Opti/UWB/output top-view,B0,B1_A1_U4_P0_T1,full per-track PNG
runs/phase0_baseline/20260604T161756Z/figs/full/B1_A1_U4_P0_T1/B1_A1_U4_P0_T1__R02__BSDC91__xz.png,trajectory_xz_overlay,phase0,B1_A1_U4_P0_T1,R02,BSDC91,Opti/UWB/output top-view,B0,B1_A1_U4_P0_T1,full per-track PNG
runs/phase0_baseline/20260604T161756Z/figs/full/B1_A1_U4_P0_T1/B1_A1_U4_P0_T1__R03__BS2DCE__xz.png,trajectory_xz_overlay,phase0,B1_A1_U4_P0_T1,R03,BS2DCE,Opti/UWB/output top-view,B0,B1_A1_U4_P0_T1,full per-track PNG
runs/phase0_baseline/20260604T161756Z/figs/full/B1_A1_U4_P0_T1/B1_A1_U4_P0_T1__R03__BSDC91__xz.png,trajectory_xz_overlay,phase0,B1_A1_U4_P0_T1,R03,BSDC91,Opti/UWB/output top-view,B0,B1_A1_U4_P0_T1,full per-track PNG
runs/phase0_baseline/20260604T161756Z/figs/full/B1_A1_U4_P0_T1/B1_A1_U4_P0_T1__R04__BS2DCE__xz.png,trajectory_xz_overlay,phase0,B1_A1_U4_P0_T1,R04,BS2DCE,Opti/UWB/output top-view,B0,B1_A1_U4_P0_T1,full per-track PNG
runs/phase0_baseline/20260604T161756Z/figs/full/B1_A1_U4_P0_T1/B1_A1_U4_P0_T1__R04__BSDC91__xz.png,trajectory_xz_overlay,phase0,B1_A1_U4_P0_T1,R04,BSDC91,Opti/UWB/output top-view,B0,B1_A1_U4_P0_T1,full per-track PNG
runs/phase0_baseline/20260604T161756Z/figs/full/B1_A1_U4_P0_T1/B1_A1_U4_P0_T1__R05__BS2DCE__xz.png,trajectory_xz_overlay,phase0,B1_A1_U4_P0_T1,R05,BS2DCE,Opti/UWB/output top-view,B0,B1_A1_U4_P0_T1,full per-track PNG
runs/phase0_baseline/20260604T161756Z/figs/full/B1_A1_U4_P0_T1/B1_A1_U4_P0_T1__R05__BSDC91__xz.png,trajectory_xz_overlay,phase0,B1_A1_U4_P0_T1,R05,BSDC91,Opti/UWB/output top-view,B0,B1_A1_U4_P0_T1,full per-track PNG
runs/phase0_baseline/20260604T161756Z/figs/full/B1_A1_U4_P0_T1/B1_A1_U4_P0_T1__R06__BS2DCE__xz.png,trajectory_xz_overlay,phase0,B1_A1_U4_P0_T1,R06,BS2DCE,Opti/UWB/output top-view,B0,B1_A1_U4_P0_T1,full per-track PNG
runs/phase0_baseline/20260604T161756Z/figs/full/B1_A1_U4_P0_T1/B1_A1_U4_P0_T1__R06__BSDC91__xz.png,trajectory_xz_overlay,phase0,B1_A1_U4_P0_T1,R06,BSDC91,Opti/UWB/output top-view,B0,B1_A1_U4_P0_T1,full per-track PNG
runs/phase0_baseline/20260604T161756Z/figs/full/B1_A1_U4_P0_T1/B1_A1_U4_P0_T1__R07__BS2DCE__xz.png,trajectory_xz_overlay,phase0,B1_A1_U4_P0_T1,R07,BS2DCE,Opti/UWB/output top-view,B0,B1_A1_U4_P0_T1,full per-track PNG
runs/phase0_baseline/20260604T161756Z/figs/full/B1_A1_U4_P0_T1/B1_A1_U4_P0_T1__R07__BSDC91__xz.png,trajectory_xz_overlay,phase0,B1_A1_U4_P0_T1,R07,BSDC91,Opti/UWB/output top-view,B0,B1_A1_U4_P0_T1,full per-track PNG
runs/phase0_baseline/20260604T161756Z/figs/full/B1_A1_U4_P0_T1/B1_A1_U4_P0_T1__R08__BS2DCE__xz.png,trajectory_xz_overlay,phase0,B1_A1_U4_P0_T1,R08,BS2DCE,Opti/UWB/output top-view,B0,B1_A1_U4_P0_T1,full per-track PNG
runs/phase0_baseline/20260604T161756Z/figs/full/B1_A1_U4_P0_T1/B1_A1_U4_P0_T1__R08__BSDC91__xz.png,trajectory_xz_overlay,phase0,B1_A1_U4_P0_T1,R08,BSDC91,Opti/UWB/output top-view,B0,B1_A1_U4_P0_T1,full per-track PNG
runs/phase0_baseline/20260604T161756Z/figs/full/B1_A1_U4_P0_T1/B1_A1_U4_P0_T1__R09__BS2DCE__xz.png,trajectory_xz_overlay,phase0,B1_A1_U4_P0_T1,R09,BS2DCE,Opti/UWB/output top-view,B0,B1_A1_U4_P0_T1,full per-track PNG
runs/phase0_baseline/20260604T161756Z/figs/full/B1_A1_U4_P0_T1/B1_A1_U4_P0_T1__R09__BSDC91__xz.png,trajectory_xz_overlay,phase0,B1_A1_U4_P0_T1,R09,BSDC91,Opti/UWB/output top-view,B0,B1_A1_U4_P0_T1,full per-track PNG
runs/phase0_baseline/20260604T161756Z/figs/full/B1_A1_U4_P0_T1/B1_A1_U4_P0_T1__R10__BS2DCE__xz.png,trajectory_xz_overlay,phase0,B1_A1_U4_P0_T1,R10,BS2DCE,Opti/UWB/output top-view,B0,B1_A1_U4_P0_T1,full per-track PNG
runs/phase0_baseline/20260604T161756Z/figs/full/B1_A1_U4_P0_T1/B1_A1_U4_P0_T1__R10__BSDC91__xz.png,trajectory_xz_overlay,phase0,B1_A1_U4_P0_T1,R10,BSDC91,Opti/UWB/output top-view,B0,B1_A1_U4_P0_T1,full per-track PNG
runs/phase0_baseline/20260604T161756Z/figs/full/B1_A1_U4_P0_T1/B1_A1_U4_P0_T1__R11__BS2DCE__xz.png,trajectory_xz_overlay,phase0,B1_A1_U4_P0_T1,R11,BS2DCE,Opti/UWB/output top-view,B0,B1_A1_U4_P0_T1,full per-track PNG
runs/phase0_baseline/20260604T161756Z/figs/full/B1_A1_U4_P0_T1/B1_A1_U4_P0_T1__R11__BSDC91__xz.png,trajectory_xz_overlay,phase0,B1_A1_U4_P0_T1,R11,BSDC91,Opti/UWB/output top-view,B0,B1_A1_U4_P0_T1,full per-track PNG
runs/phase0_baseline/20260604T161756Z/figs/full/B1_A1_U4_P0_T1/B1_A1_U4_P0_T1__R12__BS2DCE__xz.png,trajectory_xz_overlay,phase0,B1_A1_U4_P0_T1,R12,BS2DCE,Opti/UWB/output top-view,B0,B1_A1_U4_P0_T1,full per-track PNG
runs/phase0_baseline/20260604T161756Z/figs/full/B1_A1_U4_P0_T1/B1_A1_U4_P0_T1__R12__BSDC91__xz.png,trajectory_xz_overlay,phase0,B1_A1_U4_P0_T1,R12,BSDC91,Opti/UWB/output top-view,B0,B1_A1_U4_P0_T1,full per-track PNG
runs/phase0_baseline/20260604T161756Z/figs/full/B1_A1_U4_P0_T1/B1_A1_U4_P0_T1__R13__BS2DCE__xz.png,trajectory_xz_overlay,phase0,B1_A1_U4_P0_T1,R13,BS2DCE,Opti/UWB/output top-view,B0,B1_A1_U4_P0_T1,full per-track PNG
runs/phase0_baseline/20260604T161756Z/figs/full/B1_A1_U4_P0_T1/B1_A1_U4_P0_T1__R13__BSDC91__xz.png,trajectory_xz_overlay,phase0,B1_A1_U4_P0_T1,R13,BSDC91,Opti/UWB/output top-view,B0,B1_A1_U4_P0_T1,full per-track PNG
runs/phase0_baseline/20260604T161756Z/figs/full/B1_A1_U4_P0_T1/B1_A1_U4_P0_T1__R14__BS2DCE__xz.png,trajectory_xz_overlay,phase0,B1_A1_U4_P0_T1,R14,BS2DCE,Opti/UWB/output top-view,B0,B1_A1_U4_P0_T1,full per-track PNG
runs/phase0_baseline/20260604T161756Z/figs/full/B1_A1_U4_P0_T1/B1_A1_U4_P0_T1__R14__BSDC91__xz.png,trajectory_xz_overlay,phase0,B1_A1_U4_P0_T1,R14,BSDC91,Opti/UWB/output top-view,B0,B1_A1_U4_P0_T1,full per-track PNG
runs/phase0_baseline/20260604T161756Z/figs/full/B1_A1_U4_P0_T1/B1_A1_U4_P0_T1__R15__BS2DCE__xz.png,trajectory_xz_overlay,phase0,B1_A1_U4_P0_T1,R15,BS2DCE,Opti/UWB/output top-view,B0,B1_A1_U4_P0_T1,full per-track PNG
runs/phase0_baseline/20260604T161756Z/figs/full/B1_A1_U4_P0_T1/B1_A1_U4_P0_T1__R15__BSDC91__xz.png,trajectory_xz_overlay,phase0,B1_A1_U4_P0_T1,R15,BSDC91,Opti/UWB/output top-view,B0,B1_A1_U4_P0_T1,full per-track PNG
runs/phase0_baseline/20260604T161756Z/figs/full/B1_A1_U4_P0_T1/B1_A1_U4_P0_T1__R16__BS2DCE__xz.png,trajectory_xz_overlay,phase0,B1_A1_U4_P0_T1,R16,BS2DCE,Opti/UWB/output top-view,B0,B1_A1_U4_P0_T1,full per-track PNG
runs/phase0_baseline/20260604T161756Z/figs/full/B1_A1_U4_P0_T1/B1_A1_U4_P0_T1__R16__BSDC91__xz.png,trajectory_xz_overlay,phase0,B1_A1_U4_P0_T1,R16,BSDC91,Opti/UWB/output top-view,B0,B1_A1_U4_P0_T1,full per-track PNG
runs/phase0_baseline/20260604T161756Z/figs/full/B1_A1_U4_P0_T1/B1_A1_U4_P0_T1__R17__BS2DCE__xz.png,trajectory_xz_overlay,phase0,B1_A1_U4_P0_T1,R17,BS2DCE,Opti/UWB/output top-view,B0,B1_A1_U4_P0_T1,full per-track PNG
runs/phase0_baseline/20260604T161756Z/figs/full/B1_A1_U4_P0_T1/B1_A1_U4_P0_T1__R17__BSDC91__xz.png,trajectory_xz_overlay,phase0,B1_A1_U4_P0_T1,R17,BSDC91,Opti/UWB/output top-view,B0,B1_A1_U4_P0_T1,full per-track PNG
runs/phase0_baseline/20260604T161756Z/figs/full/B2_A2_U4_P0_T1/B2_A2_U4_P0_T1__R01__BS2DCE__xz.png,trajectory_xz_overlay,phase0,B2_A2_U4_P0_T1,R01,BS2DCE,Opti/UWB/output top-view,B0,B2_A2_U4_P0_T1,full per-track PNG
runs/phase0_baseline/20260604T161756Z/figs/full/B2_A2_U4_P0_T1/B2_A2_U4_P0_T1__R01__BSDC91__xz.png,trajectory_xz_overlay,phase0,B2_A2_U4_P0_T1,R01,BSDC91,Opti/UWB/output top-view,B0,B2_A2_U4_P0_T1,full per-track PNG
runs/phase0_baseline/20260604T161756Z/figs/full/B2_A2_U4_P0_T1/B2_A2_U4_P0_T1__R02__BS2DCE__xz.png,trajectory_xz_overlay,phase0,B2_A2_U4_P0_T1,R02,BS2DCE,Opti/UWB/output top-view,B0,B2_A2_U4_P0_T1,full per-track PNG
runs/phase0_baseline/20260604T161756Z/figs/full/B2_A2_U4_P0_T1/B2_A2_U4_P0_T1__R02__BSDC91__xz.png,trajectory_xz_overlay,phase0,B2_A2_U4_P0_T1,R02,BSDC91,Opti/UWB/output top-view,B0,B2_A2_U4_P0_T1,full per-track PNG
runs/phase0_baseline/20260604T161756Z/figs/full/B2_A2_U4_P0_T1/B2_A2_U4_P0_T1__R03__BS2DCE__xz.png,trajectory_xz_overlay,phase0,B2_A2_U4_P0_T1,R03,BS2DCE,Opti/UWB/output top-view,B0,B2_A2_U4_P0_T1,full per-track PNG
runs/phase0_baseline/20260604T161756Z/figs/full/B2_A2_U4_P0_T1/B2_A2_U4_P0_T1__R03__BSDC91__xz.png,trajectory_xz_overlay,phase0,B2_A2_U4_P0_T1,R03,BSDC91,Opti/UWB/output top-view,B0,B2_A2_U4_P0_T1,full per-track PNG
runs/phase0_baseline/20260604T161756Z/figs/full/B2_A2_U4_P0_T1/B2_A2_U4_P0_T1__R04__BS2DCE__xz.png,trajectory_xz_overlay,phase0,B2_A2_U4_P0_T1,R04,BS2DCE,Opti/UWB/output top-view,B0,B2_A2_U4_P0_T1,full per-track PNG
runs/phase0_baseline/20260604T161756Z/figs/full/B2_A2_U4_P0_T1/B2_A2_U4_P0_T1__R04__BSDC91__xz.png,trajectory_xz_overlay,phase0,B2_A2_U4_P0_T1,R04,BSDC91,Opti/UWB/output top-view,B0,B2_A2_U4_P0_T1,full per-track PNG
runs/phase0_baseline/20260604T161756Z/figs/full/B2_A2_U4_P0_T1/B2_A2_U4_P0_T1__R05__BS2DCE__xz.png,trajectory_xz_overlay,phase0,B2_A2_U4_P0_T1,R05,BS2DCE,Opti/UWB/output top-view,B0,B2_A2_U4_P0_T1,full per-track PNG
runs/phase0_baseline/20260604T161756Z/figs/full/B2_A2_U4_P0_T1/B2_A2_U4_P0_T1__R05__BSDC91__xz.png,trajectory_xz_overlay,phase0,B2_A2_U4_P0_T1,R05,BSDC91,Opti/UWB/output top-view,B0,B2_A2_U4_P0_T1,full per-track PNG
runs/phase0_baseline/20260604T161756Z/figs/full/B2_A2_U4_P0_T1/B2_A2_U4_P0_T1__R06__BS2DCE__xz.png,trajectory_xz_overlay,phase0,B2_A2_U4_P0_T1,R06,BS2DCE,Opti/UWB/output top-view,B0,B2_A2_U4_P0_T1,full per-track PNG
runs/phase0_baseline/20260604T161756Z/figs/full/B2_A2_U4_P0_T1/B2_A2_U4_P0_T1__R06__BSDC91__xz.png,trajectory_xz_overlay,phase0,B2_A2_U4_P0_T1,R06,BSDC91,Opti/UWB/output top-view,B0,B2_A2_U4_P0_T1,full per-track PNG
runs/phase0_baseline/20260604T161756Z/figs/full/B2_A2_U4_P0_T1/B2_A2_U4_P0_T1__R07__BS2DCE__xz.png,trajectory_xz_overlay,phase0,B2_A2_U4_P0_T1,R07,BS2DCE,Opti/UWB/output top-view,B0,B2_A2_U4_P0_T1,full per-track PNG
runs/phase0_baseline/20260604T161756Z/figs/full/B2_A2_U4_P0_T1/B2_A2_U4_P0_T1__R07__BSDC91__xz.png,trajectory_xz_overlay,phase0,B2_A2_U4_P0_T1,R07,BSDC91,Opti/UWB/output top-view,B0,B2_A2_U4_P0_T1,full per-track PNG
runs/phase0_baseline/20260604T161756Z/figs/full/B2_A2_U4_P0_T1/B2_A2_U4_P0_T1__R08__BS2DCE__xz.png,trajectory_xz_overlay,phase0,B2_A2_U4_P0_T1,R08,BS2DCE,Opti/UWB/output top-view,B0,B2_A2_U4_P0_T1,full per-track PNG
runs/phase0_baseline/20260604T161756Z/figs/full/B2_A2_U4_P0_T1/B2_A2_U4_P0_T1__R08__BSDC91__xz.png,trajectory_xz_overlay,phase0,B2_A2_U4_P0_T1,R08,BSDC91,Opti/UWB/output top-view,B0,B2_A2_U4_P0_T1,full per-track PNG
runs/phase0_baseline/20260604T161756Z/figs/full/B2_A2_U4_P0_T1/B2_A2_U4_P0_T1__R09__BS2DCE__xz.png,trajectory_xz_overlay,phase0,B2_A2_U4_P0_T1,R09,BS2DCE,Opti/UWB/output top-view,B0,B2_A2_U4_P0_T1,full per-track PNG
runs/phase0_baseline/20260604T161756Z/figs/full/B2_A2_U4_P0_T1/B2_A2_U4_P0_T1__R09__BSDC91__xz.png,trajectory_xz_overlay,phase0,B2_A2_U4_P0_T1,R09,BSDC91,Opti/UWB/output top-view,B0,B2_A2_U4_P0_T1,full per-track PNG
runs/phase0_baseline/20260604T161756Z/figs/full/B2_A2_U4_P0_T1/B2_A2_U4_P0_T1__R10__BS2DCE__xz.png,trajectory_xz_overlay,phase0,B2_A2_U4_P0_T1,R10,BS2DCE,Opti/UWB/output top-view,B0,B2_A2_U4_P0_T1,full per-track PNG
runs/phase0_baseline/20260604T161756Z/figs/full/B2_A2_U4_P0_T1/B2_A2_U4_P0_T1__R10__BSDC91__xz.png,trajectory_xz_overlay,phase0,B2_A2_U4_P0_T1,R10,BSDC91,Opti/UWB/output top-view,B0,B2_A2_U4_P0_T1,full per-track PNG
runs/phase0_baseline/20260604T161756Z/figs/full/B2_A2_U4_P0_T1/B2_A2_U4_P0_T1__R11__BS2DCE__xz.png,trajectory_xz_overlay,phase0,B2_A2_U4_P0_T1,R11,BS2DCE,Opti/UWB/output top-view,B0,B2_A2_U4_P0_T1,full per-track PNG
runs/phase0_baseline/20260604T161756Z/figs/full/B2_A2_U4_P0_T1/B2_A2_U4_P0_T1__R11__BSDC91__xz.png,trajectory_xz_overlay,phase0,B2_A2_U4_P0_T1,R11,BSDC91,Opti/UWB/output top-view,B0,B2_A2_U4_P0_T1,full per-track PNG
runs/phase0_baseline/20260604T161756Z/figs/full/B2_A2_U4_P0_T1/B2_A2_U4_P0_T1__R12__BS2DCE__xz.png,trajectory_xz_overlay,phase0,B2_A2_U4_P0_T1,R12,BS2DCE,Opti/UWB/output top-view,B0,B2_A2_U4_P0_T1,full per-track PNG
runs/phase0_baseline/20260604T161756Z/figs/full/B2_A2_U4_P0_T1/B2_A2_U4_P0_T1__R12__BSDC91__xz.png,trajectory_xz_overlay,phase0,B2_A2_U4_P0_T1,R12,BSDC91,Opti/UWB/output top-view,B0,B2_A2_U4_P0_T1,full per-track PNG
runs/phase0_baseline/20260604T161756Z/figs/full/B2_A2_U4_P0_T1/B2_A2_U4_P0_T1__R13__BS2DCE__xz.png,trajectory_xz_overlay,phase0,B2_A2_U4_P0_T1,R13,BS2DCE,Opti/UWB/output top-view,B0,B2_A2_U4_P0_T1,full per-track PNG
runs/phase0_baseline/20260604T161756Z/figs/full/B2_A2_U4_P0_T1/B2_A2_U4_P0_T1__R13__BSDC91__xz.png,trajectory_xz_overlay,phase0,B2_A2_U4_P0_T1,R13,BSDC91,Opti/UWB/output top-view,B0,B2_A2_U4_P0_T1,full per-track PNG
runs/phase0_baseline/20260604T161756Z/figs/full/B2_A2_U4_P0_T1/B2_A2_U4_P0_T1__R14__BS2DCE__xz.png,trajectory_xz_overlay,phase0,B2_A2_U4_P0_T1,R14,BS2DCE,Opti/UWB/output top-view,B0,B2_A2_U4_P0_T1,full per-track PNG
runs/phase0_baseline/20260604T161756Z/figs/full/B2_A2_U4_P0_T1/B2_A2_U4_P0_T1__R14__BSDC91__xz.png,trajectory_xz_overlay,phase0,B2_A2_U4_P0_T1,R14,BSDC91,Opti/UWB/output top-view,B0,B2_A2_U4_P0_T1,full per-track PNG
runs/phase0_baseline/20260604T161756Z/figs/full/B2_A2_U4_P0_T1/B2_A2_U4_P0_T1__R15__BS2DCE__xz.png,trajectory_xz_overlay,phase0,B2_A2_U4_P0_T1,R15,BS2DCE,Opti/UWB/output top-view,B0,B2_A2_U4_P0_T1,full per-track PNG
runs/phase0_baseline/20260604T161756Z/figs/full/B2_A2_U4_P0_T1/B2_A2_U4_P0_T1__R15__BSDC91__xz.png,trajectory_xz_overlay,phase0,B2_A2_U4_P0_T1,R15,BSDC91,Opti/UWB/output top-view,B0,B2_A2_U4_P0_T1,full per-track PNG
runs/phase0_baseline/20260604T161756Z/figs/full/B2_A2_U4_P0_T1/B2_A2_U4_P0_T1__R16__BS2DCE__xz.png,trajectory_xz_overlay,phase0,B2_A2_U4_P0_T1,R16,BS2DCE,Opti/UWB/output top-view,B0,B2_A2_U4_P0_T1,full per-track PNG
runs/phase0_baseline/20260604T161756Z/figs/full/B2_A2_U4_P0_T1/B2_A2_U4_P0_T1__R16__BSDC91__xz.png,trajectory_xz_overlay,phase0,B2_A2_U4_P0_T1,R16,BSDC91,Opti/UWB/output top-view,B0,B2_A2_U4_P0_T1,full per-track PNG
runs/phase0_baseline/20260604T161756Z/figs/full/B2_A2_U4_P0_T1/B2_A2_U4_P0_T1__R17__BS2DCE__xz.png,trajectory_xz_overlay,phase0,B2_A2_U4_P0_T1,R17,BS2DCE,Opti/UWB/output top-view,B0,B2_A2_U4_P0_T1,full per-track PNG
runs/phase0_baseline/20260604T161756Z/figs/full/B2_A2_U4_P0_T1/B2_A2_U4_P0_T1__R17__BSDC91__xz.png,trajectory_xz_overlay,phase0,B2_A2_U4_P0_T1,R17,BSDC91,Opti/UWB/output top-view,B0,B2_A2_U4_P0_T1,full per-track PNG
runs/phase0_baseline/20260604T161756Z/figs/contact_sheets/B0_A0_U4_P0_T1__contact_sheet.png,contact_sheet_xz,phase0,B0_A0_U4_P0_T1,R01-R17,both,contact sheet,,B0_A0_U4_P0_T1,all official dynamic ROTO tracks
runs/phase0_baseline/20260604T161756Z/figs/contact_sheets/B1_A1_U4_P0_T1__contact_sheet.png,contact_sheet_xz,phase0,B1_A1_U4_P0_T1,R01-R17,both,contact sheet,B0,B1_A1_U4_P0_T1,all official dynamic ROTO tracks
runs/phase0_baseline/20260604T161756Z/figs/contact_sheets/B2_A2_U4_P0_T1__contact_sheet.png,contact_sheet_xz,phase0,B2_A2_U4_P0_T1,R01-R17,both,contact sheet,B0,B2_A2_U4_P0_T1,all official dynamic ROTO tracks
